ISBN,Title,Author,Year,Publisher,Genre,Description,Language,Keywords,Image_URL
0195153448,Classical Mythology,Mark P. O. Morford,2002,Oxford University Press,Fantasy,"Bibliographic summary: “Classical Mythology” is classified as Fantasy and was written by Mark P. O. Morford. It was published by Oxford University Press in 2002. Search and recommendation terms derived from the available metadata include: classical, mythology, morford, fantasy.",English,"classical, mythology, morford, fantasy",http://images.amazon.com/images/P/0195153448.01.MZZZZZZZ.jpg
0002005018,Clara Callan,Richard Bruce Wright,2001,HarperFlamingo Canada,General Fiction,"Bibliographic summary: “Clara Callan” is classified as General Fiction and was written by Richard Bruce Wright. It was published by HarperFlamingo Canada in 2001. Search and recommendation terms derived from the available metadata include: clara, callan, wright, general, fiction.",English,"clara, callan, wright, general, fiction",http://images.amazon.com/images/P/0002005018.01.MZZZZZZZ.jpg
0060973129,Decision in Normandy,Carlo D'Este,1991,HarperPerennial,General Fiction,"Bibliographic summary: “Decision in Normandy” is classified as General Fiction and was written by Carlo D'Este. It was published by HarperPerennial in 1991. Search and recommendation terms derived from the available metadata include: decision, normandy, d'este, general, fiction.",English,"decision, normandy, d'este, general, fiction",http://images.amazon.com/images/P/0060973129.01.MZZZZZZZ.jpg
0374157065,Flu: The Story of the Great Influenza Pandemic of 1918 and the Search for the Virus That Caused It,Gina Bari Kolata,1999,Farrar Straus Giroux,General Fiction,"Bibliographic summary: “Flu: The Story of the Great Influenza Pandemic of 1918 and the Search for the Virus That Caused It” is classified as General Fiction and was written by Gina Bari Kolata. It was published by Farrar Straus Giroux in 1999. Search and recommendation terms derived from the available metadata include: flu, story, great, influenza, pandemic, 1918, search, virus, caused, kolata.",English,"flu, story, great, influenza, pandemic, 1918, search, virus, caused, kolata",http://images.amazon.com/images/P/0374157065.01.MZZZZZZZ.jpg
0393045218,The Mummies of Urumchi,E. J. W. Barber,1999,W. W. Norton & Company,General Fiction,"Bibliographic summary: “The Mummies of Urumchi” is classified as General Fiction and was written by E. J. W. Barber. It was published by W. W. Norton & Company in 1999. Search and recommendation terms derived from the available metadata include: mummies, urumchi, barber, general, fiction.",English,"mummies, urumchi, barber, general, fiction",http://images.amazon.com/images/P/0393045218.01.MZZZZZZZ.jpg
0399135782,The Kitchen God's Wife,Amy Tan,1991,Putnam Pub Group,Romance,"Bibliographic summary: “The Kitchen God's Wife” is classified as Romance and was written by Amy Tan. It was published by Putnam Pub Group in 1991. Search and recommendation terms derived from the available metadata include: kitchen, god's, wife, tan, romance.",English,"kitchen, god's, wife, tan, romance",http://images.amazon.com/images/P/0399135782.01.MZZZZZZZ.jpg
0425176428,What If?: The World's Foremost Military Historians Imagine What Might Have Been,Robert Cowley,2000,Berkley Publishing Group,General Fiction,"Bibliographic summary: “What If?: The World's Foremost Military Historians Imagine What Might Have Been” is classified as General Fiction and was written by Robert Cowley. It was published by Berkley Publishing Group in 2000. Search and recommendation terms derived from the available metadata include: what, world's, foremost, military, historians, imagine, might, have, cowley, general.",English,"what, world's, foremost, military, historians, imagine, might, have, cowley, general",http://images.amazon.com/images/P/0425176428.01.MZZZZZZZ.jpg
0671870432,PLEADING GUILTY,Scott Turow,1993,Audioworks,General Fiction,"Bibliographic summary: “PLEADING GUILTY” is classified as General Fiction and was written by Scott Turow. It was published by Audioworks in 1993. Search and recommendation terms derived from the available metadata include: pleading, guilty, turow, general, fiction.",English,"pleading, guilty, turow, general, fiction",http://images.amazon.com/images/P/0671870432.01.MZZZZZZZ.jpg
0679425608,Under the Black Flag: The Romance and the Reality of Life Among the Pirates,David Cordingly,1996,Random House,Romance,"Bibliographic summary: “Under the Black Flag: The Romance and the Reality of Life Among the Pirates” is classified as Romance and was written by David Cordingly. It was published by Random House in 1996. Search and recommendation terms derived from the available metadata include: black, flag, romance, reality, life, among, pirates, cordingly.",English,"black, flag, romance, reality, life, among, pirates, cordingly",http://images.amazon.com/images/P/0679425608.01.MZZZZZZZ.jpg
074322678X,Where You'll Find Me: And Other Stories,Ann Beattie,2002,Scribner,General Fiction,"Bibliographic summary: “Where You'll Find Me: And Other Stories” is classified as General Fiction and was written by Ann Beattie. It was published by Scribner in 2002. Search and recommendation terms derived from the available metadata include: where, you'll, find, other, stories, beattie, general, fiction.",English,"where, you'll, find, other, stories, beattie, general, fiction",http://images.amazon.com/images/P/074322678X.01.MZZZZZZZ.jpg
0771074670,Nights Below Station Street,David Adams Richards,1988,Emblem Editions,General Fiction,"Bibliographic summary: “Nights Below Station Street” is classified as General Fiction and was written by David Adams Richards. It was published by Emblem Editions in 1988. Search and recommendation terms derived from the available metadata include: nights, below, station, street, richards, general, fiction.",English,"nights, below, station, street, richards, general, fiction",http://images.amazon.com/images/P/0771074670.01.MZZZZZZZ.jpg
080652121X,Hitler's Secret Bankers: The Myth of Swiss Neutrality During the Holocaust,Adam Lebor,2000,Citadel Press,Fantasy,"Bibliographic summary: “Hitler's Secret Bankers: The Myth of Swiss Neutrality During the Holocaust” is classified as Fantasy and was written by Adam Lebor. It was published by Citadel Press in 2000. Search and recommendation terms derived from the available metadata include: hitler's, secret, bankers, myth, swiss, neutrality, during, holocaust, lebor, fantasy.",English,"hitler's, secret, bankers, myth, swiss, neutrality, during, holocaust, lebor, fantasy",http://images.amazon.com/images/P/080652121X.01.MZZZZZZZ.jpg
0887841740,The Middle Stories,Sheila Heti,2004,House of Anansi Press,General Fiction,"Bibliographic summary: “The Middle Stories” is classified as General Fiction and was written by Sheila Heti. It was published by House of Anansi Press in 2004. Search and recommendation terms derived from the available metadata include: middle, stories, heti, general, fiction.",English,"middle, stories, heti, general, fiction",http://images.amazon.com/images/P/0887841740.01.MZZZZZZZ.jpg
1552041778,Jane Doe,R. J. Kaiser,1999,Mira Books,General Fiction,"Bibliographic summary: “Jane Doe” is classified as General Fiction and was written by R. J. Kaiser. It was published by Mira Books in 1999. Search and recommendation terms derived from the available metadata include: jane, doe, kaiser, general, fiction.",English,"jane, doe, kaiser, general, fiction",http://images.amazon.com/images/P/1552041778.01.MZZZZZZZ.jpg
1558746218,A Second Chicken Soup for the Woman's Soul (Chicken Soup for the Soul Series),Jack Canfield,1998,Health Communications,Religion & Spirituality,"Bibliographic summary: “A Second Chicken Soup for the Woman's Soul (Chicken Soup for the Soul Series)” is classified as Religion & Spirituality and was written by Jack Canfield. It was published by Health Communications in 1998. Search and recommendation terms derived from the available metadata include: second, chicken, soup, woman's, soul, series, canfield, religion, spirituality.",English,"second, chicken, soup, woman's, soul, series, canfield, religion, spirituality",http://images.amazon.com/images/P/1558746218.01.MZZZZZZZ.jpg
1567407781,The Witchfinder (Amos Walker Mystery Series),Loren D. Estleman,1998,Brilliance Audio - Trade,Mystery & Thriller,"Bibliographic summary: “The Witchfinder (Amos Walker Mystery Series)” is classified as Mystery & Thriller and was written by Loren D. Estleman. It was published by Brilliance Audio - Trade in 1998. Search and recommendation terms derived from the available metadata include: witchfinder, amos, walker, mystery, series, estleman, thriller.",English,"witchfinder, amos, walker, mystery, series, estleman, thriller",http://images.amazon.com/images/P/1567407781.01.MZZZZZZZ.jpg
1575663937,More Cunning Than Man: A Social History of Rats and Man,Robert Hendrickson,1999,Kensington Publishing Corp.,History,"Bibliographic summary: “More Cunning Than Man: A Social History of Rats and Man” is classified as History and was written by Robert Hendrickson. It was published by Kensington Publishing Corp. in 1999. Search and recommendation terms derived from the available metadata include: more, cunning, than, man, social, history, rats, hendrickson.",English,"more, cunning, than, man, social, history, rats, hendrickson",http://images.amazon.com/images/P/1575663937.01.MZZZZZZZ.jpg
1881320189,Goodbye to the Buttermilk Sky,Julia Oliver,1994,River City Pub,General Fiction,"Bibliographic summary: “Goodbye to the Buttermilk Sky” is classified as General Fiction and was written by Julia Oliver. It was published by River City Pub in 1994. Search and recommendation terms derived from the available metadata include: goodbye, buttermilk, sky, oliver, general, fiction.",English,"goodbye, buttermilk, sky, oliver, general, fiction",http://images.amazon.com/images/P/1881320189.01.MZZZZZZZ.jpg
0440234743,The Testament,John Grisham,1999,Dell,Mystery & Thriller,"Bibliographic summary: “The Testament” is classified as Mystery & Thriller and was written by John Grisham. It was published by Dell in 1999. Search and recommendation terms derived from the available metadata include: testament, grisham, mystery, thriller.",English,"testament, grisham, mystery, thriller",http://images.amazon.com/images/P/0440234743.01.MZZZZZZZ.jpg
0452264464,Beloved (Plume Contemporary Fiction),Toni Morrison,1994,Plume,Romance,"Bibliographic summary: “Beloved (Plume Contemporary Fiction)” is classified as Romance and was written by Toni Morrison. It was published by Plume in 1994. Search and recommendation terms derived from the available metadata include: beloved, plume, contemporary, fiction, morrison, romance.",English,"beloved, plume, contemporary, fiction, morrison, romance",http://images.amazon.com/images/P/0452264464.01.MZZZZZZZ.jpg
0609804618,Our Dumb Century: The Onion Presents 100 Years of Headlines from America's Finest News Source,The Onion,1999,Three Rivers Press,History,"Bibliographic summary: “Our Dumb Century: The Onion Presents 100 Years of Headlines from America's Finest News Source” is classified as History and was written by The Onion. It was published by Three Rivers Press in 1999. Search and recommendation terms derived from the available metadata include: dumb, century, onion, presents, 100, years, headlines, america's, finest, news.",English,"dumb, century, onion, presents, 100, years, headlines, america's, finest, news",http://images.amazon.com/images/P/0609804618.01.MZZZZZZZ.jpg
1841721522,New Vegetarian: Bold and Beautiful Recipes for Every Occasion,Celia Brooks Brown,2001,Ryland Peters & Small Ltd,Cooking & Food,"Bibliographic summary: “New Vegetarian: Bold and Beautiful Recipes for Every Occasion” is classified as Cooking & Food and was written by Celia Brooks Brown. It was published by Ryland Peters & Small Ltd in 2001. Search and recommendation terms derived from the available metadata include: new, vegetarian, bold, beautiful, recipes, every, occasion, brown, cooking, food.",English,"new, vegetarian, bold, beautiful, recipes, every, occasion, brown, cooking, food",http://images.amazon.com/images/P/1841721522.01.MZZZZZZZ.jpg
1879384493,If I'd Known Then What I Know Now: Why Not Learn from the Mistakes of Others? : You Can't Afford to Make Them All Yourself,J. R. Parrish,2003,Cypress House,General Fiction,"Bibliographic summary: “If I'd Known Then What I Know Now: Why Not Learn from the Mistakes of Others? : You Can't Afford to Make Them All Yourself” is classified as General Fiction and was written by J. R. Parrish. It was published by Cypress House in 2003. Search and recommendation terms derived from the available metadata include: i'd, known, then, what, know, now, why, not, learn, mistakes.",English,"i'd, known, then, what, know, now, why, not, learn, mistakes",http://images.amazon.com/images/P/1879384493.01.MZZZZZZZ.jpg
0061076031,Mary-Kate & Ashley Switching Goals (Mary-Kate and Ashley Starring in),Mary-Kate & Ashley Olsen,2000,HarperEntertainment,Fantasy,"Bibliographic summary: “Mary-Kate & Ashley Switching Goals (Mary-Kate and Ashley Starring in)” is classified as Fantasy and was written by Mary-Kate & Ashley Olsen. It was published by HarperEntertainment in 2000. Search and recommendation terms derived from the available metadata include: mary, kate, ashley, switching, goals, starring, olsen, fantasy.",English,"mary, kate, ashley, switching, goals, starring, olsen, fantasy",http://images.amazon.com/images/P/0061076031.01.MZZZZZZZ.jpg
0439095026,Tell Me This Isn't Happening,Robynn Clairday,1999,Scholastic,General Fiction,"Bibliographic summary: “Tell Me This Isn't Happening” is classified as General Fiction and was written by Robynn Clairday. It was published by Scholastic in 1999. Search and recommendation terms derived from the available metadata include: tell, isn't, happening, clairday, general, fiction.",English,"tell, isn't, happening, clairday, general, fiction",http://images.amazon.com/images/P/0439095026.01.MZZZZZZZ.jpg
0689821166,Flood : Mississippi 1927,Kathleen Duey,1998,Aladdin,General Fiction,"Bibliographic summary: “Flood : Mississippi 1927” is classified as General Fiction and was written by Kathleen Duey. It was published by Aladdin in 1998. Search and recommendation terms derived from the available metadata include: flood, mississippi, 1927, duey, general, fiction.",English,"flood, mississippi, 1927, duey, general, fiction",http://images.amazon.com/images/P/0689821166.01.MZZZZZZZ.jpg
0971880107,Wild Animus,Rich Shapero,2004,Too Far,General Fiction,"Bibliographic summary: “Wild Animus” is classified as General Fiction and was written by Rich Shapero. It was published by Too Far in 2004. Search and recommendation terms derived from the available metadata include: wild, animus, shapero, general, fiction.",English,"wild, animus, shapero, general, fiction",http://images.amazon.com/images/P/0971880107.01.MZZZZZZZ.jpg
0345402871,Airframe,Michael Crichton,1997,Ballantine Books,Science Fiction,"Bibliographic summary: “Airframe” is classified as Science Fiction and was written by Michael Crichton. It was published by Ballantine Books in 1997. Search and recommendation terms derived from the available metadata include: airframe, crichton, science, fiction.",English,"airframe, crichton, science, fiction",http://images.amazon.com/images/P/0345402871.01.MZZZZZZZ.jpg
0345417623,Timeline,MICHAEL CRICHTON,2000,Ballantine Books,Science Fiction,"Bibliographic summary: “Timeline” is classified as Science Fiction and was written by MICHAEL CRICHTON. It was published by Ballantine Books in 2000. Search and recommendation terms derived from the available metadata include: timeline, crichton, science, fiction.",English,"timeline, crichton, science, fiction",http://images.amazon.com/images/P/0345417623.01.MZZZZZZZ.jpg
0684823802,OUT OF THE SILENT PLANET,C.S. Lewis,1996,Scribner,Science Fiction,"Bibliographic summary: “OUT OF THE SILENT PLANET” is classified as Science Fiction and was written by C.S. Lewis. It was published by Scribner in 1996. Search and recommendation terms derived from the available metadata include: out, silent, planet, lewis, science, fiction.",English,"out, silent, planet, lewis, science, fiction",http://images.amazon.com/images/P/0684823802.01.MZZZZZZZ.jpg
0375759778,Prague : A Novel,ARTHUR PHILLIPS,2003,Random House Trade Paperbacks,Art & Photography,"Bibliographic summary: “Prague : A Novel” is classified as Art & Photography and was written by ARTHUR PHILLIPS. It was published by Random House Trade Paperbacks in 2003. Search and recommendation terms derived from the available metadata include: prague, phillips, art, photography.",English,"prague, phillips, art, photography",http://images.amazon.com/images/P/0375759778.01.MZZZZZZZ.jpg
0425163091,Chocolate Jesus,Stephan Jaramillo,1998,Berkley Publishing Group,Religion & Spirituality,"Bibliographic summary: “Chocolate Jesus” is classified as Religion & Spirituality and was written by Stephan Jaramillo. It was published by Berkley Publishing Group in 1998. Search and recommendation terms derived from the available metadata include: chocolate, jesus, jaramillo, religion, spirituality.",English,"chocolate, jesus, jaramillo, religion, spirituality",http://images.amazon.com/images/P/0425163091.01.MZZZZZZZ.jpg
3404921038,Wie Barney es sieht.,Mordecai Richler,2002,LÃ?Â¼bbe,General Fiction,"Bibliographic summary: “Wie Barney es sieht.” is classified as General Fiction and was written by Mordecai Richler. It was published by LÃ?Â¼bbe in 2002. Search and recommendation terms derived from the available metadata include: wie, barney, sieht, richler, general, fiction.",English,"wie, barney, sieht, richler, general, fiction",http://images.amazon.com/images/P/3404921038.01.MZZZZZZZ.jpg
3442353866,Der Fluch der Kaiserin. Ein Richter- Di- Roman.,Eleanor Cooney,2001,Goldmann,General Fiction,"Bibliographic summary: “Der Fluch der Kaiserin. Ein Richter- Di- Roman.” is classified as General Fiction and was written by Eleanor Cooney. It was published by Goldmann in 2001. Search and recommendation terms derived from the available metadata include: der, fluch, kaiserin, ein, richter, roman, cooney, general, fiction.",German,"der, fluch, kaiserin, ein, richter, roman, cooney, general, fiction",http://images.amazon.com/images/P/3442353866.01.MZZZZZZZ.jpg
3442410665,Sturmzeit. Roman.,Charlotte Link,1991,Goldmann,General Fiction,"Bibliographic summary: “Sturmzeit. Roman.” is classified as General Fiction and was written by Charlotte Link. It was published by Goldmann in 1991. Search and recommendation terms derived from the available metadata include: sturmzeit, roman, link, general, fiction.",English,"sturmzeit, roman, link, general, fiction",http://images.amazon.com/images/P/3442410665.01.MZZZZZZZ.jpg
3442446937,Tage der Unschuld.,Richard North Patterson,2000,Goldmann,General Fiction,"Bibliographic summary: “Tage der Unschuld.” is classified as General Fiction and was written by Richard North Patterson. It was published by Goldmann in 2000. Search and recommendation terms derived from the available metadata include: tage, der, unschuld, patterson, general, fiction.",English,"tage, der, unschuld, patterson, general, fiction",http://images.amazon.com/images/P/3442446937.01.MZZZZZZZ.jpg
0375406328,Lying Awake,Mark Salzman,2000,Alfred A. Knopf,General Fiction,"Bibliographic summary: “Lying Awake” is classified as General Fiction and was written by Mark Salzman. It was published by Alfred A. Knopf in 2000. Search and recommendation terms derived from the available metadata include: lying, awake, salzman, general, fiction.",English,"lying, awake, salzman, general, fiction",http://images.amazon.com/images/P/0375406328.01.MZZZZZZZ.jpg
0446310786,To Kill a Mockingbird,Harper Lee,1988,Little Brown & Company,General Fiction,"Bibliographic summary: “To Kill a Mockingbird” is classified as General Fiction and was written by Harper Lee. It was published by Little Brown & Company in 1988. Search and recommendation terms derived from the available metadata include: kill, mockingbird, lee, general, fiction.",English,"kill, mockingbird, lee, general, fiction",http://images.amazon.com/images/P/0446310786.01.MZZZZZZZ.jpg
0449005615,Seabiscuit: An American Legend,LAURA HILLENBRAND,2002,Ballantine Books,Fantasy,"Bibliographic summary: “Seabiscuit: An American Legend” is classified as Fantasy and was written by LAURA HILLENBRAND. It was published by Ballantine Books in 2002. Search and recommendation terms derived from the available metadata include: seabiscuit, american, legend, hillenbrand, fantasy.",English,"seabiscuit, american, legend, hillenbrand, fantasy",http://images.amazon.com/images/P/0449005615.01.MZZZZZZZ.jpg
0060168013,Pigs in Heaven,Barbara Kingsolver,1993,Harpercollins,General Fiction,"Bibliographic summary: “Pigs in Heaven” is classified as General Fiction and was written by Barbara Kingsolver. It was published by Harpercollins in 1993. Search and recommendation terms derived from the available metadata include: pigs, heaven, kingsolver, general, fiction.",English,"pigs, heaven, kingsolver, general, fiction",http://images.amazon.com/images/P/0060168013.01.MZZZZZZZ.jpg
038078243X,Miss Zukas and the Raven's Dance,Jo Dereske,1996,Avon,General Fiction,"Bibliographic summary: “Miss Zukas and the Raven's Dance” is classified as General Fiction and was written by Jo Dereske. It was published by Avon in 1996. Search and recommendation terms derived from the available metadata include: miss, zukas, raven's, dance, dereske, general, fiction.",English,"miss, zukas, raven's, dance, dereske, general, fiction",http://images.amazon.com/images/P/038078243X.01.MZZZZZZZ.jpg
055321215X,Pride and Prejudice,Jane Austen,1983,Bantam,General Fiction,"Bibliographic summary: “Pride and Prejudice” is classified as General Fiction and was written by Jane Austen. It was published by Bantam in 1983. Search and recommendation terms derived from the available metadata include: pride, prejudice, austen, general, fiction.",English,"pride, prejudice, austen, general, fiction",http://images.amazon.com/images/P/055321215X.01.MZZZZZZZ.jpg
067176537X,The Therapeutic Touch: How to Use Your Hands to Help or to Heal,Dolores Krieger,1979,Fireside,General Fiction,"Bibliographic summary: “The Therapeutic Touch: How to Use Your Hands to Help or to Heal” is classified as General Fiction and was written by Dolores Krieger. It was published by Fireside in 1979. Search and recommendation terms derived from the available metadata include: therapeutic, touch, how, use, hands, help, heal, krieger, general, fiction.",English,"therapeutic, touch, how, use, hands, help, heal, krieger, general, fiction",http://images.amazon.com/images/P/067176537X.01.MZZZZZZZ.jpg
0061099686,Downtown,Anne Rivers Siddons,1995,HarperTorch,General Fiction,"Bibliographic summary: “Downtown” is classified as General Fiction and was written by Anne Rivers Siddons. It was published by HarperTorch in 1995. Search and recommendation terms derived from the available metadata include: downtown, siddons, general, fiction.",English,"downtown, siddons, general, fiction",http://images.amazon.com/images/P/0061099686.01.MZZZZZZZ.jpg
0553582909,Icebound,Dean R. Koontz,2000,Bantam Books,General Fiction,"Bibliographic summary: “Icebound” is classified as General Fiction and was written by Dean R. Koontz. It was published by Bantam Books in 2000. Search and recommendation terms derived from the available metadata include: icebound, koontz, general, fiction.",English,"icebound, koontz, general, fiction",http://images.amazon.com/images/P/0553582909.01.MZZZZZZZ.jpg
0671888587,I'll Be Seeing You,Mary Higgins Clark,1994,Pocket,Mystery & Thriller,"Bibliographic summary: “I'll Be Seeing You” is classified as Mystery & Thriller and was written by Mary Higgins Clark. It was published by Pocket in 1994. Search and recommendation terms derived from the available metadata include: i'll, seeing, you, clark, mystery, thriller.",English,"i'll, seeing, you, clark, mystery, thriller",http://images.amazon.com/images/P/0671888587.01.MZZZZZZZ.jpg
0553582747,From the Corner of His Eye,Dean Koontz,2001,Bantam Books,Horror,"Bibliographic summary: “From the Corner of His Eye” is classified as Horror and was written by Dean Koontz. It was published by Bantam Books in 2001. Search and recommendation terms derived from the available metadata include: corner, eye, koontz, horror.",English,"corner, eye, koontz, horror",http://images.amazon.com/images/P/0553582747.01.MZZZZZZZ.jpg
0425182908,Isle of Dogs,Patricia Cornwell,2002,Berkley Publishing Group,General Fiction,"Bibliographic summary: “Isle of Dogs” is classified as General Fiction and was written by Patricia Cornwell. It was published by Berkley Publishing Group in 2002. Search and recommendation terms derived from the available metadata include: isle, dogs, cornwell, general, fiction.",English,"isle, dogs, cornwell, general, fiction",http://images.amazon.com/images/P/0425182908.01.MZZZZZZZ.jpg
042518630X,Purity in Death,J.D. Robb,2002,Berkley Publishing Group,General Fiction,"Bibliographic summary: “Purity in Death” is classified as General Fiction and was written by J.D. Robb. It was published by Berkley Publishing Group in 2002. Search and recommendation terms derived from the available metadata include: purity, death, robb, general, fiction.",English,"purity, death, robb, general, fiction",http://images.amazon.com/images/P/042518630X.01.MZZZZZZZ.jpg
0440223571,This Year It Will Be Different: And Other Stories,Maeve Binchy,1997,Dell,General Fiction,"Bibliographic summary: “This Year It Will Be Different: And Other Stories” is classified as General Fiction and was written by Maeve Binchy. It was published by Dell in 1997. Search and recommendation terms derived from the available metadata include: year, will, different, other, stories, binchy, general, fiction.",English,"year, will, different, other, stories, binchy, general, fiction",http://images.amazon.com/images/P/0440223571.01.MZZZZZZZ.jpg
0812523873,Proxies,Laura J. Mixon,1999,Tor Books,General Fiction,"Bibliographic summary: “Proxies” is classified as General Fiction and was written by Laura J. Mixon. It was published by Tor Books in 1999. Search and recommendation terms derived from the available metadata include: proxies, mixon, general, fiction.",English,"proxies, mixon, general, fiction",http://images.amazon.com/images/P/0812523873.01.MZZZZZZZ.jpg
0842342702,Left Behind: A Novel of the Earth's Last Days (Left Behind #1),Tim Lahaye,2000,Tyndale House Publishers,Art & Photography,"Bibliographic summary: “Left Behind: A Novel of the Earth's Last Days (Left Behind #1)” is classified as Art & Photography and was written by Tim Lahaye. It was published by Tyndale House Publishers in 2000. Search and recommendation terms derived from the available metadata include: left, behind, earth's, last, days, lahaye, art, photography.",English,"left, behind, earth's, last, days, lahaye, art, photography",http://images.amazon.com/images/P/0842342702.01.MZZZZZZZ.jpg
0440225701,The Street Lawyer,JOHN GRISHAM,1999,Dell,Mystery & Thriller,"Bibliographic summary: “The Street Lawyer” is classified as Mystery & Thriller and was written by JOHN GRISHAM. It was published by Dell in 1999. Search and recommendation terms derived from the available metadata include: street, lawyer, grisham, mystery, thriller.",English,"street, lawyer, grisham, mystery, thriller",http://images.amazon.com/images/P/0440225701.01.MZZZZZZZ.jpg
0060914068,"Love, Medicine and Miracles",M.D. Bernie S. Siegel,1988,HarperCollins Publishers,Romance,"Bibliographic summary: “Love, Medicine and Miracles” is classified as Romance and was written by M.D. Bernie S. Siegel. It was published by HarperCollins Publishers in 1988. Search and recommendation terms derived from the available metadata include: love, medicine, miracles, siegel, romance.",English,"love, medicine, miracles, siegel, romance",http://images.amazon.com/images/P/0060914068.01.MZZZZZZZ.jpg
0156047624,All the King's Men,Robert Penn Warren,1982,Harvest Books,History,"Bibliographic summary: “All the King's Men” is classified as History and was written by Robert Penn Warren. It was published by Harvest Books in 1982. Search and recommendation terms derived from the available metadata include: all, king's, men, warren, history.",English,"all, king's, men, warren, history",http://images.amazon.com/images/P/0156047624.01.MZZZZZZZ.jpg
0245542957,Pacific Northwest,Hans Johannes Hoefer,1985,Chambers Harrap Publishers Ltd,General Fiction,"Bibliographic summary: “Pacific Northwest” is classified as General Fiction and was written by Hans Johannes Hoefer. It was published by Chambers Harrap Publishers Ltd in 1985. Search and recommendation terms derived from the available metadata include: pacific, northwest, hoefer, general, fiction.",English,"pacific, northwest, hoefer, general, fiction",http://images.amazon.com/images/P/0245542957.01.MZZZZZZZ.jpg
0380715899,A Soldier of the Great War,Mark Helprin,1992,Avon Books,History,"Bibliographic summary: “A Soldier of the Great War” is classified as History and was written by Mark Helprin. It was published by Avon Books in 1992. Search and recommendation terms derived from the available metadata include: soldier, great, war, helprin, history.",English,"soldier, great, war, helprin, history",http://images.amazon.com/images/P/0380715899.01.MZZZZZZZ.jpg
0553280333,Getting Well Again,O. Carol Simonton Md,1992,Bantam,General Fiction,"Bibliographic summary: “Getting Well Again” is classified as General Fiction and was written by O. Carol Simonton Md. It was published by Bantam in 1992. Search and recommendation terms derived from the available metadata include: getting, well, again, general, fiction.",English,"getting, well, again, general, fiction",http://images.amazon.com/images/P/0553280333.01.MZZZZZZZ.jpg
0961769947,Northwest Wines and Wineries,Chuck Hill,1993,Speed Graphics,Cooking & Food,"Bibliographic summary: “Northwest Wines and Wineries” is classified as Cooking & Food and was written by Chuck Hill. It was published by Speed Graphics in 1993. Search and recommendation terms derived from the available metadata include: northwest, wines, wineries, hill, cooking, food.",English,"northwest, wines, wineries, hill, cooking, food",http://images.amazon.com/images/P/0961769947.01.MZZZZZZZ.jpg
0964778319,An Atmosphere of Eternity: Stories of India,David Iglehart,2002,Sunflower Press,Art & Photography,"Bibliographic summary: “An Atmosphere of Eternity: Stories of India” is classified as Art & Photography and was written by David Iglehart. It was published by Sunflower Press in 2002. Search and recommendation terms derived from the available metadata include: atmosphere, eternity, stories, india, iglehart, art, photography.",English,"atmosphere, eternity, stories, india, iglehart, art, photography",http://images.amazon.com/images/P/0964778319.01.MZZZZZZZ.jpg
0671623249,LONESOME DOVE,Larry McMurtry,1986,Pocket,General Fiction,"Bibliographic summary: “LONESOME DOVE” is classified as General Fiction and was written by Larry McMurtry. It was published by Pocket in 1986. Search and recommendation terms derived from the available metadata include: lonesome, dove, mcmurtry, general, fiction.",English,"lonesome, dove, mcmurtry, general, fiction",http://images.amazon.com/images/P/0671623249.01.MZZZZZZZ.jpg
0679810307,Shabanu: Daughter of the Wind (Border Trilogy),SUZANNE FISHER STAPLES,1991,Laurel Leaf,General Fiction,"Bibliographic summary: “Shabanu: Daughter of the Wind (Border Trilogy)” is classified as General Fiction and was written by SUZANNE FISHER STAPLES. It was published by Laurel Leaf in 1991. Search and recommendation terms derived from the available metadata include: shabanu, daughter, wind, border, trilogy, staples, general, fiction.",English,"shabanu, daughter, wind, border, trilogy, staples, general, fiction",http://images.amazon.com/images/P/0679810307.01.MZZZZZZZ.jpg
0679865691,Haveli (Laurel Leaf Books),SUZANNE FISHER STAPLES,1995,Laurel Leaf,General Fiction,"Bibliographic summary: “Haveli (Laurel Leaf Books)” is classified as General Fiction and was written by SUZANNE FISHER STAPLES. It was published by Laurel Leaf in 1995. Search and recommendation terms derived from the available metadata include: haveli, laurel, leaf, staples, general, fiction.",English,"haveli, laurel, leaf, staples, general, fiction",http://images.amazon.com/images/P/0679865691.01.MZZZZZZZ.jpg
2070423204,Lieux dits,Michel Tournier,2002,Gallimard,General Fiction,"Bibliographic summary: “Lieux dits” is classified as General Fiction and was written by Michel Tournier. It was published by Gallimard in 2002. Search and recommendation terms derived from the available metadata include: lieux, dits, tournier, general, fiction.",English,"lieux, dits, tournier, general, fiction",http://images.amazon.com/images/P/2070423204.01.MZZZZZZZ.jpg
0345260317,The Dragons of Eden: Speculations on the Evolution of Human Intelligence,Carl Sagan,1978,Ballantine Books,Fantasy,"Bibliographic summary: “The Dragons of Eden: Speculations on the Evolution of Human Intelligence” is classified as Fantasy and was written by Carl Sagan. It was published by Ballantine Books in 1978. Search and recommendation terms derived from the available metadata include: dragons, eden, speculations, evolution, human, intelligence, sagan, fantasy.",English,"dragons, eden, speculations, evolution, human, intelligence, sagan, fantasy",http://images.amazon.com/images/P/0345260317.01.MZZZZZZZ.jpg
0394743741,The yawning heights,Aleksandr Zinoviev,1980,Random House,General Fiction,"Bibliographic summary: “The yawning heights” is classified as General Fiction and was written by Aleksandr Zinoviev. It was published by Random House in 1980. Search and recommendation terms derived from the available metadata include: yawning, heights, zinoviev, general, fiction.",English,"yawning, heights, zinoviev, general, fiction",http://images.amazon.com/images/P/0394743741.01.MZZZZZZZ.jpg
042511774X,Breathing Lessons,Anne Tyler,1994,Berkley Publishing Group,General Fiction,"Bibliographic summary: “Breathing Lessons” is classified as General Fiction and was written by Anne Tyler. It was published by Berkley Publishing Group in 1994. Search and recommendation terms derived from the available metadata include: breathing, lessons, tyler, general, fiction.",English,"breathing, lessons, tyler, general, fiction",http://images.amazon.com/images/P/042511774X.01.MZZZZZZZ.jpg
0804106304,The Joy Luck Club,Amy Tan,1994,Prentice Hall (K-12),General Fiction,"Bibliographic summary: “The Joy Luck Club” is classified as General Fiction and was written by Amy Tan. It was published by Prentice Hall (K-12) in 1994. Search and recommendation terms derived from the available metadata include: joy, luck, club, tan, general, fiction.",English,"joy, luck, club, tan, general, fiction",http://images.amazon.com/images/P/0804106304.01.MZZZZZZZ.jpg
1853262404,Heart of Darkness (Wordsworth Collection),Joseph Conrad,1998,NTC/Contemporary Publishing Company,Romance,"Bibliographic summary: “Heart of Darkness (Wordsworth Collection)” is classified as Romance and was written by Joseph Conrad. It was published by NTC/Contemporary Publishing Company in 1998. Search and recommendation terms derived from the available metadata include: heart, darkness, wordsworth, collection, conrad, romance.",English,"heart, darkness, wordsworth, collection, conrad, romance",http://images.amazon.com/images/P/1853262404.01.MZZZZZZZ.jpg
0312970242,The Angel Is Near,Deepak Chopra,2000,St. Martin's Press,Art & Photography,"Bibliographic summary: “The Angel Is Near” is classified as Art & Photography and was written by Deepak Chopra. It was published by St. Martin's Press in 2000. Search and recommendation terms derived from the available metadata include: angel, near, chopra, art, photography.",English,"angel, near, chopra, art, photography",http://images.amazon.com/images/P/0312970242.01.MZZZZZZZ.jpg
1853260053,Tess of the D'Urbervilles (Wordsworth Classics),Thomas Hardy,1997,NTC/Contemporary Publishing Company,General Fiction,"Bibliographic summary: “Tess of the D'Urbervilles (Wordsworth Classics)” is classified as General Fiction and was written by Thomas Hardy. It was published by NTC/Contemporary Publishing Company in 1997. Search and recommendation terms derived from the available metadata include: tess, d'urbervilles, wordsworth, classics, hardy, general, fiction.",English,"tess, d'urbervilles, wordsworth, classics, hardy, general, fiction",http://images.amazon.com/images/P/1853260053.01.MZZZZZZZ.jpg
1414035004,The Adventures of Drew and Ellie: The Magical Dress,Charles Noland,2003,1stBooks Library,Fantasy,"Bibliographic summary: “The Adventures of Drew and Ellie: The Magical Dress” is classified as Fantasy and was written by Charles Noland. It was published by 1stBooks Library in 2003. Search and recommendation terms derived from the available metadata include: adventures, drew, ellie, magical, dress, noland, fantasy.",English,"adventures, drew, ellie, magical, dress, noland, fantasy",http://images.amazon.com/images/P/1414035004.01.MZZZZZZZ.jpg
0060938412,The Accidental Virgin,Valerie Frankel,2003,Avon Trade,General Fiction,"Bibliographic summary: “The Accidental Virgin” is classified as General Fiction and was written by Valerie Frankel. It was published by Avon Trade in 2003. Search and recommendation terms derived from the available metadata include: accidental, virgin, frankel, general, fiction.",English,"accidental, virgin, frankel, general, fiction",http://images.amazon.com/images/P/0060938412.01.MZZZZZZZ.jpg
0140067477,The Tao of Pooh,Benjamin Hoff,1983,Penguin Books,General Fiction,"Bibliographic summary: “The Tao of Pooh” is classified as General Fiction and was written by Benjamin Hoff. It was published by Penguin Books in 1983. Search and recommendation terms derived from the available metadata include: tao, pooh, hoff, general, fiction.",English,"tao, pooh, hoff, general, fiction",http://images.amazon.com/images/P/0140067477.01.MZZZZZZZ.jpg
0345465083,Seabiscuit,LAURA HILLENBRAND,2003,Ballantine Books,General Fiction,"Bibliographic summary: “Seabiscuit” is classified as General Fiction and was written by LAURA HILLENBRAND. It was published by Ballantine Books in 2003. Search and recommendation terms derived from the available metadata include: seabiscuit, hillenbrand, general, fiction.",English,"seabiscuit, hillenbrand, general, fiction",http://images.amazon.com/images/P/0345465083.01.MZZZZZZZ.jpg
0451625889,The Prince,Niccolo Machiavelli,1952,Signet Book,General Fiction,"Bibliographic summary: “The Prince” is classified as General Fiction and was written by Niccolo Machiavelli. It was published by Signet Book in 1952. Search and recommendation terms derived from the available metadata include: prince, machiavelli, general, fiction.",English,"prince, machiavelli, general, fiction",http://images.amazon.com/images/P/0451625889.01.MZZZZZZZ.jpg
1558531025,Life's Little Instruction Book (Life's Little Instruction Books (Paperback)),H. Jackson Brown,1991,Thomas Nelson,General Fiction,"Bibliographic summary: “Life's Little Instruction Book (Life's Little Instruction Books (Paperback))” is classified as General Fiction and was written by H. Jackson Brown. It was published by Thomas Nelson in 1991. Search and recommendation terms derived from the available metadata include: life's, little, instruction, paperback, brown, general, fiction.",English,"life's, little, instruction, paperback, brown, general, fiction",http://images.amazon.com/images/P/1558531025.01.MZZZZZZZ.jpg
0441783589,Starship Troopers,Robert A. Heinlein,1987,Ace Books,Science Fiction,"Bibliographic summary: “Starship Troopers” is classified as Science Fiction and was written by Robert A. Heinlein. It was published by Ace Books in 1987. Search and recommendation terms derived from the available metadata include: starship, troopers, heinlein, science, fiction.",English,"starship, troopers, heinlein, science, fiction",http://images.amazon.com/images/P/0441783589.01.MZZZZZZZ.jpg
0394895894,"The Ruby in the Smoke (Sally Lockhart Trilogy, Book 1)",PHILIP PULLMAN,1988,Laurel Leaf,Art & Photography,"Bibliographic summary: “The Ruby in the Smoke (Sally Lockhart Trilogy, Book 1)” is classified as Art & Photography and was written by PHILIP PULLMAN. It was published by Laurel Leaf in 1988. Search and recommendation terms derived from the available metadata include: ruby, smoke, sally, lockhart, trilogy, pullman, art, photography.",English,"ruby, smoke, sally, lockhart, trilogy, pullman, art, photography",http://images.amazon.com/images/P/0394895894.01.MZZZZZZZ.jpg
1569871213,Black Beauty (Illustrated Classics),Anna Sewell,1995,Landoll,General Fiction,"Bibliographic summary: “Black Beauty (Illustrated Classics)” is classified as General Fiction and was written by Anna Sewell. It was published by Landoll in 1995. Search and recommendation terms derived from the available metadata include: black, beauty, illustrated, classics, sewell, general, fiction.",English,"black, beauty, illustrated, classics, sewell, general, fiction",http://images.amazon.com/images/P/1569871213.01.MZZZZZZZ.jpg
0375410538,Anil's Ghost,MICHAEL ONDAATJE,2000,Knopf,Horror,"Bibliographic summary: “Anil's Ghost” is classified as Horror and was written by MICHAEL ONDAATJE. It was published by Knopf in 2000. Search and recommendation terms derived from the available metadata include: anil's, ghost, ondaatje, horror.",English,"anil's, ghost, ondaatje, horror",http://images.amazon.com/images/P/0375410538.01.MZZZZZZZ.jpg
0966986105,Prescription for Terror,Sandra Levy Ceren,1999,Andrew Scott Publishers,Horror,"Bibliographic summary: “Prescription for Terror” is classified as Horror and was written by Sandra Levy Ceren. It was published by Andrew Scott Publishers in 1999. Search and recommendation terms derived from the available metadata include: prescription, terror, ceren, horror.",English,"prescription, terror, ceren, horror",http://images.amazon.com/images/P/0966986105.01.MZZZZZZZ.jpg
087113375X,Modern Manners: An Etiquette Book for Rude People,P.J. O'Rourke,1990,Atlantic Monthly Press,General Fiction,"Bibliographic summary: “Modern Manners: An Etiquette Book for Rude People” is classified as General Fiction and was written by P.J. O'Rourke. It was published by Atlantic Monthly Press in 1990. Search and recommendation terms derived from the available metadata include: modern, manners, etiquette, rude, people, o'rourke, general, fiction.",English,"modern, manners, etiquette, rude, people, o'rourke, general, fiction",http://images.amazon.com/images/P/087113375X.01.MZZZZZZZ.jpg
0340767936,Turning Thirty,Mike Gayle,2000,Hodder & Stoughton General Division,General Fiction,"Bibliographic summary: “Turning Thirty” is classified as General Fiction and was written by Mike Gayle. It was published by Hodder & Stoughton General Division in 2000. Search and recommendation terms derived from the available metadata include: turning, thirty, gayle, general, fiction.",English,"turning, thirty, gayle, general, fiction",http://images.amazon.com/images/P/0340767936.01.MZZZZZZZ.jpg
0743403843,Decipher,Stel Pavlou,2002,Simon & Schuster (Trade Division),General Fiction,"Bibliographic summary: “Decipher” is classified as General Fiction and was written by Stel Pavlou. It was published by Simon & Schuster (Trade Division) in 2002. Search and recommendation terms derived from the available metadata include: decipher, pavlou, general, fiction.",English,"decipher, pavlou, general, fiction",http://images.amazon.com/images/P/0743403843.01.MZZZZZZZ.jpg
0060930365,"My First Cousin Once Removed: Money, Madness, and the Family of Robert Lowell",Sarah Payne Stuart,1999,Perennial,Business & Economics,"Bibliographic summary: “My First Cousin Once Removed: Money, Madness, and the Family of Robert Lowell” is classified as Business & Economics and was written by Sarah Payne Stuart. It was published by Perennial in 1999. Search and recommendation terms derived from the available metadata include: first, cousin, once, removed, money, madness, family, robert, lowell, stuart.",English,"first, cousin, once, removed, money, madness, family, robert, lowell, stuart",http://images.amazon.com/images/P/0060930365.01.MZZZZZZZ.jpg
0060177586,Standing Firm: A Vice-Presidential Memoir,Dan Quayle,1994,Harpercollins,Biography & Memoir,"Bibliographic summary: “Standing Firm: A Vice-Presidential Memoir” is classified as Biography & Memoir and was written by Dan Quayle. It was published by Harpercollins in 1994. Search and recommendation terms derived from the available metadata include: standing, firm, vice, presidential, memoir, quayle, biography.",English,"standing, firm, vice, presidential, memoir, quayle, biography",http://images.amazon.com/images/P/0060177586.01.MZZZZZZZ.jpg
0071416331,Team Bush : Leadership Lessons from the Bush White House,Donald F. Kettl,2003,McGraw-Hill,Business & Economics,"Bibliographic summary: “Team Bush : Leadership Lessons from the Bush White House” is classified as Business & Economics and was written by Donald F. Kettl. It was published by McGraw-Hill in 2003. Search and recommendation terms derived from the available metadata include: team, bush, leadership, lessons, white, house, kettl, business, economics.",English,"team, bush, leadership, lessons, white, house, kettl, business, economics",http://images.amazon.com/images/P/0071416331.01.MZZZZZZZ.jpg
0375509038,The Right Man : The Surprise Presidency of George W. Bush,DAVID FRUM,2003,Random House,General Fiction,"Bibliographic summary: “The Right Man : The Surprise Presidency of George W. Bush” is classified as General Fiction and was written by DAVID FRUM. It was published by Random House in 2003. Search and recommendation terms derived from the available metadata include: right, man, surprise, presidency, george, bush, frum, general, fiction.",English,"right, man, surprise, presidency, george, bush, frum, general, fiction",http://images.amazon.com/images/P/0375509038.01.MZZZZZZZ.jpg
0553062042,Daybreakers Louis Lamour Collection,Louis Lamour,1981,Bantam Doubleday Dell,General Fiction,"Bibliographic summary: “Daybreakers Louis Lamour Collection” is classified as General Fiction and was written by Louis Lamour. It was published by Bantam Doubleday Dell in 1981. Search and recommendation terms derived from the available metadata include: daybreakers, louis, lamour, collection, general, fiction.",English,"daybreakers, louis, lamour, collection, general, fiction",http://images.amazon.com/images/P/0553062042.01.MZZZZZZZ.jpg
0316769487,The Catcher in the Rye,J.D. Salinger,1991,"Little, Brown",General Fiction,"Bibliographic summary: “The Catcher in the Rye” is classified as General Fiction and was written by J.D. Salinger. It was published by Little, Brown in 1991. Search and recommendation terms derived from the available metadata include: catcher, rye, salinger, general, fiction.",English,"catcher, rye, salinger, general, fiction",http://images.amazon.com/images/P/0316769487.01.MZZZZZZZ.jpg
8445071408,El Senor De Los Anillos: LA Comunidad Del Anillo (Lord of the Rings (Spanish)),J. R. R. Tolkien,2001,Minotauro,General Fiction,"Bibliographic summary: “El Senor De Los Anillos: LA Comunidad Del Anillo (Lord of the Rings (Spanish))” is classified as General Fiction and was written by J. R. R. Tolkien. It was published by Minotauro in 2001. Search and recommendation terms derived from the available metadata include: senor, los, anillos, comunidad, del, anillo, lord, rings, spanish, tolkien.",Spanish,"senor, los, anillos, comunidad, del, anillo, lord, rings, spanish, tolkien",http://images.amazon.com/images/P/8445071408.01.MZZZZZZZ.jpg
8445071769,El Senor De Los Anillos: Las DOS Torres (Lord of the Rings (Paperback)),J. R. R. Tolkien,2001,Minotauro,General Fiction,"Bibliographic summary: “El Senor De Los Anillos: Las DOS Torres (Lord of the Rings (Paperback))” is classified as General Fiction and was written by J. R. R. Tolkien. It was published by Minotauro in 2001. Search and recommendation terms derived from the available metadata include: senor, los, anillos, las, dos, torres, lord, rings, paperback, tolkien.",Spanish,"senor, los, anillos, las, dos, torres, lord, rings, paperback, tolkien",http://images.amazon.com/images/P/8445071769.01.MZZZZZZZ.jpg
8445071777,"El Senor De Los Anillos: El Retorno Del Rey (Tolkien, J. R. R. Lord of the Rings. 3.)",J. R. R. Tolkien,2001,Distribooks,General Fiction,"Bibliographic summary: “El Senor De Los Anillos: El Retorno Del Rey (Tolkien, J. R. R. Lord of the Rings. 3.)” is classified as General Fiction and was written by J. R. R. Tolkien. It was published by Distribooks in 2001. Search and recommendation terms derived from the available metadata include: senor, los, anillos, retorno, del, rey, tolkien, lord, rings, general.",Spanish,"senor, los, anillos, retorno, del, rey, tolkien, lord, rings, general",http://images.amazon.com/images/P/8445071777.01.MZZZZZZZ.jpg
0679429220,Midnight in the Garden of Good and Evil: A Savannah Story,John Berendt,1994,Random House,Horror,"Bibliographic summary: “Midnight in the Garden of Good and Evil: A Savannah Story” is classified as Horror and was written by John Berendt. It was published by Random House in 1994. Search and recommendation terms derived from the available metadata include: midnight, garden, good, evil, savannah, story, berendt, horror.",English,"midnight, garden, good, evil, savannah, story, berendt, horror",http://images.amazon.com/images/P/0679429220.01.MZZZZZZZ.jpg
0671867156,Pretend You Don't See Her,Mary Higgins Clark,1998,Pocket,Mystery & Thriller,"Bibliographic summary: “Pretend You Don't See Her” is classified as Mystery & Thriller and was written by Mary Higgins Clark. It was published by Pocket in 1998. Search and recommendation terms derived from the available metadata include: pretend, you, don't, see, clark, mystery, thriller.",English,"pretend, you, don't, see, clark, mystery, thriller",http://images.amazon.com/images/P/0671867156.01.MZZZZZZZ.jpg
0312252617,Fast Women,Jennifer Crusie,2001,St. Martin's Press,Art & Photography,"Bibliographic summary: “Fast Women” is classified as Art & Photography and was written by Jennifer Crusie. It was published by St. Martin's Press in 2001. Search and recommendation terms derived from the available metadata include: fast, women, crusie, art, photography.",English,"fast, women, crusie, art, photography",http://images.amazon.com/images/P/0312252617.01.MZZZZZZZ.jpg
0312261594,Female Intelligence,Jane Heller,2001,St. Martin's Press,Art & Photography,"Bibliographic summary: “Female Intelligence” is classified as Art & Photography and was written by Jane Heller. It was published by St. Martin's Press in 2001. Search and recommendation terms derived from the available metadata include: female, intelligence, heller, art, photography.",English,"female, intelligence, heller, art, photography",http://images.amazon.com/images/P/0312261594.01.MZZZZZZZ.jpg
0316748641,Pasquale's Nose: Idle Days in an Italian Town,Michael Rips,2002,Back Bay Books,General Fiction,"Bibliographic summary: “Pasquale's Nose: Idle Days in an Italian Town” is classified as General Fiction and was written by Michael Rips. It was published by Back Bay Books in 2002. Search and recommendation terms derived from the available metadata include: pasquale's, nose, idle, days, italian, town, rips, general, fiction.",English,"pasquale's, nose, idle, days, italian, town, rips, general, fiction",http://images.amazon.com/images/P/0316748641.01.MZZZZZZZ.jpg
0316973742,The Gospel of Judas: A Novel,Simon Mawer,2002,Back Bay Books,General Fiction,"Bibliographic summary: “The Gospel of Judas: A Novel” is classified as General Fiction and was written by Simon Mawer. It was published by Back Bay Books in 2002. Search and recommendation terms derived from the available metadata include: gospel, judas, mawer, general, fiction.",English,"gospel, judas, mawer, general, fiction",http://images.amazon.com/images/P/0316973742.01.MZZZZZZZ.jpg
0385235941,"Prize Stories, 1987: The O'Henry Awards",William Abrahams,1987,Doubleday Books,History,"Bibliographic summary: “Prize Stories, 1987: The O'Henry Awards” is classified as History and was written by William Abrahams. It was published by Doubleday Books in 1987. Search and recommendation terms derived from the available metadata include: prize, stories, 1987, o'henry, awards, abrahams, history.",English,"prize, stories, 1987, o'henry, awards, abrahams, history",http://images.amazon.com/images/P/0385235941.01.MZZZZZZZ.jpg
0446677450,"Rich Dad, Poor Dad: What the Rich Teach Their Kids About Money--That the Poor and Middle Class Do Not!",Robert T. Kiyosaki,2000,Warner Books,Children & Young Adult,"Bibliographic summary: “Rich Dad, Poor Dad: What the Rich Teach Their Kids About Money--That the Poor and Middle Class Do Not!” is classified as Children & Young Adult and was written by Robert T. Kiyosaki. It was published by Warner Books in 2000. Search and recommendation terms derived from the available metadata include: rich, dad, poor, what, teach, kids, money, middle, class, not.",English,"rich, dad, poor, what, teach, kids, money, middle, class, not",http://images.amazon.com/images/P/0446677450.01.MZZZZZZZ.jpg
0451166892,The Pillars of the Earth,Ken Follett,1996,Signet Book,Art & Photography,"Bibliographic summary: “The Pillars of the Earth” is classified as Art & Photography and was written by Ken Follett. It was published by Signet Book in 1996. Search and recommendation terms derived from the available metadata include: pillars, earth, follett, art, photography.",English,"pillars, earth, follett, art, photography",http://images.amazon.com/images/P/0451166892.01.MZZZZZZZ.jpg
0553347594,McDonald's: Behind the Arches,John F. Love,1995,Bantam,Romance,"Bibliographic summary: “McDonald's: Behind the Arches” is classified as Romance and was written by John F. Love. It was published by Bantam in 1995. Search and recommendation terms derived from the available metadata include: mcdonald's, behind, arches, love, romance.",English,"mcdonald's, behind, arches, love, romance",http://images.amazon.com/images/P/0553347594.01.MZZZZZZZ.jpg
0671621009,Creating Wealth : Retire in Ten Years Using Allen's Seven Principles of Wealth!,Robert G. Allen,1986,Fireside,Business & Economics,"Bibliographic summary: “Creating Wealth : Retire in Ten Years Using Allen's Seven Principles of Wealth!” is classified as Business & Economics and was written by Robert G. Allen. It was published by Fireside in 1986. Search and recommendation terms derived from the available metadata include: creating, wealth, retire, ten, years, using, allen's, seven, principles, allen.",English,"creating, wealth, retire, ten, years, using, allen's, seven, principles, allen",http://images.amazon.com/images/P/0671621009.01.MZZZZZZZ.jpg
067976397X,Corelli's Mandolin : A Novel,LOUIS DE BERNIERES,1995,Vintage,General Fiction,"Bibliographic summary: “Corelli's Mandolin : A Novel” is classified as General Fiction and was written by LOUIS DE BERNIERES. It was published by Vintage in 1995. Search and recommendation terms derived from the available metadata include: corelli's, mandolin, bernieres, general, fiction.",English,"corelli's, mandolin, bernieres, general, fiction",http://images.amazon.com/images/P/067976397X.01.MZZZZZZZ.jpg
0684822733,"Love, Miracles, and Animal Healing : A heartwarming look at the spiritual bond between animals and humans",Pam Proctor,1996,Fireside,Romance,"Bibliographic summary: “Love, Miracles, and Animal Healing : A heartwarming look at the spiritual bond between animals and humans” is classified as Romance and was written by Pam Proctor. It was published by Fireside in 1996. Search and recommendation terms derived from the available metadata include: love, miracles, animal, healing, heartwarming, look, spiritual, bond, between, animals.",English,"love, miracles, animal, healing, heartwarming, look, spiritual, bond, between, animals",http://images.amazon.com/images/P/0684822733.01.MZZZZZZZ.jpg
0786868716,The Five People You Meet in Heaven,Mitch Albom,2003,Hyperion,General Fiction,"Bibliographic summary: “The Five People You Meet in Heaven” is classified as General Fiction and was written by Mitch Albom. It was published by Hyperion in 2003. Search and recommendation terms derived from the available metadata include: five, people, you, meet, heaven, albom, general, fiction.",English,"five, people, you, meet, heaven, albom, general, fiction",http://images.amazon.com/images/P/0786868716.01.MZZZZZZZ.jpg
8472238822,Tu Nombre Escrito En El Agua (La Sonrisa Vertical),Irene Gonzalez Frei,2002,Tusquets,General Fiction,"Bibliographic summary: “Tu Nombre Escrito En El Agua (La Sonrisa Vertical)” is classified as General Fiction and was written by Irene Gonzalez Frei. It was published by Tusquets in 2002. Search and recommendation terms derived from the available metadata include: nombre, escrito, agua, sonrisa, vertical, frei, general, fiction.",Spanish,"nombre, escrito, agua, sonrisa, vertical, frei, general, fiction",http://images.amazon.com/images/P/8472238822.01.MZZZZZZZ.jpg
0671864769,Relics (Star Trek: The Next Generation),Michael Jan Friedman,1992,Star Trek,General Fiction,"Bibliographic summary: “Relics (Star Trek: The Next Generation)” is classified as General Fiction and was written by Michael Jan Friedman. It was published by Star Trek in 1992. Search and recommendation terms derived from the available metadata include: relics, star, trek, next, generation, friedman, general, fiction.",English,"relics, star, trek, next, generation, friedman, general, fiction",http://images.amazon.com/images/P/0671864769.01.MZZZZZZZ.jpg
0671521519,Bless The Beasts And Children : Bless The Beasts And Children,Glendon Swarthout,1995,Pocket,Children & Young Adult,"Bibliographic summary: “Bless The Beasts And Children : Bless The Beasts And Children” is classified as Children & Young Adult and was written by Glendon Swarthout. It was published by Pocket in 1995. Search and recommendation terms derived from the available metadata include: bless, beasts, children, swarthout, young, adult.",English,"bless, beasts, children, swarthout, young, adult",http://images.amazon.com/images/P/0671521519.01.MZZZZZZZ.jpg
0440222303,"The Touch of Your Shadow, the Whisper of Your Name (Babylon 5, Book 5)",Neal Barrett Jr.,1996,Dell,Children & Young Adult,"Bibliographic summary: “The Touch of Your Shadow, the Whisper of Your Name (Babylon 5, Book 5)” is classified as Children & Young Adult and was written by Neal Barrett Jr.. It was published by Dell in 1996. Search and recommendation terms derived from the available metadata include: touch, shadow, whisper, name, babylon, children, young, adult.",English,"touch, shadow, whisper, name, babylon, children, young, adult",http://images.amazon.com/images/P/0440222303.01.MZZZZZZZ.jpg
0312953453,Blood Oath,David Morrell,1994,St. Martin's Press,Art & Photography,"Bibliographic summary: “Blood Oath” is classified as Art & Photography and was written by David Morrell. It was published by St. Martin's Press in 1994. Search and recommendation terms derived from the available metadata include: blood, oath, morrell, art, photography.",English,"blood, oath, morrell, art, photography",http://images.amazon.com/images/P/0312953453.01.MZZZZZZZ.jpg
0446608653,The Alibi,Sandra Brown,2000,Warner Books,Romance,"Bibliographic summary: “The Alibi” is classified as Romance and was written by Sandra Brown. It was published by Warner Books in 2000. Search and recommendation terms derived from the available metadata include: alibi, brown, romance.",English,"alibi, brown, romance",http://images.amazon.com/images/P/0446608653.01.MZZZZZZZ.jpg
0446612545,The Beach House,James Patterson,2003,Warner Books,Mystery & Thriller,"Bibliographic summary: “The Beach House” is classified as Mystery & Thriller and was written by James Patterson. It was published by Warner Books in 2003. Search and recommendation terms derived from the available metadata include: beach, house, patterson, mystery, thriller.",English,"beach, house, patterson, mystery, thriller",http://images.amazon.com/images/P/0446612545.01.MZZZZZZZ.jpg
0446612618,A Kiss Remembered,Sandra Brown,2003,Warner Books,Romance,"Bibliographic summary: “A Kiss Remembered” is classified as Romance and was written by Sandra Brown. It was published by Warner Books in 2003. Search and recommendation terms derived from the available metadata include: kiss, remembered, brown, romance.",English,"kiss, remembered, brown, romance",http://images.amazon.com/images/P/0446612618.01.MZZZZZZZ.jpg
0451208080,The Short Forever,Stuart Woods,2003,Signet Book,Art & Photography,"Bibliographic summary: “The Short Forever” is classified as Art & Photography and was written by Stuart Woods. It was published by Signet Book in 2003. Search and recommendation terms derived from the available metadata include: short, forever, woods, art, photography.",English,"short, forever, woods, art, photography",http://images.amazon.com/images/P/0451208080.01.MZZZZZZZ.jpg
0553584383,Dead Aim,IRIS JOHANSEN,2004,Bantam Books,General Fiction,"Bibliographic summary: “Dead Aim” is classified as General Fiction and was written by IRIS JOHANSEN. It was published by Bantam Books in 2004. Search and recommendation terms derived from the available metadata include: dead, aim, johansen, general, fiction.",English,"dead, aim, johansen, general, fiction",http://images.amazon.com/images/P/0553584383.01.MZZZZZZZ.jpg
0671027360,Angels & Demons,Dan Brown,2001,Pocket Star,Horror,"Bibliographic summary: “Angels & Demons” is classified as Horror and was written by Dan Brown. It was published by Pocket Star in 2001. Search and recommendation terms derived from the available metadata include: angels, demons, brown, horror.",English,"angels, demons, brown, horror",http://images.amazon.com/images/P/0671027360.01.MZZZZZZZ.jpg
0812575954,The Deal,Joe Hutsko,2000,Tor Books (Mm),General Fiction,"Bibliographic summary: “The Deal” is classified as General Fiction and was written by Joe Hutsko. It was published by Tor Books (Mm) in 2000. Search and recommendation terms derived from the available metadata include: deal, hutsko, general, fiction.",English,"deal, hutsko, general, fiction",http://images.amazon.com/images/P/0812575954.01.MZZZZZZZ.jpg
0316735736,All He Ever Wanted: A Novel,Anita Shreve,2004,Back Bay Books,General Fiction,"Bibliographic summary: “All He Ever Wanted: A Novel” is classified as General Fiction and was written by Anita Shreve. It was published by Back Bay Books in 2004. Search and recommendation terms derived from the available metadata include: all, ever, wanted, shreve, general, fiction.",English,"all, ever, wanted, shreve, general, fiction",http://images.amazon.com/images/P/0316735736.01.MZZZZZZZ.jpg
0743439740,"Every Breath You Take : A True Story of Obsession, Revenge, and Murder",Ann Rule,2002,Pocket,Mystery & Thriller,"Bibliographic summary: “Every Breath You Take : A True Story of Obsession, Revenge, and Murder” is classified as Mystery & Thriller and was written by Ann Rule. It was published by Pocket in 2002. Search and recommendation terms derived from the available metadata include: every, breath, you, take, true, story, obsession, revenge, murder, rule.",English,"every, breath, you, take, true, story, obsession, revenge, murder, rule",http://images.amazon.com/images/P/0743439740.01.MZZZZZZZ.jpg
0345372700,"If I Ever Get Back to Georgia, I'm Gonna Nail My Feet to the Ground",LEWIS GRIZZARD,1991,Ballantine Books,General Fiction,"Bibliographic summary: “If I Ever Get Back to Georgia, I'm Gonna Nail My Feet to the Ground” is classified as General Fiction and was written by LEWIS GRIZZARD. It was published by Ballantine Books in 1991. Search and recommendation terms derived from the available metadata include: ever, get, back, georgia, i'm, gonna, nail, feet, ground, grizzard.",English,"ever, get, back, georgia, i'm, gonna, nail, feet, ground, grizzard",http://images.amazon.com/images/P/0345372700.01.MZZZZZZZ.jpg
0380619458,The Mosquito Coast,Paul Theroux,1990,Harper Mass Market Paperbacks (Mm),General Fiction,"Bibliographic summary: “The Mosquito Coast” is classified as General Fiction and was written by Paul Theroux. It was published by Harper Mass Market Paperbacks (Mm) in 1990. Search and recommendation terms derived from the available metadata include: mosquito, coast, theroux, general, fiction.",English,"mosquito, coast, theroux, general, fiction",http://images.amazon.com/images/P/0380619458.01.MZZZZZZZ.jpg
0446325805,"If Love Were Oil, I'd Be About a Quart Low",Lewis Grizzard,1994,Warner Books (Mm),Romance,"Bibliographic summary: “If Love Were Oil, I'd Be About a Quart Low” is classified as Romance and was written by Lewis Grizzard. It was published by Warner Books (Mm) in 1994. Search and recommendation terms derived from the available metadata include: love, oil, i'd, quart, low, grizzard, romance.",English,"love, oil, i'd, quart, low, grizzard, romance",http://images.amazon.com/images/P/0446325805.01.MZZZZZZZ.jpg
0451406923,"Goodbye, My Little Ones: The True Story of a Murderous Mother and Five Innocent Victims",Charles Hickey,1996,Onyx Books,Mystery & Thriller,"Bibliographic summary: “Goodbye, My Little Ones: The True Story of a Murderous Mother and Five Innocent Victims” is classified as Mystery & Thriller and was written by Charles Hickey. It was published by Onyx Books in 1996. Search and recommendation terms derived from the available metadata include: goodbye, little, ones, true, story, murderous, mother, five, innocent, victims.",English,"goodbye, little, ones, true, story, murderous, mother, five, innocent, victims",http://images.amazon.com/images/P/0451406923.01.MZZZZZZZ.jpg
0671042858,The Girl Who Loved Tom Gordon,Stephen King,2000,Pocket,Horror,"Bibliographic summary: “The Girl Who Loved Tom Gordon” is classified as Horror and was written by Stephen King. It was published by Pocket in 2000. Search and recommendation terms derived from the available metadata include: girl, who, loved, tom, gordon, king, horror.",English,"girl, who, loved, tom, gordon, king, horror",http://images.amazon.com/images/P/0671042858.01.MZZZZZZZ.jpg
0743249992,Bringing Down the House: The Inside Story of Six M.I.T. Students Who Took Vegas for Millions,Ben Mezrich,2003,Free Press,General Fiction,"Bibliographic summary: “Bringing Down the House: The Inside Story of Six M.I.T. Students Who Took Vegas for Millions” is classified as General Fiction and was written by Ben Mezrich. It was published by Free Press in 2003. Search and recommendation terms derived from the available metadata include: bringing, down, house, inside, story, six, students, who, took, vegas.",English,"bringing, down, house, inside, story, six, students, who, took, vegas",http://images.amazon.com/images/P/0743249992.01.MZZZZZZZ.jpg
0840734530,"The Oneprince (The Redaemian Chronicles, Book 1)",Bill Hand,1992,Thomas Nelson Inc,General Fiction,"Bibliographic summary: “The Oneprince (The Redaemian Chronicles, Book 1)” is classified as General Fiction and was written by Bill Hand. It was published by Thomas Nelson Inc in 1992. Search and recommendation terms derived from the available metadata include: oneprince, redaemian, chronicles, hand, general, fiction.",English,"oneprince, redaemian, chronicles, hand, general, fiction",http://images.amazon.com/images/P/0840734530.01.MZZZZZZZ.jpg
0425184226,The Sum of All Fears,Tom Clancy,2002,Berkley Publishing Group,Mystery & Thriller,"Bibliographic summary: “The Sum of All Fears” is classified as Mystery & Thriller and was written by Tom Clancy. It was published by Berkley Publishing Group in 2002. Search and recommendation terms derived from the available metadata include: sum, all, fears, clancy, mystery, thriller.",English,"sum, all, fears, clancy, mystery, thriller",http://images.amazon.com/images/P/0425184226.01.MZZZZZZZ.jpg
0375500766,Care Packages : Letters to Christopher Reeve from Strangers and Other Friends,DANA REEVE,1999,Random House,General Fiction,"Bibliographic summary: “Care Packages : Letters to Christopher Reeve from Strangers and Other Friends” is classified as General Fiction and was written by DANA REEVE. It was published by Random House in 1999. Search and recommendation terms derived from the available metadata include: care, packages, letters, christopher, reeve, strangers, other, friends, general, fiction.",English,"care, packages, letters, christopher, reeve, strangers, other, friends, general, fiction",http://images.amazon.com/images/P/0375500766.01.MZZZZZZZ.jpg
9724119378,O Deus Das Pequenas Coisas,Roy,1998,Edicoes Asa,General Fiction,"Bibliographic summary: “O Deus Das Pequenas Coisas” is classified as General Fiction and was written by Roy. It was published by Edicoes Asa in 1998. Search and recommendation terms derived from the available metadata include: deus, das, pequenas, coisas, roy, general, fiction.",English,"deus, das, pequenas, coisas, roy, general, fiction",http://images.amazon.com/images/P/9724119378.01.MZZZZZZZ.jpg
0451205197,Lady in Green/Minor Indiscretions (Signet Regency Romance),Barbara Metzger,2002,Signet Book,Romance,"Bibliographic summary: “Lady in Green/Minor Indiscretions (Signet Regency Romance)” is classified as Romance and was written by Barbara Metzger. It was published by Signet Book in 2002. Search and recommendation terms derived from the available metadata include: lady, green, minor, indiscretions, signet, regency, romance, metzger.",English,"lady, green, minor, indiscretions, signet, regency, romance, metzger",http://images.amazon.com/images/P/0451205197.01.MZZZZZZZ.jpg
0060929790,One Hundred Years of Solitude,Gabriel Garcia Marquez,1998,Perennial,General Fiction,"Bibliographic summary: “One Hundred Years of Solitude” is classified as General Fiction and was written by Gabriel Garcia Marquez. It was published by Perennial in 1998. Search and recommendation terms derived from the available metadata include: one, hundred, years, solitude, marquez, general, fiction.",English,"one, hundred, years, solitude, marquez, general, fiction",http://images.amazon.com/images/P/0060929790.01.MZZZZZZZ.jpg
0060976845,Little Altars Everywhere: A Novel,Rebecca Wells,1996,Perennial,General Fiction,"Bibliographic summary: “Little Altars Everywhere: A Novel” is classified as General Fiction and was written by Rebecca Wells. It was published by Perennial in 1996. Search and recommendation terms derived from the available metadata include: little, altars, everywhere, wells, general, fiction.",English,"little, altars, everywhere, wells, general, fiction",http://images.amazon.com/images/P/0060976845.01.MZZZZZZZ.jpg
0061099325,Coyote Waits (Joe Leaphorn/Jim Chee Novels),Tony Hillerman,1992,HarperTorch,General Fiction,"Bibliographic summary: “Coyote Waits (Joe Leaphorn/Jim Chee Novels)” is classified as General Fiction and was written by Tony Hillerman. It was published by HarperTorch in 1992. Search and recommendation terms derived from the available metadata include: coyote, waits, joe, leaphorn, jim, chee, novels, hillerman, general, fiction.",English,"coyote, waits, joe, leaphorn, jim, chee, novels, hillerman, general, fiction",http://images.amazon.com/images/P/0061099325.01.MZZZZZZZ.jpg
0671004573,Before I Say Good-Bye,Mary Higgins Clark,2001,Pocket,Mystery & Thriller,"Bibliographic summary: “Before I Say Good-Bye” is classified as Mystery & Thriller and was written by Mary Higgins Clark. It was published by Pocket in 2001. Search and recommendation terms derived from the available metadata include: before, say, good, bye, clark, mystery, thriller.",English,"before, say, good, bye, clark, mystery, thriller",http://images.amazon.com/images/P/0671004573.01.MZZZZZZZ.jpg
0446601640,Slow Waltz in Cedar Bend,Robert James Waller,1994,Warner Books,History,"Bibliographic summary: “Slow Waltz in Cedar Bend” is classified as History and was written by Robert James Waller. It was published by Warner Books in 1994. Search and recommendation terms derived from the available metadata include: slow, waltz, cedar, bend, waller, history.",English,"slow, waltz, cedar, bend, waller, history",http://images.amazon.com/images/P/0446601640.01.MZZZZZZZ.jpg
0330484516,Twenty Minute Retreats: Revive Your Spirits in Just Minutes a Day (A Pan Self-discovery Title),Rachel Harris,2001,Pan Macmillan,General Fiction,"Bibliographic summary: “Twenty Minute Retreats: Revive Your Spirits in Just Minutes a Day (A Pan Self-discovery Title)” is classified as General Fiction and was written by Rachel Harris. It was published by Pan Macmillan in 2001. Search and recommendation terms derived from the available metadata include: twenty, minute, retreats, revive, spirits, just, minutes, day, pan, self.",English,"twenty, minute, retreats, revive, spirits, just, minutes, day, pan, self",http://images.amazon.com/images/P/0330484516.01.MZZZZZZZ.jpg
038572179X,Atonement : A Novel,IAN MCEWAN,2003,Anchor,General Fiction,"Bibliographic summary: “Atonement : A Novel” is classified as General Fiction and was written by IAN MCEWAN. It was published by Anchor in 2003. Search and recommendation terms derived from the available metadata include: atonement, mcewan, general, fiction.",English,"atonement, mcewan, general, fiction",http://images.amazon.com/images/P/038572179X.01.MZZZZZZZ.jpg
0393020371,Next: The Future Just Happened,Michael Lewis,2001,W.W. Norton & Company,General Fiction,"Bibliographic summary: “Next: The Future Just Happened” is classified as General Fiction and was written by Michael Lewis. It was published by W.W. Norton & Company in 2001. Search and recommendation terms derived from the available metadata include: next, future, just, happened, lewis, general, fiction.",English,"next, future, just, happened, lewis, general, fiction",http://images.amazon.com/images/P/0393020371.01.MZZZZZZZ.jpg
1900850303,The Angelic Darkness,Richard Zimler,1999,Arcadia Books,General Fiction,"Bibliographic summary: “The Angelic Darkness” is classified as General Fiction and was written by Richard Zimler. It was published by Arcadia Books in 1999. Search and recommendation terms derived from the available metadata include: angelic, darkness, zimler, general, fiction.",English,"angelic, darkness, zimler, general, fiction",http://images.amazon.com/images/P/1900850303.01.MZZZZZZZ.jpg
1903019699,The Soulbane Stratagem,Norman Jetmundsen,2000,"John Hunt Publishing, Ltd.",Religion & Spirituality,"Bibliographic summary: “The Soulbane Stratagem” is classified as Religion & Spirituality and was written by Norman Jetmundsen. It was published by John Hunt Publishing, Ltd. in 2000. Search and recommendation terms derived from the available metadata include: soulbane, stratagem, jetmundsen, religion, spirituality.",English,"soulbane, stratagem, jetmundsen, religion, spirituality",http://images.amazon.com/images/P/1903019699.01.MZZZZZZZ.jpg
0345425294,Gangster,Lorenzo Carcaterra,2002,Fawcett Books,General Fiction,"Bibliographic summary: “Gangster” is classified as General Fiction and was written by Lorenzo Carcaterra. It was published by Fawcett Books in 2002. Search and recommendation terms derived from the available metadata include: gangster, carcaterra, general, fiction.",English,"gangster, carcaterra, general, fiction",http://images.amazon.com/images/P/0345425294.01.MZZZZZZZ.jpg
0451410319,Hush,Anne Frasier,2002,Onyx Books,General Fiction,"Bibliographic summary: “Hush” is classified as General Fiction and was written by Anne Frasier. It was published by Onyx Books in 2002. Search and recommendation terms derived from the available metadata include: hush, frasier, general, fiction.",English,"hush, frasier, general, fiction",http://images.amazon.com/images/P/0451410319.01.MZZZZZZZ.jpg
0553583468,"Whisper of Evil (Hooper, Kay. Evil Trilogy.)",Kay Hooper,2002,Bantam Books,Horror,"Bibliographic summary: “Whisper of Evil (Hooper, Kay. Evil Trilogy.)” is classified as Horror and was written by Kay Hooper. It was published by Bantam Books in 2002. Search and recommendation terms derived from the available metadata include: whisper, evil, hooper, kay, trilogy, horror.",English,"whisper, evil, hooper, kay, trilogy, horror",http://images.amazon.com/images/P/0553583468.01.MZZZZZZZ.jpg
8420639133,Temor y Temblor,Soren Kierkegaard,2001,Alianza,General Fiction,"Bibliographic summary: “Temor y Temblor” is classified as General Fiction and was written by Soren Kierkegaard. It was published by Alianza in 2001. Search and recommendation terms derived from the available metadata include: temor, temblor, kierkegaard, general, fiction.",English,"temor, temblor, kierkegaard, general, fiction",http://images.amazon.com/images/P/8420639133.01.MZZZZZZZ.jpg
8476409419,Estudios sobre el amor,Jose Ortega Y Gaset,2001,Downtown Book Center,General Fiction,"Bibliographic summary: “Estudios sobre el amor” is classified as General Fiction and was written by Jose Ortega Y Gaset. It was published by Downtown Book Center in 2001. Search and recommendation terms derived from the available metadata include: estudios, sobre, amor, gaset, general, fiction.",English,"estudios, sobre, amor, gaset, general, fiction",http://images.amazon.com/images/P/8476409419.01.MZZZZZZZ.jpg
0380778556,Rebecca,Daphne Du Maurier,1994,Avon,General Fiction,"Bibliographic summary: “Rebecca” is classified as General Fiction and was written by Daphne Du Maurier. It was published by Avon in 1994. Search and recommendation terms derived from the available metadata include: rebecca, maurier, general, fiction.",English,"rebecca, maurier, general, fiction",http://images.amazon.com/images/P/0380778556.01.MZZZZZZZ.jpg
0451525221,Scarlet Letter,Nathaniel Hawthorne,1993,Signet Book,General Fiction,"Bibliographic summary: “Scarlet Letter” is classified as General Fiction and was written by Nathaniel Hawthorne. It was published by Signet Book in 1993. Search and recommendation terms derived from the available metadata include: scarlet, letter, hawthorne, general, fiction.",English,"scarlet, letter, hawthorne, general, fiction",http://images.amazon.com/images/P/0451525221.01.MZZZZZZZ.jpg
0002740230,Keep It Simple: And Get More Out of Life,Nick Page,1999,Trafalgar Square,General Fiction,"Bibliographic summary: “Keep It Simple: And Get More Out of Life” is classified as General Fiction and was written by Nick Page. It was published by Trafalgar Square in 1999. Search and recommendation terms derived from the available metadata include: keep, simple, get, more, out, life, page, general, fiction.",English,"keep, simple, get, more, out, life, page, general, fiction",http://images.amazon.com/images/P/0002740230.01.MZZZZZZZ.jpg
0385336772,Diary of a Mad Mom-To-Be,Laura Wolf,2003,Delta,Biography & Memoir,"Bibliographic summary: “Diary of a Mad Mom-To-Be” is classified as Biography & Memoir and was written by Laura Wolf. It was published by Delta in 2003. Search and recommendation terms derived from the available metadata include: diary, mad, mom, wolf, biography, memoir.",English,"diary, mad, mom, wolf, biography, memoir",http://images.amazon.com/images/P/0385336772.01.MZZZZZZZ.jpg
0440949424,Locked in Time (Laurel Leaf Books),LOIS DUNCAN,1986,Laure Leaf,General Fiction,"Bibliographic summary: “Locked in Time (Laurel Leaf Books)” is classified as General Fiction and was written by LOIS DUNCAN. It was published by Laure Leaf in 1986. Search and recommendation terms derived from the available metadata include: locked, time, laurel, leaf, duncan, general, fiction.",English,"locked, time, laurel, leaf, duncan, general, fiction",http://images.amazon.com/images/P/0440949424.01.MZZZZZZZ.jpg
0505524996,Contact,Susan Grant,2002,Love Spell,Romance,"Bibliographic summary: “Contact” is classified as Romance and was written by Susan Grant. It was published by Love Spell in 2002. Search and recommendation terms derived from the available metadata include: contact, grant, romance.",English,"contact, grant, romance",http://images.amazon.com/images/P/0505524996.01.MZZZZZZZ.jpg
0140252800,The Brimstone Wedding,Barbara Vine,1997,Penguin Books Ltd,Romance,"Bibliographic summary: “The Brimstone Wedding” is classified as Romance and was written by Barbara Vine. It was published by Penguin Books Ltd in 1997. Search and recommendation terms derived from the available metadata include: brimstone, wedding, vine, romance.",English,"brimstone, wedding, vine, romance",http://images.amazon.com/images/P/0140252800.01.MZZZZZZZ.jpg
0451452755,The Catswold Portal,Shirley Rousseau Murphy,1993,Roc,General Fiction,"Bibliographic summary: “The Catswold Portal” is classified as General Fiction and was written by Shirley Rousseau Murphy. It was published by Roc in 1993. Search and recommendation terms derived from the available metadata include: catswold, portal, murphy, general, fiction.",English,"catswold, portal, murphy, general, fiction",http://images.amazon.com/images/P/0451452755.01.MZZZZZZZ.jpg
0812575482,Through Wolf's Eyes (Wolf),Jane Lindskold,2002,Tor Fantasy,Fantasy,"Bibliographic summary: “Through Wolf's Eyes (Wolf)” is classified as Fantasy and was written by Jane Lindskold. It was published by Tor Fantasy in 2002. Search and recommendation terms derived from the available metadata include: wolf's, eyes, wolf, lindskold, fantasy.",English,"wolf's, eyes, wolf, lindskold, fantasy",http://images.amazon.com/images/P/0812575482.01.MZZZZZZZ.jpg
044651747X,Puerto Vallarta Squeeze,Robert James Waller,1995,Warner Books,History,"Bibliographic summary: “Puerto Vallarta Squeeze” is classified as History and was written by Robert James Waller. It was published by Warner Books in 1995. Search and recommendation terms derived from the available metadata include: puerto, vallarta, squeeze, waller, history.",English,"puerto, vallarta, squeeze, waller, history",http://images.amazon.com/images/P/044651747X.01.MZZZZZZZ.jpg
0060801263,Tree Grows In Brooklyn,Betty Smith,1988,Harpercollins Publisher,General Fiction,"Bibliographic summary: “Tree Grows In Brooklyn” is classified as General Fiction and was written by Betty Smith. It was published by Harpercollins Publisher in 1988. Search and recommendation terms derived from the available metadata include: tree, grows, brooklyn, smith, general, fiction.",English,"tree, grows, brooklyn, smith, general, fiction",http://images.amazon.com/images/P/0060801263.01.MZZZZZZZ.jpg
0061030147,"Cybill Disobedience: How I Survived Beauty Pageants, Elvis, Sex, Bruce Willis, Lies, Marriage, Motherhood, Hollywood, and the Irrepressible Urge to Say What I Think",Cybill Shepherd,2001,Avon Books,Romance,"Bibliographic summary: “Cybill Disobedience: How I Survived Beauty Pageants, Elvis, Sex, Bruce Willis, Lies, Marriage, Motherhood, Hollywood, and the Irrepressible Urge to Say What I Think” is classified as Romance and was written by Cybill Shepherd. It was published by Avon Books in 2001. Search and recommendation terms derived from the available metadata include: cybill, disobedience, how, survived, beauty, pageants, elvis, sex, bruce, willis.",English,"cybill, disobedience, how, survived, beauty, pageants, elvis, sex, bruce, willis",http://images.amazon.com/images/P/0061030147.01.MZZZZZZZ.jpg
0140250964,Snow Angels,Stewart O'Nan,1995,Penguin Books,History,"Bibliographic summary: “Snow Angels” is classified as History and was written by Stewart O'Nan. It was published by Penguin Books in 1995. Search and recommendation terms derived from the available metadata include: snow, angels, o'nan, history.",English,"snow, angels, o'nan, history",http://images.amazon.com/images/P/0140250964.01.MZZZZZZZ.jpg
0446527165,Wish You Well,David Baldacci,2000,Warner Books,History,"Bibliographic summary: “Wish You Well” is classified as History and was written by David Baldacci. It was published by Warner Books in 2000. Search and recommendation terms derived from the available metadata include: wish, you, well, baldacci, history.",English,"wish, you, well, baldacci, history",http://images.amazon.com/images/P/0446527165.01.MZZZZZZZ.jpg
0671461494,The Hitchhiker's Guide to the Galaxy,Douglas Adams,1982,Pocket,Science Fiction,"Bibliographic summary: “The Hitchhiker's Guide to the Galaxy” is classified as Science Fiction and was written by Douglas Adams. It was published by Pocket in 1982. Search and recommendation terms derived from the available metadata include: hitchhiker's, guide, galaxy, adams, science, fiction.",English,"hitchhiker's, guide, galaxy, adams, science, fiction",http://images.amazon.com/images/P/0671461494.01.MZZZZZZZ.jpg
0385337639,Crow Lake (Today Show Book Club #7),Mary Lawson,2003,Delta,Politics & Society,"Bibliographic summary: “Crow Lake (Today Show Book Club #7)” is classified as Politics & Society and was written by Mary Lawson. It was published by Delta in 2003. Search and recommendation terms derived from the available metadata include: crow, lake, today, show, club, lawson, politics, society.",English,"crow, lake, today, show, club, lawson, politics, society",http://images.amazon.com/images/P/0385337639.01.MZZZZZZZ.jpg
039575514X,My Antonia,Willa Cather,1995,Mariner Books,General Fiction,"Bibliographic summary: “My Antonia” is classified as General Fiction and was written by Willa Cather. It was published by Mariner Books in 1995. Search and recommendation terms derived from the available metadata include: antonia, cather, general, fiction.",English,"antonia, cather, general, fiction",http://images.amazon.com/images/P/039575514X.01.MZZZZZZZ.jpg
0451206673,Pen Pals,Olivia Goldsmith,2002,Signet Book,General Fiction,"Bibliographic summary: “Pen Pals” is classified as General Fiction and was written by Olivia Goldsmith. It was published by Signet Book in 2002. Search and recommendation terms derived from the available metadata include: pen, pals, goldsmith, general, fiction.",English,"pen, pals, goldsmith, general, fiction",http://images.amazon.com/images/P/0451206673.01.MZZZZZZZ.jpg
0330332775,Bridget Jones's Diary,Helen Fielding,1997,Picador (UK),Biography & Memoir,"Bibliographic summary: “Bridget Jones's Diary” is classified as Biography & Memoir and was written by Helen Fielding. It was published by Picador (UK) in 1997. Search and recommendation terms derived from the available metadata include: bridget, jones's, diary, fielding, biography, memoir.",English,"bridget, jones's, diary, fielding, biography, memoir",http://images.amazon.com/images/P/0330332775.01.MZZZZZZZ.jpg
0486284735,Pride and Prejudice (Dover Thrift Editions),Jane Austen,1995,Dover Publications,General Fiction,"Bibliographic summary: “Pride and Prejudice (Dover Thrift Editions)” is classified as General Fiction and was written by Jane Austen. It was published by Dover Publications in 1995. Search and recommendation terms derived from the available metadata include: pride, prejudice, dover, thrift, editions, austen, general, fiction.",English,"pride, prejudice, dover, thrift, editions, austen, general, fiction",http://images.amazon.com/images/P/0486284735.01.MZZZZZZZ.jpg
0671021745,EYE ON CRIME: HARDY BOYS #153,Franklin W. Dixon,1998,Aladdin,Mystery & Thriller,"Bibliographic summary: “EYE ON CRIME: HARDY BOYS #153” is classified as Mystery & Thriller and was written by Franklin W. Dixon. It was published by Aladdin in 1998. Search and recommendation terms derived from the available metadata include: eye, crime, hardy, boys, 153, dixon, mystery, thriller.",English,"eye, crime, hardy, boys, 153, dixon, mystery, thriller",http://images.amazon.com/images/P/0671021745.01.MZZZZZZZ.jpg
0671047612,Skin And Bones,Franklin W. Dixon,2000,Aladdin,General Fiction,"Bibliographic summary: “Skin And Bones” is classified as General Fiction and was written by Franklin W. Dixon. It was published by Aladdin in 2000. Search and recommendation terms derived from the available metadata include: skin, bones, dixon, general, fiction.",English,"skin, bones, dixon, general, fiction",http://images.amazon.com/images/P/0671047612.01.MZZZZZZZ.jpg
0671504282,"LAW OF THE JUNGLE (HARDY BOYS CASE FILE 105) : LAW OF THE JUNGLE (Hardy Boys, The)",Franklin W. Dixon,1995,Simon Pulse,Politics & Society,"Bibliographic summary: “LAW OF THE JUNGLE (HARDY BOYS CASE FILE 105) : LAW OF THE JUNGLE (Hardy Boys, The)” is classified as Politics & Society and was written by Franklin W. Dixon. It was published by Simon Pulse in 1995. Search and recommendation terms derived from the available metadata include: law, jungle, hardy, boys, case, file, 105, dixon, politics, society.",English,"law, jungle, hardy, boys, case, file, 105, dixon, politics, society",http://images.amazon.com/images/P/0671504282.01.MZZZZZZZ.jpg
0399138684,The Cat Who Came to Breakfast (Cat Who... (Hardcover)),Lilian Jackson Braun,1994,Putnam Pub Group,General Fiction,"Bibliographic summary: “The Cat Who Came to Breakfast (Cat Who... (Hardcover))” is classified as General Fiction and was written by Lilian Jackson Braun. It was published by Putnam Pub Group in 1994. Search and recommendation terms derived from the available metadata include: cat, who, came, breakfast, hardcover, braun, general, fiction.",English,"cat, who, came, breakfast, hardcover, braun, general, fiction",http://images.amazon.com/images/P/0399138684.01.MZZZZZZZ.jpg
0785263292,"If Singleness Is a Gift, What's the Return Policy?",Holly Virden,2003,Nelson Books,General Fiction,"Bibliographic summary: “If Singleness Is a Gift, What's the Return Policy?” is classified as General Fiction and was written by Holly Virden. It was published by Nelson Books in 2003. Search and recommendation terms derived from the available metadata include: singleness, gift, what's, return, policy, virden, general, fiction.",English,"singleness, gift, what's, return, policy, virden, general, fiction",http://images.amazon.com/images/P/0785263292.01.MZZZZZZZ.jpg
0830714014,Always Daddy's Girl: Understanding Your Father's Impact on Who You Are,H. Norman Wright,1989,Regal Books,General Fiction,"Bibliographic summary: “Always Daddy's Girl: Understanding Your Father's Impact on Who You Are” is classified as General Fiction and was written by H. Norman Wright. It was published by Regal Books in 1989. Search and recommendation terms derived from the available metadata include: always, daddy's, girl, understanding, father's, impact, who, you, wright, general.",English,"always, daddy's, girl, understanding, father's, impact, who, you, wright, general",http://images.amazon.com/images/P/0830714014.01.MZZZZZZZ.jpg
0345354931,Night Mare (Xanth Novels (Paperback)),Piers Anthony,1990,Del Rey Books,General Fiction,"Bibliographic summary: “Night Mare (Xanth Novels (Paperback))” is classified as General Fiction and was written by Piers Anthony. It was published by Del Rey Books in 1990. Search and recommendation terms derived from the available metadata include: night, mare, xanth, novels, paperback, anthony, general, fiction.",English,"night, mare, xanth, novels, paperback, anthony, general, fiction",http://images.amazon.com/images/P/0345354931.01.MZZZZZZZ.jpg
0553278223,The Martian Chronicles,RAY BRADBURY,1984,Spectra,Science Fiction,"Bibliographic summary: “The Martian Chronicles” is classified as Science Fiction and was written by RAY BRADBURY. It was published by Spectra in 1984. Search and recommendation terms derived from the available metadata include: martian, chronicles, bradbury, science, fiction.",English,"martian, chronicles, bradbury, science, fiction",http://images.amazon.com/images/P/0553278223.01.MZZZZZZZ.jpg
3257203659,Der illustrierte Mann. ErzÃ?Â¤hlungen.,Ray Bradbury,2002,Diogenes,Science Fiction,"Bibliographic summary: “Der illustrierte Mann. ErzÃ?Â¤hlungen.” is classified as Science Fiction and was written by Ray Bradbury. It was published by Diogenes in 2002. Search and recommendation terms derived from the available metadata include: der, illustrierte, mann, erzã, hlungen, bradbury, science, fiction.",French,"der, illustrierte, mann, erzã, hlungen, bradbury, science, fiction",http://images.amazon.com/images/P/3257203659.01.MZZZZZZZ.jpg
3257207522,Der KÃ?Â¶nig in Gelb.,Raymond Chandler,1980,Diogenes Verlag,General Fiction,"Bibliographic summary: “Der KÃ?Â¶nig in Gelb.” is classified as General Fiction and was written by Raymond Chandler. It was published by Diogenes Verlag in 1980. Search and recommendation terms derived from the available metadata include: der, nig, gelb, chandler, general, fiction.",French,"der, nig, gelb, chandler, general, fiction",http://images.amazon.com/images/P/3257207522.01.MZZZZZZZ.jpg
3257208626,Fahrenheit 451,Ray Bradbury,1994,Distribooks Inc,Science Fiction,"Bibliographic summary: “Fahrenheit 451” is classified as Science Fiction and was written by Ray Bradbury. It was published by Distribooks Inc in 1994. Search and recommendation terms derived from the available metadata include: fahrenheit, 451, bradbury, science, fiction.",English,"fahrenheit, 451, bradbury, science, fiction",http://images.amazon.com/images/P/3257208626.01.MZZZZZZZ.jpg
3257208634,Die Mars- Chroniken. Roman in ErzÃ?Â¤hlungen.,Ray Bradbury,1981,Diogenes Verlag,Science Fiction,"Bibliographic summary: “Die Mars- Chroniken. Roman in ErzÃ?Â¤hlungen.” is classified as Science Fiction and was written by Ray Bradbury. It was published by Diogenes Verlag in 1981. Search and recommendation terms derived from the available metadata include: die, mars, chroniken, roman, erzã, hlungen, bradbury, science, fiction.",French,"die, mars, chroniken, roman, erzã, hlungen, bradbury, science, fiction",http://images.amazon.com/images/P/3257208634.01.MZZZZZZZ.jpg
3257208669,Das BÃ?Â¶se kommt auf leisen Sohlen.,Ray Bradbury,2003,Diogenes,Science Fiction,"Bibliographic summary: “Das BÃ?Â¶se kommt auf leisen Sohlen.” is classified as Science Fiction and was written by Ray Bradbury. It was published by Diogenes in 2003. Search and recommendation terms derived from the available metadata include: das, kommt, auf, leisen, sohlen, bradbury, science, fiction.",German,"das, kommt, auf, leisen, sohlen, bradbury, science, fiction",http://images.amazon.com/images/P/3257208669.01.MZZZZZZZ.jpg
3257210450,LÃ?Â¶wenzahnwein. Roman.,Ray Bradbury,1999,Diogenes Verlag,Science Fiction,"Bibliographic summary: “LÃ?Â¶wenzahnwein. Roman.” is classified as Science Fiction and was written by Ray Bradbury. It was published by Diogenes Verlag in 1999. Search and recommendation terms derived from the available metadata include: wenzahnwein, roman, bradbury, science, fiction.",French,"wenzahnwein, roman, bradbury, science, fiction",http://images.amazon.com/images/P/3257210450.01.MZZZZZZZ.jpg
3257212054,Das Kind von morgen. ErzÃ?Â¤hlungen.,Ray Bradbury,2000,Diogenes Verlag,Science Fiction,"Bibliographic summary: “Das Kind von morgen. ErzÃ?Â¤hlungen.” is classified as Science Fiction and was written by Ray Bradbury. It was published by Diogenes Verlag in 2000. Search and recommendation terms derived from the available metadata include: das, kind, von, morgen, erzã, hlungen, bradbury, science, fiction.",German,"das, kind, von, morgen, erzã, hlungen, bradbury, science, fiction",http://images.amazon.com/images/P/3257212054.01.MZZZZZZZ.jpg
3257212429,Die Mechanismen der Freude. ErzÃ?Â¤hlungen.,Ray Bradbury,2000,Diogenes Verlag,Science Fiction,"Bibliographic summary: “Die Mechanismen der Freude. ErzÃ?Â¤hlungen.” is classified as Science Fiction and was written by Ray Bradbury. It was published by Diogenes Verlag in 2000. Search and recommendation terms derived from the available metadata include: die, mechanismen, der, freude, erzã, hlungen, bradbury, science, fiction.",German,"die, mechanismen, der, freude, erzã, hlungen, bradbury, science, fiction",http://images.amazon.com/images/P/3257212429.01.MZZZZZZZ.jpg
3257214154,Familientreffen. ErzÃ?Â¤hlungen.,Ray Bradbury,2000,Diogenes Verlag,Science Fiction,"Bibliographic summary: “Familientreffen. ErzÃ?Â¤hlungen.” is classified as Science Fiction and was written by Ray Bradbury. It was published by Diogenes Verlag in 2000. Search and recommendation terms derived from the available metadata include: familientreffen, erzã, hlungen, bradbury, science, fiction.",French,"familientreffen, erzã, hlungen, bradbury, science, fiction",http://images.amazon.com/images/P/3257214154.01.MZZZZZZZ.jpg
3257216416,Der Tod kommt schnell in Mexico. ErzÃ?Â¤hlungen.,Ray Bradbury,1988,Diogenes Verlag,Science Fiction,"Bibliographic summary: “Der Tod kommt schnell in Mexico. ErzÃ?Â¤hlungen.” is classified as Science Fiction and was written by Ray Bradbury. It was published by Diogenes Verlag in 1988. Search and recommendation terms derived from the available metadata include: der, tod, kommt, schnell, mexico, erzã, hlungen, bradbury, science, fiction.",French,"der, tod, kommt, schnell, mexico, erzã, hlungen, bradbury, science, fiction",http://images.amazon.com/images/P/3257216416.01.MZZZZZZZ.jpg
3257233051,Veronika Deschliesst Zu Sterben / Vernika Decides to Die,Paolo Coelho,2002,Distribooks,General Fiction,"Bibliographic summary: “Veronika Deschliesst Zu Sterben / Vernika Decides to Die” is classified as General Fiction and was written by Paolo Coelho. It was published by Distribooks in 2002. Search and recommendation terms derived from the available metadata include: veronika, deschliesst, sterben, vernika, decides, die, coelho, general, fiction.",English,"veronika, deschliesst, sterben, vernika, decides, die, coelho, general, fiction",http://images.amazon.com/images/P/3257233051.01.MZZZZZZZ.jpg
3423116714,Die Klone der Joanna May. Roman.,Fay Weldon,1993,Dtv,General Fiction,"Bibliographic summary: “Die Klone der Joanna May. Roman.” is classified as General Fiction and was written by Fay Weldon. It was published by Dtv in 1993. Search and recommendation terms derived from the available metadata include: die, klone, der, joanna, may, roman, weldon, general, fiction.",German,"die, klone, der, joanna, may, roman, weldon, general, fiction",http://images.amazon.com/images/P/3423116714.01.MZZZZZZZ.jpg
3423241489,Ist mein Hintern wirklich so dick? Tagebuch einer empfindsamen Frau.,Arabella Weir,1998,Dtv,General Fiction,"Bibliographic summary: “Ist mein Hintern wirklich so dick? Tagebuch einer empfindsamen Frau.” is classified as General Fiction and was written by Arabella Weir. It was published by Dtv in 1998. Search and recommendation terms derived from the available metadata include: ist, mein, hintern, wirklich, dick, tagebuch, einer, empfindsamen, frau, weir.",English,"ist, mein, hintern, wirklich, dick, tagebuch, einer, empfindsamen, frau, weir",http://images.amazon.com/images/P/3423241489.01.MZZZZZZZ.jpg
3426605686,Haifischfrauen.,Kiana Davenport,1996,"Droemersche Verlagsanstalt Th. Knaur Nachf., GmbH & Co.",General Fiction,"Bibliographic summary: “Haifischfrauen.” is classified as General Fiction and was written by Kiana Davenport. It was published by Droemersche Verlagsanstalt Th. Knaur Nachf., GmbH & Co. in 1996. Search and recommendation terms derived from the available metadata include: haifischfrauen, davenport, general, fiction.",English,"haifischfrauen, davenport, general, fiction",http://images.amazon.com/images/P/3426605686.01.MZZZZZZZ.jpg
3453212150,Die Cappuccino- Jahre. Aus dem Tagebuch des Adrian Mole.,Sue Townsend,2002,Heyne,General Fiction,"Bibliographic summary: “Die Cappuccino- Jahre. Aus dem Tagebuch des Adrian Mole.” is classified as General Fiction and was written by Sue Townsend. It was published by Heyne in 2002. Search and recommendation terms derived from the available metadata include: die, cappuccino, jahre, aus, dem, tagebuch, des, adrian, mole, townsend.",English,"die, cappuccino, jahre, aus, dem, tagebuch, des, adrian, mole, townsend",http://images.amazon.com/images/P/3453212150.01.MZZZZZZZ.jpg
3462021095,Schwarzer Tee mit drei StÃ¼ck Zucker,Renan Demirkan,1991,Kiepenheuer & Witsch,History,"Bibliographic summary: “Schwarzer Tee mit drei StÃ¼ck Zucker” is classified as History and was written by Renan Demirkan. It was published by Kiepenheuer & Witsch in 1991. Search and recommendation terms derived from the available metadata include: schwarzer, tee, mit, drei, stã, zucker, demirkan, history.",Portuguese,"schwarzer, tee, mit, drei, stã, zucker, demirkan, history",http://images.amazon.com/images/P/3462021095.01.MZZZZZZZ.jpg
3492045642,QuerschÃ?Â¼sse - Downsize This!,Michael Moore,2003,Piper,General Fiction,"Bibliographic summary: “QuerschÃ?Â¼sse - Downsize This!” is classified as General Fiction and was written by Michael Moore. It was published by Piper in 2003. Search and recommendation terms derived from the available metadata include: querschã, sse, downsize, moore, general, fiction.",French,"querschã, sse, downsize, moore, general, fiction",http://images.amazon.com/images/P/3492045642.01.MZZZZZZZ.jpg
3498020862,Die Korrekturen.,Jonathan Franzen,2002,"Rowohlt, Reinbek",General Fiction,"Bibliographic summary: “Die Korrekturen.” is classified as General Fiction and was written by Jonathan Franzen. It was published by Rowohlt, Reinbek in 2002. Search and recommendation terms derived from the available metadata include: die, korrekturen, franzen, general, fiction.",English,"die, korrekturen, franzen, general, fiction",http://images.amazon.com/images/P/3498020862.01.MZZZZZZZ.jpg
3499110695,Neun ErzÃ?Â¤hlungen.,Jerome D. Salinger,1968,Rowohlt Tb.,General Fiction,"Bibliographic summary: “Neun ErzÃ?Â¤hlungen.” is classified as General Fiction and was written by Jerome D. Salinger. It was published by Rowohlt Tb. in 1968. Search and recommendation terms derived from the available metadata include: neun, erzã, hlungen, salinger, general, fiction.",French,"neun, erzã, hlungen, salinger, general, fiction",http://images.amazon.com/images/P/3499110695.01.MZZZZZZZ.jpg
3499151502,"Hebt den Dachbalken hoch, Zimmerleute / Seymour wird vorgestellt.",Jerome D. Salinger,1998,Rowohlt Tb.,General Fiction,"Bibliographic summary: “Hebt den Dachbalken hoch, Zimmerleute / Seymour wird vorgestellt.” is classified as General Fiction and was written by Jerome D. Salinger. It was published by Rowohlt Tb. in 1998. Search and recommendation terms derived from the available metadata include: hebt, den, dachbalken, hoch, zimmerleute, seymour, wird, vorgestellt, salinger, general.",English,"hebt, den, dachbalken, hoch, zimmerleute, seymour, wird, vorgestellt, salinger, general",http://images.amazon.com/images/P/3499151502.01.MZZZZZZZ.jpg
3518111000,"Ulysses (Ã?Â?bersetzg. WollschlÃ?Â¤ger). ( Neue Folge, 100).",James Joyce,1981,Suhrkamp,General Fiction,"Bibliographic summary: “Ulysses (Ã?Â?bersetzg. WollschlÃ?Â¤ger). ( Neue Folge, 100).” is classified as General Fiction and was written by James Joyce. It was published by Suhrkamp in 1981. Search and recommendation terms derived from the available metadata include: ulysses, bersetzg, wollschlã, ger, neue, folge, 100, joyce, general, fiction.",French,"ulysses, bersetzg, wollschlã, ger, neue, folge, 100, joyce, general, fiction",http://images.amazon.com/images/P/3518111000.01.MZZZZZZZ.jpg
3548254268,Eine ganz normale AffÃ?Â¤re.,Joanna Trollope,2002,Ullstein Tb,General Fiction,"Bibliographic summary: “Eine ganz normale AffÃ?Â¤re.” is classified as General Fiction and was written by Joanna Trollope. It was published by Ullstein Tb in 2002. Search and recommendation terms derived from the available metadata include: eine, ganz, normale, affã, trollope, general, fiction.",French,"eine, ganz, normale, affã, trollope, general, fiction",http://images.amazon.com/images/P/3548254268.01.MZZZZZZZ.jpg
3570300099,"Das Intimleben des Adrian Mole, 13 3/4 Jahre. cbt. ( Ab 14 J.).",Sue Townsend,2002,"Bertelsmann, MÃ?Â¼nchen",General Fiction,"Bibliographic summary: “Das Intimleben des Adrian Mole, 13 3/4 Jahre. cbt. ( Ab 14 J.).” is classified as General Fiction and was written by Sue Townsend. It was published by Bertelsmann, MÃ?Â¼nchen in 2002. Search and recommendation terms derived from the available metadata include: das, intimleben, des, adrian, mole, jahre, cbt, townsend, general, fiction.",English,"das, intimleben, des, adrian, mole, jahre, cbt, townsend, general, fiction",http://images.amazon.com/images/P/3570300099.01.MZZZZZZZ.jpg
3596292646,Das Buch der lÃ?Â¤cherlichen Liebe.,Milan Kundera,2000,"Fischer (Tb.), Frankfurt",General Fiction,"Bibliographic summary: “Das Buch der lÃ?Â¤cherlichen Liebe.” is classified as General Fiction and was written by Milan Kundera. It was published by Fischer (Tb.), Frankfurt in 2000. Search and recommendation terms derived from the available metadata include: das, buch, der, cherlichen, liebe, kundera, general, fiction.",German,"das, buch, der, cherlichen, liebe, kundera, general, fiction",http://images.amazon.com/images/P/3596292646.01.MZZZZZZZ.jpg
0060977493,The God of Small Things,Arundhati Roy,1998,Perennial,Religion & Spirituality,"Bibliographic summary: “The God of Small Things” is classified as Religion & Spirituality and was written by Arundhati Roy. It was published by Perennial in 1998. Search and recommendation terms derived from the available metadata include: god, small, things, roy, religion, spirituality.",English,"god, small, things, roy, religion, spirituality",http://images.amazon.com/images/P/0060977493.01.MZZZZZZZ.jpg
0312872682,The James Dean Affair: A Neil Gulliver & Stevie Marriner Novel,Robert S. Levinson,2000,St Martins Pr,Romance,"Bibliographic summary: “The James Dean Affair: A Neil Gulliver & Stevie Marriner Novel” is classified as Romance and was written by Robert S. Levinson. It was published by St Martins Pr in 2000. Search and recommendation terms derived from the available metadata include: james, dean, affair, neil, gulliver, stevie, marriner, levinson, romance.",English,"james, dean, affair, neil, gulliver, stevie, marriner, levinson, romance",http://images.amazon.com/images/P/0312872682.01.MZZZZZZZ.jpg
0316602906,The Big Bad Wolf: A Novel,James Patterson,2003,"Little, Brown",Mystery & Thriller,"Bibliographic summary: “The Big Bad Wolf: A Novel” is classified as Mystery & Thriller and was written by James Patterson. It was published by Little, Brown in 2003. Search and recommendation terms derived from the available metadata include: big, bad, wolf, patterson, mystery, thriller.",English,"big, bad, wolf, patterson, mystery, thriller",http://images.amazon.com/images/P/0316602906.01.MZZZZZZZ.jpg
0316693006,Four Blind Mice,James Patterson,2002,"Little, Brown",Mystery & Thriller,"Bibliographic summary: “Four Blind Mice” is classified as Mystery & Thriller and was written by James Patterson. It was published by Little, Brown in 2002. Search and recommendation terms derived from the available metadata include: four, blind, mice, patterson, mystery, thriller.",English,"four, blind, mice, patterson, mystery, thriller",http://images.amazon.com/images/P/0316693006.01.MZZZZZZZ.jpg
0345311396,Private Screening,Richard North Patterson,1994,Ballantine Books,General Fiction,"Bibliographic summary: “Private Screening” is classified as General Fiction and was written by Richard North Patterson. It was published by Ballantine Books in 1994. Search and recommendation terms derived from the available metadata include: private, screening, patterson, general, fiction.",English,"private, screening, patterson, general, fiction",http://images.amazon.com/images/P/0345311396.01.MZZZZZZZ.jpg
0345378490,Congo,Michael Crichton,1995,Ballantine Books,Science Fiction,"Bibliographic summary: “Congo” is classified as Science Fiction and was written by Michael Crichton. It was published by Ballantine Books in 1995. Search and recommendation terms derived from the available metadata include: congo, crichton, science, fiction.",English,"congo, crichton, science, fiction",http://images.amazon.com/images/P/0345378490.01.MZZZZZZZ.jpg
0345404793,Protect and Defend,Richard North Patterson,2001,Ballantine Books,General Fiction,"Bibliographic summary: “Protect and Defend” is classified as General Fiction and was written by Richard North Patterson. It was published by Ballantine Books in 2001. Search and recommendation terms derived from the available metadata include: protect, defend, patterson, general, fiction.",English,"protect, defend, patterson, general, fiction",http://images.amazon.com/images/P/0345404793.01.MZZZZZZZ.jpg
0345433173,The Tall Pine Polka,Lorna Landvik,1999,Ballantine Books,General Fiction,"Bibliographic summary: “The Tall Pine Polka” is classified as General Fiction and was written by Lorna Landvik. It was published by Ballantine Books in 1999. Search and recommendation terms derived from the available metadata include: tall, pine, polka, landvik, general, fiction.",English,"tall, pine, polka, landvik, general, fiction",http://images.amazon.com/images/P/0345433173.01.MZZZZZZZ.jpg
0375400117,Memoirs of a Geisha,Arthur Golden,1997,Alfred A. Knopf,Biography & Memoir,"Bibliographic summary: “Memoirs of a Geisha” is classified as Biography & Memoir and was written by Arthur Golden. It was published by Alfred A. Knopf in 1997. Search and recommendation terms derived from the available metadata include: memoirs, geisha, golden, biography, memoir.",English,"memoirs, geisha, golden, biography, memoir",http://images.amazon.com/images/P/0375400117.01.MZZZZZZZ.jpg
0375705856,Plainsong (Vintage Contemporaries),KENT HARUF,2000,Vintage,General Fiction,"Bibliographic summary: “Plainsong (Vintage Contemporaries)” is classified as General Fiction and was written by KENT HARUF. It was published by Vintage in 2000. Search and recommendation terms derived from the available metadata include: plainsong, vintage, contemporaries, haruf, general, fiction.",English,"plainsong, vintage, contemporaries, haruf, general, fiction",http://images.amazon.com/images/P/0375705856.01.MZZZZZZZ.jpg
0380717018,Body of Evidence (Kay Scarpetta Mysteries (Paperback)),Patricia D. Cornwell,1992,Avon,General Fiction,"Bibliographic summary: “Body of Evidence (Kay Scarpetta Mysteries (Paperback))” is classified as General Fiction and was written by Patricia D. Cornwell. It was published by Avon in 1992. Search and recommendation terms derived from the available metadata include: body, evidence, kay, scarpetta, mysteries, paperback, cornwell, general, fiction.",English,"body, evidence, kay, scarpetta, mysteries, paperback, cornwell, general, fiction",http://images.amazon.com/images/P/0380717018.01.MZZZZZZZ.jpg
0380718332,All That Remains (Kay Scarpetta Mysteries (Paperback)),Patricia D. Cornwell,1993,Avon,General Fiction,"Bibliographic summary: “All That Remains (Kay Scarpetta Mysteries (Paperback))” is classified as General Fiction and was written by Patricia D. Cornwell. It was published by Avon in 1993. Search and recommendation terms derived from the available metadata include: all, remains, kay, scarpetta, mysteries, paperback, cornwell, general, fiction.",English,"all, remains, kay, scarpetta, mysteries, paperback, cornwell, general, fiction",http://images.amazon.com/images/P/0380718332.01.MZZZZZZZ.jpg
0380754509,The Case of the Lost Look-Alike (An Avon Camelot Book),Carol J. Farley,1988,Avon Books,Mystery & Thriller,"Bibliographic summary: “The Case of the Lost Look-Alike (An Avon Camelot Book)” is classified as Mystery & Thriller and was written by Carol J. Farley. It was published by Avon Books in 1988. Search and recommendation terms derived from the available metadata include: case, lost, look, alike, avon, camelot, farley, mystery, thriller.",English,"case, lost, look, alike, avon, camelot, farley, mystery, thriller",http://images.amazon.com/images/P/0380754509.01.MZZZZZZZ.jpg
038076654X,Petals on the River,Kathleen E. Woodiwiss,1997,Avon Trade,General Fiction,"Bibliographic summary: “Petals on the River” is classified as General Fiction and was written by Kathleen E. Woodiwiss. It was published by Avon Trade in 1997. Search and recommendation terms derived from the available metadata include: petals, river, woodiwiss, general, fiction.",English,"petals, river, woodiwiss, general, fiction",http://images.amazon.com/images/P/038076654X.01.MZZZZZZZ.jpg
0380807866,The Elusive Flame,Kathleen E. Woodiwiss,1999,Avon,General Fiction,"Bibliographic summary: “The Elusive Flame” is classified as General Fiction and was written by Kathleen E. Woodiwiss. It was published by Avon in 1999. Search and recommendation terms derived from the available metadata include: elusive, flame, woodiwiss, general, fiction.",English,"elusive, flame, woodiwiss, general, fiction",http://images.amazon.com/images/P/0380807866.01.MZZZZZZZ.jpg
0385316895,Legacy of Silence,Belva Plain,1998,Bantam Dell Pub Group,General Fiction,"Bibliographic summary: “Legacy of Silence” is classified as General Fiction and was written by Belva Plain. It was published by Bantam Dell Pub Group in 1998. Search and recommendation terms derived from the available metadata include: legacy, silence, plain, general, fiction.",English,"legacy, silence, plain, general, fiction",http://images.amazon.com/images/P/0385316895.01.MZZZZZZZ.jpg
0385497466,The Brethren,JOHN GRISHAM,2000,Doubleday,Mystery & Thriller,"Bibliographic summary: “The Brethren” is classified as Mystery & Thriller and was written by JOHN GRISHAM. It was published by Doubleday in 2000. Search and recommendation terms derived from the available metadata include: brethren, grisham, mystery, thriller.",English,"brethren, grisham, mystery, thriller",http://images.amazon.com/images/P/0385497466.01.MZZZZZZZ.jpg
0385508042,The King of Torts,John Grisham,2003,Doubleday Books,Mystery & Thriller,"Bibliographic summary: “The King of Torts” is classified as Mystery & Thriller and was written by John Grisham. It was published by Doubleday Books in 2003. Search and recommendation terms derived from the available metadata include: king, torts, grisham, mystery, thriller.",English,"king, torts, grisham, mystery, thriller",http://images.amazon.com/images/P/0385508042.01.MZZZZZZZ.jpg
0385509456,The Curious Incident of the Dog in the Night-Time : A Novel,MARK HADDON,2003,Doubleday,General Fiction,"Bibliographic summary: “The Curious Incident of the Dog in the Night-Time : A Novel” is classified as General Fiction and was written by MARK HADDON. It was published by Doubleday in 2003. Search and recommendation terms derived from the available metadata include: curious, incident, dog, night, time, haddon, general, fiction.",English,"curious, incident, dog, night, time, haddon, general, fiction",http://images.amazon.com/images/P/0385509456.01.MZZZZZZZ.jpg
0385511612,Bleachers,John Grisham,2003,Doubleday,Mystery & Thriller,"Bibliographic summary: “Bleachers” is classified as Mystery & Thriller and was written by John Grisham. It was published by Doubleday in 2003. Search and recommendation terms derived from the available metadata include: bleachers, grisham, mystery, thriller.",English,"bleachers, grisham, mystery, thriller",http://images.amazon.com/images/P/0385511612.01.MZZZZZZZ.jpg
0385730586,Sisterhood of the Traveling Pants,ANN BRASHARES,2003,Delacorte Books for Young Readers,Travel & Geography,"Bibliographic summary: “Sisterhood of the Traveling Pants” is classified as Travel & Geography and was written by ANN BRASHARES. It was published by Delacorte Books for Young Readers in 2003. Search and recommendation terms derived from the available metadata include: sisterhood, traveling, pants, brashares, travel, geography.",English,"sisterhood, traveling, pants, brashares, travel, geography",http://images.amazon.com/images/P/0385730586.01.MZZZZZZZ.jpg
0425164403,Only Love (Magical Love),Erich Segal,1998,Berkley Publishing Group,Fantasy,"Bibliographic summary: “Only Love (Magical Love)” is classified as Fantasy and was written by Erich Segal. It was published by Berkley Publishing Group in 1998. Search and recommendation terms derived from the available metadata include: only, love, magical, segal, fantasy.",English,"only, love, magical, segal, fantasy",http://images.amazon.com/images/P/0425164403.01.MZZZZZZZ.jpg
0440234964,All or Nothing (Wheeler Large Print Books),Elizabeth Adler,2000,Island,General Fiction,"Bibliographic summary: “All or Nothing (Wheeler Large Print Books)” is classified as General Fiction and was written by Elizabeth Adler. It was published by Island in 2000. Search and recommendation terms derived from the available metadata include: all, nothing, wheeler, large, print, adler, general, fiction.",English,"all, nothing, wheeler, large, print, adler, general, fiction",http://images.amazon.com/images/P/0440234964.01.MZZZZZZZ.jpg
0446605484,Roses Are Red (Alex Cross Novels),James Patterson,2001,Warner Vision,Mystery & Thriller,"Bibliographic summary: “Roses Are Red (Alex Cross Novels)” is classified as Mystery & Thriller and was written by James Patterson. It was published by Warner Vision in 2001. Search and recommendation terms derived from the available metadata include: roses, red, alex, cross, novels, patterson, mystery, thriller.",English,"roses, red, alex, cross, novels, patterson, mystery, thriller",http://images.amazon.com/images/P/0446605484.01.MZZZZZZZ.jpg
0446610399,The Rescue,Nicholas Sparks,2001,Warner Books,Romance,"Bibliographic summary: “The Rescue” is classified as Romance and was written by Nicholas Sparks. It was published by Warner Books in 2001. Search and recommendation terms derived from the available metadata include: rescue, sparks, romance.",English,"rescue, sparks, romance",http://images.amazon.com/images/P/0446610399.01.MZZZZZZZ.jpg
0449006522,Manhattan Hunt Club,JOHN SAUL,2002,Ballantine Books,General Fiction,"Bibliographic summary: “Manhattan Hunt Club” is classified as General Fiction and was written by JOHN SAUL. It was published by Ballantine Books in 2002. Search and recommendation terms derived from the available metadata include: manhattan, hunt, club, saul, general, fiction.",English,"manhattan, hunt, club, saul, general, fiction",http://images.amazon.com/images/P/0449006522.01.MZZZZZZZ.jpg
0449911004,Patty Jane's House of Curl (Ballantine Reader's Circle),LORNA LANDVIK,1996,Ballantine Books,General Fiction,"Bibliographic summary: “Patty Jane's House of Curl (Ballantine Reader's Circle)” is classified as General Fiction and was written by LORNA LANDVIK. It was published by Ballantine Books in 1996. Search and recommendation terms derived from the available metadata include: patty, jane's, house, curl, ballantine, reader's, circle, landvik, general, fiction.",English,"patty, jane's, house, curl, ballantine, reader's, circle, landvik, general, fiction",http://images.amazon.com/images/P/0449911004.01.MZZZZZZZ.jpg
0451162072,Pet Sematary,Stephen King,1994,Signet Book,Horror,"Bibliographic summary: “Pet Sematary” is classified as Horror and was written by Stephen King. It was published by Signet Book in 1994. Search and recommendation terms derived from the available metadata include: pet, sematary, king, horror.",English,"pet, sematary, king, horror",http://images.amazon.com/images/P/0451162072.01.MZZZZZZZ.jpg
0451186648,Silent Snow,Steve Thayer,2000,Signet Book,General Fiction,"Bibliographic summary: “Silent Snow” is classified as General Fiction and was written by Steve Thayer. It was published by Signet Book in 2000. Search and recommendation terms derived from the available metadata include: silent, snow, thayer, general, fiction.",English,"silent, snow, thayer, general, fiction",http://images.amazon.com/images/P/0451186648.01.MZZZZZZZ.jpg
0452282152,Girl with a Pearl Earring,Tracy Chevalier,2001,Plume Books,General Fiction,"Bibliographic summary: “Girl with a Pearl Earring” is classified as General Fiction and was written by Tracy Chevalier. It was published by Plume Books in 2001. Search and recommendation terms derived from the available metadata include: girl, pearl, earring, chevalier, general, fiction.",English,"girl, pearl, earring, chevalier, general, fiction",http://images.amazon.com/images/P/0452282152.01.MZZZZZZZ.jpg
051513290X,Summer of Storms,Judith Kelman,2002,Jove Books,General Fiction,"Bibliographic summary: “Summer of Storms” is classified as General Fiction and was written by Judith Kelman. It was published by Jove Books in 2002. Search and recommendation terms derived from the available metadata include: summer, storms, kelman, general, fiction.",English,"summer, storms, kelman, general, fiction",http://images.amazon.com/images/P/051513290X.01.MZZZZZZZ.jpg
0553580388,The Patient,Michael Palmer,2001,Bantam Books,General Fiction,"Bibliographic summary: “The Patient” is classified as General Fiction and was written by Michael Palmer. It was published by Bantam Books in 2001. Search and recommendation terms derived from the available metadata include: patient, palmer, general, fiction.",English,"patient, palmer, general, fiction",http://images.amazon.com/images/P/0553580388.01.MZZZZZZZ.jpg
0590598848,"Demona's Revenge (Gargoyles, No. 2)",Francine Hughes,1995,Scholastic,Horror,"Bibliographic summary: “Demona's Revenge (Gargoyles, No. 2)” is classified as Horror and was written by Francine Hughes. It was published by Scholastic in 1995. Search and recommendation terms derived from the available metadata include: demona's, revenge, gargoyles, hughes, horror.",English,"demona's, revenge, gargoyles, hughes, horror",http://images.amazon.com/images/P/0590598848.01.MZZZZZZZ.jpg
0590629719,Clifford's Sports Day,Norman Bridwell,1996,Scholastic,General Fiction,"Bibliographic summary: “Clifford's Sports Day” is classified as General Fiction and was written by Norman Bridwell. It was published by Scholastic in 1996. Search and recommendation terms derived from the available metadata include: clifford's, sports, day, bridwell, general, fiction.",English,"clifford's, sports, day, bridwell, general, fiction",http://images.amazon.com/images/P/0590629719.01.MZZZZZZZ.jpg
0671023616,Postmortem (Kay Scarpetta Mysteries (Paperback)),Patricia Cornwell,1998,Pocket,General Fiction,"Bibliographic summary: “Postmortem (Kay Scarpetta Mysteries (Paperback))” is classified as General Fiction and was written by Patricia Cornwell. It was published by Pocket in 1998. Search and recommendation terms derived from the available metadata include: postmortem, kay, scarpetta, mysteries, paperback, cornwell, general, fiction.",English,"postmortem, kay, scarpetta, mysteries, paperback, cornwell, general, fiction",http://images.amazon.com/images/P/0671023616.01.MZZZZZZZ.jpg
0671027387,Deception Point,Dan Brown,2002,Pocket,General Fiction,"Bibliographic summary: “Deception Point” is classified as General Fiction and was written by Dan Brown. It was published by Pocket in 2002. Search and recommendation terms derived from the available metadata include: deception, point, brown, general, fiction.",English,"deception, point, brown, general, fiction",http://images.amazon.com/images/P/0671027387.01.MZZZZZZZ.jpg
0684848783,Tis : A Memoir,Frank McCourt,1999,Scribner,Biography & Memoir,"Bibliographic summary: “Tis : A Memoir” is classified as Biography & Memoir and was written by Frank McCourt. It was published by Scribner in 1999. Search and recommendation terms derived from the available metadata include: tis, memoir, mccourt, biography.",English,"tis, memoir, mccourt, biography",http://images.amazon.com/images/P/0684848783.01.MZZZZZZZ.jpg
0786863986,A Monk Swimming,Malachy McCourt,1998,Hyperion,General Fiction,"Bibliographic summary: “A Monk Swimming” is classified as General Fiction and was written by Malachy McCourt. It was published by Hyperion in 1998. Search and recommendation terms derived from the available metadata include: monk, swimming, mccourt, general, fiction.",English,"monk, swimming, mccourt, general, fiction",http://images.amazon.com/images/P/0786863986.01.MZZZZZZZ.jpg
0803251718,Crazy Horse,Mari Sandoz,1961,University of Nebraska Press,General Fiction,"Bibliographic summary: “Crazy Horse” is classified as General Fiction and was written by Mari Sandoz. It was published by University of Nebraska Press in 1961. Search and recommendation terms derived from the available metadata include: crazy, horse, sandoz, general, fiction.",English,"crazy, horse, sandoz, general, fiction",http://images.amazon.com/images/P/0803251718.01.MZZZZZZZ.jpg
0804117934,The Silent Cry (William Monk Novels (Paperback)),Anne Perry,1998,Ivy Books,General Fiction,"Bibliographic summary: “The Silent Cry (William Monk Novels (Paperback))” is classified as General Fiction and was written by Anne Perry. It was published by Ivy Books in 1998. Search and recommendation terms derived from the available metadata include: silent, cry, william, monk, novels, paperback, perry, general, fiction.",English,"silent, cry, william, monk, novels, paperback, perry, general, fiction",http://images.amazon.com/images/P/0804117934.01.MZZZZZZZ.jpg
140003180X,The Kalahari Typing School for Men (No. 1 Ladies' Detective Agency),ALEXANDER MCCALL SMITH,2004,Anchor,Mystery & Thriller,"Bibliographic summary: “The Kalahari Typing School for Men (No. 1 Ladies' Detective Agency)” is classified as Mystery & Thriller and was written by ALEXANDER MCCALL SMITH. It was published by Anchor in 2004. Search and recommendation terms derived from the available metadata include: kalahari, typing, school, men, ladies, detective, agency, smith, mystery, thriller.",English,"kalahari, typing, school, men, ladies, detective, agency, smith, mystery, thriller",http://images.amazon.com/images/P/140003180X.01.MZZZZZZZ.jpg
155874262X,Chicken Soup for the Soul (Chicken Soup for the Soul),Jack Canfield,1993,Health Communications,Religion & Spirituality,"Bibliographic summary: “Chicken Soup for the Soul (Chicken Soup for the Soul)” is classified as Religion & Spirituality and was written by Jack Canfield. It was published by Health Communications in 1993. Search and recommendation terms derived from the available metadata include: chicken, soup, soul, canfield, religion, spirituality.",English,"chicken, soup, soul, canfield, religion, spirituality",http://images.amazon.com/images/P/155874262X.01.MZZZZZZZ.jpg
0060987103,Wicked: The Life and Times of the Wicked Witch of the West,Gregory Maguire,1996,Regan Books,Fantasy,"Bibliographic summary: “Wicked: The Life and Times of the Wicked Witch of the West” is classified as Fantasy and was written by Gregory Maguire. It was published by Regan Books in 1996. Search and recommendation terms derived from the available metadata include: wicked, life, times, witch, west, maguire, fantasy.",English,"wicked, life, times, witch, west, maguire, fantasy",http://images.amazon.com/images/P/0060987103.01.MZZZZZZZ.jpg
0151008116,Life of Pi,Yann Martel,2002,Harcourt,Biography & Memoir,"Bibliographic summary: “Life of Pi” is classified as Biography & Memoir and was written by Yann Martel. It was published by Harcourt in 2002. Search and recommendation terms derived from the available metadata include: life, martel, biography, memoir.",English,"life, martel, biography, memoir",http://images.amazon.com/images/P/0151008116.01.MZZZZZZZ.jpg
0375704965,A Judgement in Stone,Ruth Rendell,2000,Vintage Books USA,General Fiction,"Bibliographic summary: “A Judgement in Stone” is classified as General Fiction and was written by Ruth Rendell. It was published by Vintage Books USA in 2000. Search and recommendation terms derived from the available metadata include: judgement, stone, rendell, general, fiction.",English,"judgement, stone, rendell, general, fiction",http://images.amazon.com/images/P/0375704965.01.MZZZZZZZ.jpg
0525947647,Lies and the Lying Liars Who Tell Them: A Fair and Balanced Look at the Right,Al Franken,2003,Dutton Books,General Fiction,"Bibliographic summary: “Lies and the Lying Liars Who Tell Them: A Fair and Balanced Look at the Right” is classified as General Fiction and was written by Al Franken. It was published by Dutton Books in 2003. Search and recommendation terms derived from the available metadata include: lies, lying, liars, who, tell, them, fair, balanced, look, right.",English,"lies, lying, liars, who, tell, them, fair, balanced, look, right",http://images.amazon.com/images/P/0525947647.01.MZZZZZZZ.jpg
0804111359,Secret History,DONNA TARTT,1993,Ballantine Books,History,"Bibliographic summary: “Secret History” is classified as History and was written by DONNA TARTT. It was published by Ballantine Books in 1993. Search and recommendation terms derived from the available metadata include: secret, history, tartt.",English,"secret, history, tartt",http://images.amazon.com/images/P/0804111359.01.MZZZZZZZ.jpg
1558744150,Chicken Soup for the Woman's Soul (Chicken Soup for the Soul Series (Paper)),Jack Canfield,1996,Health Communications,Religion & Spirituality,"Bibliographic summary: “Chicken Soup for the Woman's Soul (Chicken Soup for the Soul Series (Paper))” is classified as Religion & Spirituality and was written by Jack Canfield. It was published by Health Communications in 1996. Search and recommendation terms derived from the available metadata include: chicken, soup, woman's, soul, series, paper, canfield, religion, spirituality.",English,"chicken, soup, woman's, soul, series, paper, canfield, religion, spirituality",http://images.amazon.com/images/P/1558744150.01.MZZZZZZZ.jpg
0435272683,Great Expectations (Heinemann Guided Readers),John Milne,1995,Delta Systems,General Fiction,"Bibliographic summary: “Great Expectations (Heinemann Guided Readers)” is classified as General Fiction and was written by John Milne. It was published by Delta Systems in 1995. Search and recommendation terms derived from the available metadata include: great, expectations, heinemann, guided, readers, milne, general, fiction.",English,"great, expectations, heinemann, guided, readers, milne, general, fiction",http://images.amazon.com/images/P/0435272683.01.MZZZZZZZ.jpg
0316782505,The Weight of Water,Anita Shreve,2001,"Little, Brown",General Fiction,"Bibliographic summary: “The Weight of Water” is classified as General Fiction and was written by Anita Shreve. It was published by Little, Brown in 2001. Search and recommendation terms derived from the available metadata include: weight, water, shreve, general, fiction.",English,"weight, water, shreve, general, fiction",http://images.amazon.com/images/P/0316782505.01.MZZZZZZZ.jpg
006102063X,Moving Pictures (Discworld Novels (Paperback)),Terry Pratchett,2002,HarperTorch,Fantasy,"Bibliographic summary: “Moving Pictures (Discworld Novels (Paperback))” is classified as Fantasy and was written by Terry Pratchett. It was published by HarperTorch in 2002. Search and recommendation terms derived from the available metadata include: moving, pictures, discworld, novels, paperback, pratchett, fantasy.",English,"moving, pictures, discworld, novels, paperback, pratchett, fantasy",http://images.amazon.com/images/P/006102063X.01.MZZZZZZZ.jpg
0060013117,Night Watch,Terry Pratchett,2002,HarperCollins,Fantasy,"Bibliographic summary: “Night Watch” is classified as Fantasy and was written by Terry Pratchett. It was published by HarperCollins in 2002. Search and recommendation terms derived from the available metadata include: night, watch, pratchett, fantasy.",English,"night, watch, pratchett, fantasy",http://images.amazon.com/images/P/0060013117.01.MZZZZZZZ.jpg
0060199563,Thief of Time,Terry Pratchett,2001,HarperCollins Publishers,Fantasy,"Bibliographic summary: “Thief of Time” is classified as Fantasy and was written by Terry Pratchett. It was published by HarperCollins Publishers in 2001. Search and recommendation terms derived from the available metadata include: thief, time, pratchett, fantasy.",English,"thief, time, pratchett, fantasy",http://images.amazon.com/images/P/0060199563.01.MZZZZZZZ.jpg
006052779X,Charlotte's Web Book and Charm (Charming Classics),E. B. White,2003,HarperFestival,General Fiction,"Bibliographic summary: “Charlotte's Web Book and Charm (Charming Classics)” is classified as General Fiction and was written by E. B. White. It was published by HarperFestival in 2003. Search and recommendation terms derived from the available metadata include: charlotte's, web, charm, charming, classics, white, general, fiction.",English,"charlotte's, web, charm, charming, classics, white, general, fiction",http://images.amazon.com/images/P/006052779X.01.MZZZZZZZ.jpg
0060563079,Peter Pan: The Original Story (Peter Pan),J. M. Barrie,2003,HarperFestival,General Fiction,"Bibliographic summary: “Peter Pan: The Original Story (Peter Pan)” is classified as General Fiction and was written by J. M. Barrie. It was published by HarperFestival in 2003. Search and recommendation terms derived from the available metadata include: peter, pan, original, story, barrie, general, fiction.",English,"peter, pan, original, story, barrie, general, fiction",http://images.amazon.com/images/P/0060563079.01.MZZZZZZZ.jpg
0060809027,My Friend Flicka,Mary O'Hara,1988,Perennial,General Fiction,"Bibliographic summary: “My Friend Flicka” is classified as General Fiction and was written by Mary O'Hara. It was published by Perennial in 1988. Search and recommendation terms derived from the available metadata include: friend, flicka, o'hara, general, fiction.",English,"friend, flicka, o'hara, general, fiction",http://images.amazon.com/images/P/0060809027.01.MZZZZZZZ.jpg
0061040967,The Last Hero : A Discworld Fable (Discworld Novels (Hardcover)),Terry Pratchett,2001,HarperCollins,Fantasy,"Bibliographic summary: “The Last Hero : A Discworld Fable (Discworld Novels (Hardcover))” is classified as Fantasy and was written by Terry Pratchett. It was published by HarperCollins in 2001. Search and recommendation terms derived from the available metadata include: last, hero, discworld, fable, novels, hardcover, pratchett, fantasy.",English,"last, hero, discworld, fable, novels, hardcover, pratchett, fantasy",http://images.amazon.com/images/P/0061040967.01.MZZZZZZZ.jpg
0061050474,Jingo: A Discworld Novel (Discworld Series/Terry Pratchett),Terry Pratchett,1998,HarperPrism,Fantasy,"Bibliographic summary: “Jingo: A Discworld Novel (Discworld Series/Terry Pratchett)” is classified as Fantasy and was written by Terry Pratchett. It was published by HarperPrism in 1998. Search and recommendation terms derived from the available metadata include: jingo, discworld, series, terry, pratchett, fantasy.",English,"jingo, discworld, series, terry, pratchett, fantasy",http://images.amazon.com/images/P/0061050474.01.MZZZZZZZ.jpg
0061052515,"Maskerade: A Novel of Discworld (Pratchett, Terry. Discworld Series (New York, N.Y.).)",Terry Pratchett,1997,HarperPrism,Fantasy,"Bibliographic summary: “Maskerade: A Novel of Discworld (Pratchett, Terry. Discworld Series (New York, N.Y.).)” is classified as Fantasy and was written by Terry Pratchett. It was published by HarperPrism in 1997. Search and recommendation terms derived from the available metadata include: maskerade, discworld, pratchett, terry, series, new, york, fantasy.",English,"maskerade, discworld, pratchett, terry, series, new, york, fantasy",http://images.amazon.com/images/P/0061052515.01.MZZZZZZZ.jpg
0061052523,Interesting Times: A Novel of Discworld,Terry Pratchett,1997,Harpercollins,Fantasy,"Bibliographic summary: “Interesting Times: A Novel of Discworld” is classified as Fantasy and was written by Terry Pratchett. It was published by Harpercollins in 1997. Search and recommendation terms derived from the available metadata include: interesting, times, discworld, pratchett, fantasy.",English,"interesting, times, discworld, pratchett, fantasy",http://images.amazon.com/images/P/0061052523.01.MZZZZZZZ.jpg
0064472264,"On the Bright Side, I'm Now the Girlfriend of a Sex God: Further Confessions of Georgia Nicolson",Louise Rennison,2002,HarperTempest,Religion & Spirituality,"Bibliographic summary: “On the Bright Side, I'm Now the Girlfriend of a Sex God: Further Confessions of Georgia Nicolson” is classified as Religion & Spirituality and was written by Louise Rennison. It was published by HarperTempest in 2002. Search and recommendation terms derived from the available metadata include: bright, side, i'm, now, girlfriend, sex, god, further, confessions, georgia.",English,"bright, side, i'm, now, girlfriend, sex, god, further, confessions, georgia",http://images.amazon.com/images/P/0064472264.01.MZZZZZZZ.jpg
0140620664,Mansfield Park (Penguin Popular Classics),Jane Austen,1994,Penguin Books Ltd,General Fiction,"Bibliographic summary: “Mansfield Park (Penguin Popular Classics)” is classified as General Fiction and was written by Jane Austen. It was published by Penguin Books Ltd in 1994. Search and recommendation terms derived from the available metadata include: mansfield, park, penguin, popular, classics, austen, general, fiction.",English,"mansfield, park, penguin, popular, classics, austen, general, fiction",http://images.amazon.com/images/P/0140620664.01.MZZZZZZZ.jpg
0312148267,The Wind in the Willows,Kenneth Grahame,1996,St. Martin's Press,Art & Photography,"Bibliographic summary: “The Wind in the Willows” is classified as Art & Photography and was written by Kenneth Grahame. It was published by St. Martin's Press in 1996. Search and recommendation terms derived from the available metadata include: wind, willows, grahame, art, photography.",English,"wind, willows, grahame, art, photography",http://images.amazon.com/images/P/0312148267.01.MZZZZZZZ.jpg
0312156960,The Winter King: A Novel of Arthur (The Warlord Chronicles: I),Bernard Cornwell,1997,St. Martin's Griffin,History,"Bibliographic summary: “The Winter King: A Novel of Arthur (The Warlord Chronicles: I)” is classified as History and was written by Bernard Cornwell. It was published by St. Martin's Griffin in 1997. Search and recommendation terms derived from the available metadata include: winter, king, arthur, warlord, chronicles, cornwell, history.",English,"winter, king, arthur, warlord, chronicles, cornwell, history",http://images.amazon.com/images/P/0312156960.01.MZZZZZZZ.jpg
0312890044,Moonheart (Newford),Charles de Lint,1994,Orb Books,Romance,"Bibliographic summary: “Moonheart (Newford)” is classified as Romance and was written by Charles de Lint. It was published by Orb Books in 1994. Search and recommendation terms derived from the available metadata include: moonheart, newford, lint, romance.",English,"moonheart, newford, lint, romance",http://images.amazon.com/images/P/0312890044.01.MZZZZZZZ.jpg
034543191X,The King of Elfland's Daughter (Del Rey Impact),Edward John Moreton Drax Plunkett Dunsany,1999,Del Rey Books,History,"Bibliographic summary: “The King of Elfland's Daughter (Del Rey Impact)” is classified as History and was written by Edward John Moreton Drax Plunkett Dunsany. It was published by Del Rey Books in 1999. Search and recommendation terms derived from the available metadata include: king, elfland's, daughter, del, rey, impact, dunsany, history.",English,"king, elfland's, daughter, del, rey, impact, dunsany, history",http://images.amazon.com/images/P/034543191X.01.MZZZZZZZ.jpg
0373836023,Powder and Patch,Georgette Heyer,2004,Harlequin,General Fiction,"Bibliographic summary: “Powder and Patch” is classified as General Fiction and was written by Georgette Heyer. It was published by Harlequin in 2004. Search and recommendation terms derived from the available metadata include: powder, patch, heyer, general, fiction.",English,"powder, patch, heyer, general, fiction",http://images.amazon.com/images/P/0373836023.01.MZZZZZZZ.jpg
0375751513,The Picture of Dorian Gray (Modern Library (Paperback)),OSCAR WILDE,1998,Modern Library,General Fiction,"Bibliographic summary: “The Picture of Dorian Gray (Modern Library (Paperback))” is classified as General Fiction and was written by OSCAR WILDE. It was published by Modern Library in 1998. Search and recommendation terms derived from the available metadata include: picture, dorian, gray, modern, library, paperback, wilde, general, fiction.",English,"picture, dorian, gray, modern, library, paperback, wilde, general, fiction",http://images.amazon.com/images/P/0375751513.01.MZZZZZZZ.jpg
0375801677,The Iron Giant,Ted Hughes,1999,Knopf Books for Young Readers,General Fiction,"Bibliographic summary: “The Iron Giant” is classified as General Fiction and was written by Ted Hughes. It was published by Knopf Books for Young Readers in 1999. Search and recommendation terms derived from the available metadata include: iron, giant, hughes, general, fiction.",English,"iron, giant, hughes, general, fiction",http://images.amazon.com/images/P/0375801677.01.MZZZZZZZ.jpg
0375814248,James and the Giant Peach,ROALD DAHL,2002,Knopf Books for Young Readers,Children & Young Adult,"Bibliographic summary: “James and the Giant Peach” is classified as Children & Young Adult and was written by ROALD DAHL. It was published by Knopf Books for Young Readers in 2002. Search and recommendation terms derived from the available metadata include: james, giant, peach, dahl, children, young, adult.",English,"james, giant, peach, dahl, children, young, adult",http://images.amazon.com/images/P/0375814248.01.MZZZZZZZ.jpg
0375823352,"The Amber Spyglass (His Dark Materials, Book 3)",PHILIP PULLMAN,2002,Knopf Books for Young Readers,Mystery & Thriller,"Bibliographic summary: “The Amber Spyglass (His Dark Materials, Book 3)” is classified as Mystery & Thriller and was written by PHILIP PULLMAN. It was published by Knopf Books for Young Readers in 2002. Search and recommendation terms derived from the available metadata include: amber, spyglass, dark, materials, pullman, mystery, thriller.",English,"amber, spyglass, dark, materials, pullman, mystery, thriller",http://images.amazon.com/images/P/0375823352.01.MZZZZZZZ.jpg
037582345X,"The Golden Compass (His Dark Materials, Book 1)",PHILIP PULLMAN,2002,Knopf Books for Young Readers,General Fiction,"Bibliographic summary: “The Golden Compass (His Dark Materials, Book 1)” is classified as General Fiction and was written by PHILIP PULLMAN. It was published by Knopf Books for Young Readers in 2002. Search and recommendation terms derived from the available metadata include: golden, compass, dark, materials, pullman, general, fiction.",English,"golden, compass, dark, materials, pullman, general, fiction",http://images.amazon.com/images/P/037582345X.01.MZZZZZZZ.jpg
0375823468,"The Subtle Knife (His Dark Materials, Book 2)",PHILIP PULLMAN,2002,Knopf Books for Young Readers,General Fiction,"Bibliographic summary: “The Subtle Knife (His Dark Materials, Book 2)” is classified as General Fiction and was written by PHILIP PULLMAN. It was published by Knopf Books for Young Readers in 2002. Search and recommendation terms derived from the available metadata include: subtle, knife, dark, materials, pullman, general, fiction.",English,"subtle, knife, dark, materials, pullman, general, fiction",http://images.amazon.com/images/P/0375823468.01.MZZZZZZZ.jpg
0380730448,"The Adrian Mole Diaries : The Secret Diary of Adrian Mole, Aged 13 3/4 : The Growing Pains of Adrian Mole",Sue Townsend,1997,Perennial,Biography & Memoir,"Bibliographic summary: “The Adrian Mole Diaries : The Secret Diary of Adrian Mole, Aged 13 3/4 : The Growing Pains of Adrian Mole” is classified as Biography & Memoir and was written by Sue Townsend. It was published by Perennial in 1997. Search and recommendation terms derived from the available metadata include: adrian, mole, diaries, secret, diary, aged, growing, pains, townsend, biography.",English,"adrian, mole, diaries, secret, diary, aged, growing, pains, townsend, biography",http://images.amazon.com/images/P/0380730448.01.MZZZZZZZ.jpg
0380973839,Martian Chronicles,Ray Bradbury,1997,William Morrow,Science Fiction,"Bibliographic summary: “Martian Chronicles” is classified as Science Fiction and was written by Ray Bradbury. It was published by William Morrow in 1997. Search and recommendation terms derived from the available metadata include: martian, chronicles, bradbury, science, fiction.",English,"martian, chronicles, bradbury, science, fiction",http://images.amazon.com/images/P/0380973839.01.MZZZZZZZ.jpg
0385327773,The Great God Pan,Donna Jo Napoli,2003,Wendy Lamb Books,Religion & Spirituality,"Bibliographic summary: “The Great God Pan” is classified as Religion & Spirituality and was written by Donna Jo Napoli. It was published by Wendy Lamb Books in 2003. Search and recommendation terms derived from the available metadata include: great, god, pan, napoli, religion, spirituality.",English,"great, god, pan, napoli, religion, spirituality",http://images.amazon.com/images/P/0385327773.01.MZZZZZZZ.jpg
0394586239,Possession: A Romance,A. S. Byatt,1990,Random House Inc,Romance,"Bibliographic summary: “Possession: A Romance” is classified as Romance and was written by A. S. Byatt. It was published by Random House Inc in 1990. Search and recommendation terms derived from the available metadata include: possession, romance, byatt.",English,"possession, romance, byatt",http://images.amazon.com/images/P/0394586239.01.MZZZZZZZ.jpg
0439510112,Born Confused,Tanuja Desai Hidier,2003,Push,General Fiction,"Bibliographic summary: “Born Confused” is classified as General Fiction and was written by Tanuja Desai Hidier. It was published by Push in 2003. Search and recommendation terms derived from the available metadata include: born, confused, hidier, general, fiction.",English,"born, confused, hidier, general, fiction",http://images.amazon.com/images/P/0439510112.01.MZZZZZZZ.jpg
0440241413,Confessions of a Shopaholic,SOPHIE KINSELLA,2003,Dell,General Fiction,"Bibliographic summary: “Confessions of a Shopaholic” is classified as General Fiction and was written by SOPHIE KINSELLA. It was published by Dell in 2003. Search and recommendation terms derived from the available metadata include: confessions, shopaholic, kinsella, general, fiction.",English,"confessions, shopaholic, kinsella, general, fiction",http://images.amazon.com/images/P/0440241413.01.MZZZZZZZ.jpg
0451409256,Making Minty Malone,Isabel Wolff,2000,Onyx Books,General Fiction,"Bibliographic summary: “Making Minty Malone” is classified as General Fiction and was written by Isabel Wolff. It was published by Onyx Books in 2000. Search and recommendation terms derived from the available metadata include: making, minty, malone, wolff, general, fiction.",English,"making, minty, malone, wolff, general, fiction",http://images.amazon.com/images/P/0451409256.01.MZZZZZZZ.jpg
0451523415,Little Women (Signet Classic),Louisa May Alcott,1988,Signet Classics,General Fiction,"Bibliographic summary: “Little Women (Signet Classic)” is classified as General Fiction and was written by Louisa May Alcott. It was published by Signet Classics in 1988. Search and recommendation terms derived from the available metadata include: little, women, signet, classic, alcott, general, fiction.",English,"little, women, signet, classic, alcott, general, fiction",http://images.amazon.com/images/P/0451523415.01.MZZZZZZZ.jpg
0451526279,Emma (Signet Classics (Paperback)),Jane Austen,1996,Signet Classics,General Fiction,"Bibliographic summary: “Emma (Signet Classics (Paperback))” is classified as General Fiction and was written by Jane Austen. It was published by Signet Classics in 1996. Search and recommendation terms derived from the available metadata include: emma, signet, classics, paperback, austen, general, fiction.",English,"emma, signet, classics, paperback, austen, general, fiction",http://images.amazon.com/images/P/0451526279.01.MZZZZZZZ.jpg
0451526341,Animal Farm,George Orwell,2004,Signet,General Fiction,"Bibliographic summary: “Animal Farm” is classified as General Fiction and was written by George Orwell. It was published by Signet in 2004. Search and recommendation terms derived from the available metadata include: animal, farm, orwell, general, fiction.",English,"animal, farm, orwell, general, fiction",http://images.amazon.com/images/P/0451526341.01.MZZZZZZZ.jpg
0486415864,Great Expectations (Dover Thrift Editions),Charles Dickens,2001,Dover Publications,General Fiction,"Bibliographic summary: “Great Expectations (Dover Thrift Editions)” is classified as General Fiction and was written by Charles Dickens. It was published by Dover Publications in 2001. Search and recommendation terms derived from the available metadata include: great, expectations, dover, thrift, editions, dickens, general, fiction.",English,"great, expectations, dover, thrift, editions, dickens, general, fiction",http://images.amazon.com/images/P/0486415864.01.MZZZZZZZ.jpg
0553280589,Eva Luna,Isabel Allende,1989,Bantam Books,General Fiction,"Bibliographic summary: “Eva Luna” is classified as General Fiction and was written by Isabel Allende. It was published by Bantam Books in 1989. Search and recommendation terms derived from the available metadata include: eva, luna, allende, general, fiction.",English,"eva, luna, allende, general, fiction",http://images.amazon.com/images/P/0553280589.01.MZZZZZZZ.jpg
0670035262,The Green Man : Tales from the Mythic Forest,Ellen Datlow,2002,Viking Juvenile,Children & Young Adult,"Bibliographic summary: “The Green Man : Tales from the Mythic Forest” is classified as Children & Young Adult and was written by Ellen Datlow. It was published by Viking Juvenile in 2002. Search and recommendation terms derived from the available metadata include: green, man, tales, mythic, forest, datlow, children, young, adult.",English,"green, man, tales, mythic, forest, datlow, children, young, adult",http://images.amazon.com/images/P/0670035262.01.MZZZZZZZ.jpg
0679423079,Nicholas Nickleby (Everyman's Library),Charles Dickens,1993,Alfred A. Knopf,General Fiction,"Bibliographic summary: “Nicholas Nickleby (Everyman's Library)” is classified as General Fiction and was written by Charles Dickens. It was published by Alfred A. Knopf in 1993. Search and recommendation terms derived from the available metadata include: nicholas, nickleby, everyman's, library, dickens, general, fiction.",English,"nicholas, nickleby, everyman's, library, dickens, general, fiction",http://images.amazon.com/images/P/0679423079.01.MZZZZZZZ.jpg
0679751343,Angels & Insects : Two Novellas,A.S. BYATT,1994,Vintage,General Fiction,"Bibliographic summary: “Angels & Insects : Two Novellas” is classified as General Fiction and was written by A.S. BYATT. It was published by Vintage in 1994. Search and recommendation terms derived from the available metadata include: angels, insects, two, novellas, byatt, general, fiction.",English,"angels, insects, two, novellas, byatt, general, fiction",http://images.amazon.com/images/P/0679751343.01.MZZZZZZZ.jpg
0684833395,Catch 22,Joseph Heller,1996,Simon & Schuster,General Fiction,"Bibliographic summary: “Catch 22” is classified as General Fiction and was written by Joseph Heller. It was published by Simon & Schuster in 1996. Search and recommendation terms derived from the available metadata include: catch, heller, general, fiction.",English,"catch, heller, general, fiction",http://images.amazon.com/images/P/0684833395.01.MZZZZZZZ.jpg
0743245024,The Forsyte Saga : The Man of Property and In Chancery,John Galsworthy,2002,Touchstone,General Fiction,"Bibliographic summary: “The Forsyte Saga : The Man of Property and In Chancery” is classified as General Fiction and was written by John Galsworthy. It was published by Touchstone in 2002. Search and recommendation terms derived from the available metadata include: forsyte, saga, man, property, chancery, galsworthy, general, fiction.",English,"forsyte, saga, man, property, chancery, galsworthy, general, fiction",http://images.amazon.com/images/P/0743245024.01.MZZZZZZZ.jpg
0749748001,The Enchanted Wood,Enid Blyton,2002,Egmont Childrens Books,Children & Young Adult,"Bibliographic summary: “The Enchanted Wood” is classified as Children & Young Adult and was written by Enid Blyton. It was published by Egmont Childrens Books in 2002. Search and recommendation terms derived from the available metadata include: enchanted, wood, blyton, children, young, adult.",English,"enchanted, wood, blyton, children, young, adult",http://images.amazon.com/images/P/0749748001.01.MZZZZZZZ.jpg
0749748028,The Folk of the Faraway Tree,Enid Blyton,2002,Egmont Childrens Books,Children & Young Adult,"Bibliographic summary: “The Folk of the Faraway Tree” is classified as Children & Young Adult and was written by Enid Blyton. It was published by Egmont Childrens Books in 2002. Search and recommendation terms derived from the available metadata include: folk, faraway, tree, blyton, children, young, adult.",English,"folk, faraway, tree, blyton, children, young, adult",http://images.amazon.com/images/P/0749748028.01.MZZZZZZZ.jpg
0963094424,Angels and Visitations: A Miscellany,Neil Gaiman,1993,Dreamhaven Books,General Fiction,"Bibliographic summary: “Angels and Visitations: A Miscellany” is classified as General Fiction and was written by Neil Gaiman. It was published by Dreamhaven Books in 1993. Search and recommendation terms derived from the available metadata include: angels, visitations, miscellany, gaiman, general, fiction.",English,"angels, visitations, miscellany, gaiman, general, fiction",http://images.amazon.com/images/P/0963094424.01.MZZZZZZZ.jpg
1401201172,"League of Extraordinary Gentlemen, Vol. 2 (Comic)",Alan Moore,2003,DC Comics,General Fiction,"Bibliographic summary: “League of Extraordinary Gentlemen, Vol. 2 (Comic)” is classified as General Fiction and was written by Alan Moore. It was published by DC Comics in 2003. Search and recommendation terms derived from the available metadata include: league, extraordinary, gentlemen, comic, moore, general, fiction.",English,"league, extraordinary, gentlemen, comic, moore, general, fiction",http://images.amazon.com/images/P/1401201172.01.MZZZZZZZ.jpg
1563892278,"Preludes and Nocturnes (Sandman, Book 1)",Neil Gaiman,1998,DC Comics,General Fiction,"Bibliographic summary: “Preludes and Nocturnes (Sandman, Book 1)” is classified as General Fiction and was written by Neil Gaiman. It was published by DC Comics in 1998. Search and recommendation terms derived from the available metadata include: preludes, nocturnes, sandman, gaiman, general, fiction.",English,"preludes, nocturnes, sandman, gaiman, general, fiction",http://images.amazon.com/images/P/1563892278.01.MZZZZZZZ.jpg
1563898586,"The League of Extraordinary Gentlemen, Vol. 1",Alan Moore,2002,DC Comics,General Fiction,"Bibliographic summary: “The League of Extraordinary Gentlemen, Vol. 1” is classified as General Fiction and was written by Alan Moore. It was published by DC Comics in 2002. Search and recommendation terms derived from the available metadata include: league, extraordinary, gentlemen, moore, general, fiction.",English,"league, extraordinary, gentlemen, moore, general, fiction",http://images.amazon.com/images/P/1563898586.01.MZZZZZZZ.jpg
156971620X,Harlequin Valentine,Neil Gaiman,2002,Dark Horse Comics,General Fiction,"Bibliographic summary: “Harlequin Valentine” is classified as General Fiction and was written by Neil Gaiman. It was published by Dark Horse Comics in 2002. Search and recommendation terms derived from the available metadata include: harlequin, valentine, gaiman, general, fiction.",English,"harlequin, valentine, gaiman, general, fiction",http://images.amazon.com/images/P/156971620X.01.MZZZZZZZ.jpg
1592571301,Alpha Teach Yourself American Sign Language in 24 Hours (Alpha Teach Yourself in 24 Hours),Trudy Suggs,2003,Alpha Books,General Fiction,"Bibliographic summary: “Alpha Teach Yourself American Sign Language in 24 Hours (Alpha Teach Yourself in 24 Hours)” is classified as General Fiction and was written by Trudy Suggs. It was published by Alpha Books in 2003. Search and recommendation terms derived from the available metadata include: alpha, teach, yourself, american, sign, language, hours, suggs, general, fiction.",English,"alpha, teach, yourself, american, sign, language, hours, suggs, general, fiction",http://images.amazon.com/images/P/1592571301.01.MZZZZZZZ.jpg
0374270325,A Man in Full,Tom Wolfe,1998,Farrar Straus & Giroux,General Fiction,"Bibliographic summary: “A Man in Full” is classified as General Fiction and was written by Tom Wolfe. It was published by Farrar Straus & Giroux in 1998. Search and recommendation terms derived from the available metadata include: man, full, wolfe, general, fiction.",English,"man, full, wolfe, general, fiction",http://images.amazon.com/images/P/0374270325.01.MZZZZZZZ.jpg
0375719180,The Miracle Life of Edgar Mint: A Novel,Brady Udall,2002,Vintage Books USA,Biography & Memoir,"Bibliographic summary: “The Miracle Life of Edgar Mint: A Novel” is classified as Biography & Memoir and was written by Brady Udall. It was published by Vintage Books USA in 2002. Search and recommendation terms derived from the available metadata include: miracle, life, edgar, mint, udall, biography, memoir.",English,"miracle, life, edgar, mint, udall, biography, memoir",http://images.amazon.com/images/P/0375719180.01.MZZZZZZZ.jpg
0440235502,October Sky: A Memoir,Homer Hickam,1999,Dell,Biography & Memoir,"Bibliographic summary: “October Sky: A Memoir” is classified as Biography & Memoir and was written by Homer Hickam. It was published by Dell in 1999. Search and recommendation terms derived from the available metadata include: october, sky, memoir, hickam, biography.",English,"october, sky, memoir, hickam, biography",http://images.amazon.com/images/P/0440235502.01.MZZZZZZZ.jpg
044023722X,A Painted House,John Grisham,2001,Dell Publishing Company,Mystery & Thriller,"Bibliographic summary: “A Painted House” is classified as Mystery & Thriller and was written by John Grisham. It was published by Dell Publishing Company in 2001. Search and recommendation terms derived from the available metadata include: painted, house, grisham, mystery, thriller.",English,"painted, house, grisham, mystery, thriller",http://images.amazon.com/images/P/044023722X.01.MZZZZZZZ.jpg
1573225487,The Romance Reader,Pearl Abraham,1996,Riverhead Books,Romance,"Bibliographic summary: “The Romance Reader” is classified as Romance and was written by Pearl Abraham. It was published by Riverhead Books in 1996. Search and recommendation terms derived from the available metadata include: romance, reader, abraham.",English,"romance, reader, abraham",http://images.amazon.com/images/P/1573225487.01.MZZZZZZZ.jpg
1853260673,Far from the Madding Crowd (Wordsworth Classics),Thomas Hardy,1997,NTC/Contemporary Publishing Company,General Fiction,"Bibliographic summary: “Far from the Madding Crowd (Wordsworth Classics)” is classified as General Fiction and was written by Thomas Hardy. It was published by NTC/Contemporary Publishing Company in 1997. Search and recommendation terms derived from the available metadata include: far, madding, crowd, wordsworth, classics, hardy, general, fiction.",English,"far, madding, crowd, wordsworth, classics, hardy, general, fiction",http://images.amazon.com/images/P/1853260673.01.MZZZZZZZ.jpg
0060977477,The Perfect Storm : A True Story of Men Against the Sea,Sebastian Junger,1999,Perennial,Biography & Memoir,"Bibliographic summary: “The Perfect Storm : A True Story of Men Against the Sea” is classified as Biography & Memoir and was written by Sebastian Junger. It was published by Perennial in 1999. Search and recommendation terms derived from the available metadata include: perfect, storm, true, story, men, against, sea, junger, biography, memoir.",English,"perfect, storm, true, story, men, against, sea, junger, biography, memoir",http://images.amazon.com/images/P/0060977477.01.MZZZZZZZ.jpg
0345391691,The Battle for God,Karen Armstrong,2001,Ballantine Books,Religion & Spirituality,"Bibliographic summary: “The Battle for God” is classified as Religion & Spirituality and was written by Karen Armstrong. It was published by Ballantine Books in 2001. Search and recommendation terms derived from the available metadata include: battle, god, armstrong, religion, spirituality.",English,"battle, god, armstrong, religion, spirituality",http://images.amazon.com/images/P/0345391691.01.MZZZZZZZ.jpg
0520011171,Sappho: A New Translation,Mary Barnard,1958,University of California Press,General Fiction,"Bibliographic summary: “Sappho: A New Translation” is classified as General Fiction and was written by Mary Barnard. It was published by University of California Press in 1958. Search and recommendation terms derived from the available metadata include: sappho, new, translation, barnard, general, fiction.",English,"sappho, new, translation, barnard, general, fiction",http://images.amazon.com/images/P/0520011171.01.MZZZZZZZ.jpg
0553278746,The Postman (Bantam Classics),David Brin,1990,Spectra Books,General Fiction,"Bibliographic summary: “The Postman (Bantam Classics)” is classified as General Fiction and was written by David Brin. It was published by Spectra Books in 1990. Search and recommendation terms derived from the available metadata include: postman, bantam, classics, brin, general, fiction.",English,"postman, bantam, classics, brin, general, fiction",http://images.amazon.com/images/P/0553278746.01.MZZZZZZZ.jpg
0670856045,The Tortilla Curtain,T. Coraghessan Boyle,1995,Viking Books,General Fiction,"Bibliographic summary: “The Tortilla Curtain” is classified as General Fiction and was written by T. Coraghessan Boyle. It was published by Viking Books in 1995. Search and recommendation terms derived from the available metadata include: tortilla, curtain, boyle, general, fiction.",English,"tortilla, curtain, boyle, general, fiction",http://images.amazon.com/images/P/0670856045.01.MZZZZZZZ.jpg
0872200760,Symposium,Paul Woodruff,1989,Hackett Pub Co Inc,General Fiction,"Bibliographic summary: “Symposium” is classified as General Fiction and was written by Paul Woodruff. It was published by Hackett Pub Co Inc in 1989. Search and recommendation terms derived from the available metadata include: symposium, woodruff, general, fiction.",English,"symposium, woodruff, general, fiction",http://images.amazon.com/images/P/0872200760.01.MZZZZZZZ.jpg
0937858994,The What's Happening to My Body? Book for Boys: A Growing Up Guide for Parents and Sons,Lynda Madaras,1987,W W Norton & Co,General Fiction,"Bibliographic summary: “The What's Happening to My Body? Book for Boys: A Growing Up Guide for Parents and Sons” is classified as General Fiction and was written by Lynda Madaras. It was published by W W Norton & Co in 1987. Search and recommendation terms derived from the available metadata include: what's, happening, body, boys, growing, guide, parents, sons, madaras, general.",English,"what's, happening, body, boys, growing, guide, parents, sons, madaras, general",http://images.amazon.com/images/P/0937858994.01.MZZZZZZZ.jpg
0671649949,OBJECT AFFECTION,Stephen McCauley,1988,Washington Square Press,General Fiction,"Bibliographic summary: “OBJECT AFFECTION” is classified as General Fiction and was written by Stephen McCauley. It was published by Washington Square Press in 1988. Search and recommendation terms derived from the available metadata include: object, affection, mccauley, general, fiction.",English,"object, affection, mccauley, general, fiction",http://images.amazon.com/images/P/0671649949.01.MZZZZZZZ.jpg
0590431110,The Journey Home,Isabelle Holland,1993,Scholastic Paperbacks (Mm),Travel & Geography,"Bibliographic summary: “The Journey Home” is classified as Travel & Geography and was written by Isabelle Holland. It was published by Scholastic Paperbacks (Mm) in 1993. Search and recommendation terms derived from the available metadata include: journey, home, holland, travel, geography.",English,"journey, home, holland, travel, geography",http://images.amazon.com/images/P/0590431110.01.MZZZZZZZ.jpg
0064470113,Taking the Ferry Home,Pam Conrad,1990,Harpercollins Juvenile Books,Children & Young Adult,"Bibliographic summary: “Taking the Ferry Home” is classified as Children & Young Adult and was written by Pam Conrad. It was published by Harpercollins Juvenile Books in 1990. Search and recommendation terms derived from the available metadata include: taking, ferry, home, conrad, children, young, adult.",English,"taking, ferry, home, conrad, children, young, adult",http://images.amazon.com/images/P/0064470113.01.MZZZZZZZ.jpg
0553571486,Angel of Hope (Mercy Trilogy),Lurlene McDaniel,2000,Starfire,General Fiction,"Bibliographic summary: “Angel of Hope (Mercy Trilogy)” is classified as General Fiction and was written by Lurlene McDaniel. It was published by Starfire in 2000. Search and recommendation terms derived from the available metadata include: angel, hope, mercy, trilogy, mcdaniel, general, fiction.",English,"angel, hope, mercy, trilogy, mcdaniel, general, fiction",http://images.amazon.com/images/P/0553571486.01.MZZZZZZZ.jpg
0972044205,The Breach,Brian Kaufman,2002,Last Knight Pub Co,General Fiction,"Bibliographic summary: “The Breach” is classified as General Fiction and was written by Brian Kaufman. It was published by Last Knight Pub Co in 2002. Search and recommendation terms derived from the available metadata include: breach, kaufman, general, fiction.",English,"breach, kaufman, general, fiction",http://images.amazon.com/images/P/0972044205.01.MZZZZZZZ.jpg
0312963009,Neanderthal: A Novel,John Darnton,1997,St. Martin's Press,Art & Photography,"Bibliographic summary: “Neanderthal: A Novel” is classified as Art & Photography and was written by John Darnton. It was published by St. Martin's Press in 1997. Search and recommendation terms derived from the available metadata include: neanderthal, darnton, art, photography.",English,"neanderthal, darnton, art, photography",http://images.amazon.com/images/P/0312963009.01.MZZZZZZZ.jpg
0345430476,A Small Dark Place,Martin Schenk,1999,Ballantine Books,Art & Photography,"Bibliographic summary: “A Small Dark Place” is classified as Art & Photography and was written by Martin Schenk. It was published by Ballantine Books in 1999. Search and recommendation terms derived from the available metadata include: small, dark, place, schenk, art, photography.",English,"small, dark, place, schenk, art, photography",http://images.amazon.com/images/P/0345430476.01.MZZZZZZZ.jpg
0345435869,The Rivan Codex : Ancient Texts of THE BELGARIAD and THE MALLOREON,DAVID EDDINGS,1999,Del Rey,History,"Bibliographic summary: “The Rivan Codex : Ancient Texts of THE BELGARIAD and THE MALLOREON” is classified as History and was written by DAVID EDDINGS. It was published by Del Rey in 1999. Search and recommendation terms derived from the available metadata include: rivan, codex, ancient, texts, belgariad, malloreon, eddings, history.",English,"rivan, codex, ancient, texts, belgariad, malloreon, eddings, history",http://images.amazon.com/images/P/0345435869.01.MZZZZZZZ.jpg
0380728729,Babyhood,Paul Reiser,1998,Avon,Children & Young Adult,"Bibliographic summary: “Babyhood” is classified as Children & Young Adult and was written by Paul Reiser. It was published by Avon in 1998. Search and recommendation terms derived from the available metadata include: babyhood, reiser, children, young, adult.",English,"babyhood, reiser, children, young, adult",http://images.amazon.com/images/P/0380728729.01.MZZZZZZZ.jpg
038081840X,Year's Best Fantasy (Year's Best Fantasy),David G. Hartwell,2001,Eos,Fantasy,"Bibliographic summary: “Year's Best Fantasy (Year's Best Fantasy)” is classified as Fantasy and was written by David G. Hartwell. It was published by Eos in 2001. Search and recommendation terms derived from the available metadata include: year's, best, fantasy, hartwell.",English,"year's, best, fantasy, hartwell",http://images.amazon.com/images/P/038081840X.01.MZZZZZZZ.jpg
0449912302,Dave Barry in Cyberspace,Dave Barry,1997,Ballantine Books,Science Fiction,"Bibliographic summary: “Dave Barry in Cyberspace” is classified as Science Fiction and was written by Dave Barry. It was published by Ballantine Books in 1997. Search and recommendation terms derived from the available metadata include: dave, barry, cyberspace, science, fiction.",English,"dave, barry, cyberspace, science, fiction",http://images.amazon.com/images/P/0449912302.01.MZZZZZZZ.jpg
055329198X,Wolf Moon,John R. Holt,1997,Bantam,General Fiction,"Bibliographic summary: “Wolf Moon” is classified as General Fiction and was written by John R. Holt. It was published by Bantam in 1997. Search and recommendation terms derived from the available metadata include: wolf, moon, holt, general, fiction.",English,"wolf, moon, holt, general, fiction",http://images.amazon.com/images/P/055329198X.01.MZZZZZZZ.jpg
0671018930,The War in Heaven (Eternal Warriors),Theodore Beale,2000,Pocket,History,"Bibliographic summary: “The War in Heaven (Eternal Warriors)” is classified as History and was written by Theodore Beale. It was published by Pocket in 2000. Search and recommendation terms derived from the available metadata include: war, heaven, eternal, warriors, beale, history.",English,"war, heaven, eternal, warriors, beale, history",http://images.amazon.com/images/P/0671018930.01.MZZZZZZZ.jpg
0812541642,Waiting,Frank M. Robinson,2000,Tor Books,General Fiction,"Bibliographic summary: “Waiting” is classified as General Fiction and was written by Frank M. Robinson. It was published by Tor Books in 2000. Search and recommendation terms derived from the available metadata include: waiting, robinson, general, fiction.",English,"waiting, robinson, general, fiction",http://images.amazon.com/images/P/0812541642.01.MZZZZZZZ.jpg
0312988699,Nowhere To Run,Mary Jane Clark,2004,St. Martin's Paperbacks,Art & Photography,"Bibliographic summary: “Nowhere To Run” is classified as Art & Photography and was written by Mary Jane Clark. It was published by St. Martin's Paperbacks in 2004. Search and recommendation terms derived from the available metadata include: nowhere, run, clark, art, photography.",English,"nowhere, run, clark, art, photography",http://images.amazon.com/images/P/0312988699.01.MZZZZZZZ.jpg
0486282112,Frankenstein (Dover Thrift Editions),Mary Wollstonecraft Shelley,1994,Dover Publications,General Fiction,"Bibliographic summary: “Frankenstein (Dover Thrift Editions)” is classified as General Fiction and was written by Mary Wollstonecraft Shelley. It was published by Dover Publications in 1994. Search and recommendation terms derived from the available metadata include: frankenstein, dover, thrift, editions, shelley, general, fiction.",English,"frankenstein, dover, thrift, editions, shelley, general, fiction",http://images.amazon.com/images/P/0486282112.01.MZZZZZZZ.jpg
8483007010,El gust amarg de la cervesa (CollecciÃ³ ClÃ ssica),Isabel-Clara SimÃ³,1999,Columna,General Fiction,"Bibliographic summary: “El gust amarg de la cervesa (CollecciÃ³ ClÃ ssica)” is classified as General Fiction and was written by Isabel-Clara SimÃ³. It was published by Columna in 1999. Search and recommendation terms derived from the available metadata include: gust, amarg, cervesa, collecciã, clã, ssica, simã, general, fiction.",Spanish,"gust, amarg, cervesa, collecciã, clã, ssica, simã, general, fiction",http://images.amazon.com/images/P/8483007010.01.MZZZZZZZ.jpg
0670815373,Urn Burial,Robert Westall,1987,Viking Children's Books,Children & Young Adult,"Bibliographic summary: “Urn Burial” is classified as Children & Young Adult and was written by Robert Westall. It was published by Viking Children's Books in 1987. Search and recommendation terms derived from the available metadata include: urn, burial, westall, children, young, adult.",English,"urn, burial, westall, children, young, adult",http://images.amazon.com/images/P/0670815373.01.MZZZZZZZ.jpg
0385313748,All Our Yesterdays (Large Print),Robert B. Parker,1994,Delacorte Press,General Fiction,"Bibliographic summary: “All Our Yesterdays (Large Print)” is classified as General Fiction and was written by Robert B. Parker. It was published by Delacorte Press in 1994. Search and recommendation terms derived from the available metadata include: all, yesterdays, large, print, parker, general, fiction.",English,"all, yesterdays, large, print, parker, general, fiction",http://images.amazon.com/images/P/0385313748.01.MZZZZZZZ.jpg
1575843366,What Shall I Be (Barbie Carryalong),Rita Chapman Works,1999,Reader's Digest,General Fiction,"Bibliographic summary: “What Shall I Be (Barbie Carryalong)” is classified as General Fiction and was written by Rita Chapman Works. It was published by Reader's Digest in 1999. Search and recommendation terms derived from the available metadata include: what, shall, barbie, carryalong, works, general, fiction.",English,"what, shall, barbie, carryalong, works, general, fiction",http://images.amazon.com/images/P/1575843366.01.MZZZZZZZ.jpg
0684193957,ALL THAT REMAINS,Patricia Cornwell,1992,Scribner,General Fiction,"Bibliographic summary: “ALL THAT REMAINS” is classified as General Fiction and was written by Patricia Cornwell. It was published by Scribner in 1992. Search and recommendation terms derived from the available metadata include: all, remains, cornwell, general, fiction.",English,"all, remains, cornwell, general, fiction",http://images.amazon.com/images/P/0684193957.01.MZZZZZZZ.jpg
0345371984,Last Chance to See,Douglas Adams,1992,Ballantine Books,Science Fiction,"Bibliographic summary: “Last Chance to See” is classified as Science Fiction and was written by Douglas Adams. It was published by Ballantine Books in 1992. Search and recommendation terms derived from the available metadata include: last, chance, see, adams, science, fiction.",English,"last, chance, see, adams, science, fiction",http://images.amazon.com/images/P/0345371984.01.MZZZZZZZ.jpg
0380730138,Vinegar Hill (Oprah's Book Club (Paperback)),A. Manette Ansay,1998,Perennial,General Fiction,"Bibliographic summary: “Vinegar Hill (Oprah's Book Club (Paperback))” is classified as General Fiction and was written by A. Manette Ansay. It was published by Perennial in 1998. Search and recommendation terms derived from the available metadata include: vinegar, hill, oprah's, club, paperback, ansay, general, fiction.",English,"vinegar, hill, oprah's, club, paperback, ansay, general, fiction",http://images.amazon.com/images/P/0380730138.01.MZZZZZZZ.jpg
1573228737,Affinity,Sarah Waters,2002,Riverhead Books,General Fiction,"Bibliographic summary: “Affinity” is classified as General Fiction and was written by Sarah Waters. It was published by Riverhead Books in 2002. Search and recommendation terms derived from the available metadata include: affinity, waters, general, fiction.",English,"affinity, waters, general, fiction",http://images.amazon.com/images/P/1573228737.01.MZZZZZZZ.jpg
9681500555,Diario de Ana Frank,Anne Frank,2000,"Editores Mexicanos Unidos, S.A.",General Fiction,"Bibliographic summary: “Diario de Ana Frank” is classified as General Fiction and was written by Anne Frank. It was published by Editores Mexicanos Unidos, S.A. in 2000. Search and recommendation terms derived from the available metadata include: diario, ana, frank, general, fiction.",English,"diario, ana, frank, general, fiction",http://images.amazon.com/images/P/9681500555.01.MZZZZZZZ.jpg
0380711109,Desert Notes/River Notes,Barry Lopez,1990,Quill (HarperCollins),General Fiction,"Bibliographic summary: “Desert Notes/River Notes” is classified as General Fiction and was written by Barry Lopez. It was published by Quill (HarperCollins) in 1990. Search and recommendation terms derived from the available metadata include: desert, notes, river, lopez, general, fiction.",English,"desert, notes, river, lopez, general, fiction",http://images.amazon.com/images/P/0380711109.01.MZZZZZZZ.jpg
0452283914,"The Best Democracy Money Can Buy: The Truth About Corporate Cons, Globalization and High-Finance Fraudsters",Greg Palast,2003,Plume Books,Business & Economics,"Bibliographic summary: “The Best Democracy Money Can Buy: The Truth About Corporate Cons, Globalization and High-Finance Fraudsters” is classified as Business & Economics and was written by Greg Palast. It was published by Plume Books in 2003. Search and recommendation terms derived from the available metadata include: best, democracy, money, can, buy, truth, corporate, cons, globalization, high.",English,"best, democracy, money, can, buy, truth, corporate, cons, globalization, high",http://images.amazon.com/images/P/0452283914.01.MZZZZZZZ.jpg
0425120279,The Hunt for Red October,Tom Clancy,1990,Berkley Publishing Group,Mystery & Thriller,"Bibliographic summary: “The Hunt for Red October” is classified as Mystery & Thriller and was written by Tom Clancy. It was published by Berkley Publishing Group in 1990. Search and recommendation terms derived from the available metadata include: hunt, red, october, clancy, mystery, thriller.",English,"hunt, red, october, clancy, mystery, thriller",http://images.amazon.com/images/P/0425120279.01.MZZZZZZZ.jpg
067153484X,The Music Box,Andrea Kane,1998,Pocket,Art & Photography,"Bibliographic summary: “The Music Box” is classified as Art & Photography and was written by Andrea Kane. It was published by Pocket in 1998. Search and recommendation terms derived from the available metadata include: music, box, kane, art, photography.",English,"music, box, kane, art, photography",http://images.amazon.com/images/P/067153484X.01.MZZZZZZZ.jpg
0380728273,Liberty Falling (Anna Pigeon Mysteries (Paperback)),Nevada Barr,2000,Avon,General Fiction,"Bibliographic summary: “Liberty Falling (Anna Pigeon Mysteries (Paperback))” is classified as General Fiction and was written by Nevada Barr. It was published by Avon in 2000. Search and recommendation terms derived from the available metadata include: liberty, falling, anna, pigeon, mysteries, paperback, barr, general, fiction.",English,"liberty, falling, anna, pigeon, mysteries, paperback, barr, general, fiction",http://images.amazon.com/images/P/0380728273.01.MZZZZZZZ.jpg
8433914545,El Palacio de La Luna,Paul Auster,1996,Anagrama,General Fiction,"Bibliographic summary: “El Palacio de La Luna” is classified as General Fiction and was written by Paul Auster. It was published by Anagrama in 1996. Search and recommendation terms derived from the available metadata include: palacio, luna, auster, general, fiction.",Spanish,"palacio, luna, auster, general, fiction",http://images.amazon.com/images/P/8433914545.01.MZZZZZZZ.jpg
8484509141,Mientras Escribo,Stephen King,2002,Distribooks,Horror,"Bibliographic summary: “Mientras Escribo” is classified as Horror and was written by Stephen King. It was published by Distribooks in 2002. Search and recommendation terms derived from the available metadata include: mientras, escribo, king, horror.",English,"mientras, escribo, king, horror",http://images.amazon.com/images/P/8484509141.01.MZZZZZZZ.jpg
0446606197,Killer Market (Deborah Knott Mysteries (Paperback)),Margaret Maron,1999,Warner Books,Mystery & Thriller,"Bibliographic summary: “Killer Market (Deborah Knott Mysteries (Paperback))” is classified as Mystery & Thriller and was written by Margaret Maron. It was published by Warner Books in 1999. Search and recommendation terms derived from the available metadata include: killer, market, deborah, knott, mysteries, paperback, maron, mystery, thriller.",English,"killer, market, deborah, knott, mysteries, paperback, maron, mystery, thriller",http://images.amazon.com/images/P/0446606197.01.MZZZZZZZ.jpg
0771076002,Remembering Peter Gzowski : A Book of Tributes,EDNA BARKER,2002,Douglas Gibson Books,General Fiction,"Bibliographic summary: “Remembering Peter Gzowski : A Book of Tributes” is classified as General Fiction and was written by EDNA BARKER. It was published by Douglas Gibson Books in 2002. Search and recommendation terms derived from the available metadata include: remembering, peter, gzowski, tributes, barker, general, fiction.",English,"remembering, peter, gzowski, tributes, barker, general, fiction",http://images.amazon.com/images/P/0771076002.01.MZZZZZZZ.jpg
0771088191,The Best Canadian Animal Stories: Classic Tales by Master Storytellers,Muriel Whitaker,1997,McClelland & Stewart,History,"Bibliographic summary: “The Best Canadian Animal Stories: Classic Tales by Master Storytellers” is classified as History and was written by Muriel Whitaker. It was published by McClelland & Stewart in 1997. Search and recommendation terms derived from the available metadata include: best, canadian, animal, stories, classic, tales, master, storytellers, whitaker, history.",English,"best, canadian, animal, stories, classic, tales, master, storytellers, whitaker, history",http://images.amazon.com/images/P/0771088191.01.MZZZZZZZ.jpg
1559703237,Trying to Save Piggy Sneed,John Irving,1996,Arcade Publishing,General Fiction,"Bibliographic summary: “Trying to Save Piggy Sneed” is classified as General Fiction and was written by John Irving. It was published by Arcade Publishing in 1996. Search and recommendation terms derived from the available metadata include: trying, save, piggy, sneed, irving, general, fiction.",English,"trying, save, piggy, sneed, irving, general, fiction",http://images.amazon.com/images/P/1559703237.01.MZZZZZZZ.jpg
0062770500,Seattle Access,HarperReference,1993,Access Press (HarperCollins),Education & Reference,"Bibliographic summary: “Seattle Access” is classified as Education & Reference and was written by HarperReference. It was published by Access Press (HarperCollins) in 1993. Search and recommendation terms derived from the available metadata include: seattle, access, harperreference, education, reference.",English,"seattle, access, harperreference, education, reference",http://images.amazon.com/images/P/0062770500.01.MZZZZZZZ.jpg
0671847546,REAL GUIDE: CALIFORNIA AND THE WEST COAST (The Real guides),LTD,1993,John Wiley & Sons Inc,General Fiction,"Bibliographic summary: “REAL GUIDE: CALIFORNIA AND THE WEST COAST (The Real guides)” is classified as General Fiction and was written by LTD. It was published by John Wiley & Sons Inc in 1993. Search and recommendation terms derived from the available metadata include: real, guide, california, west, coast, guides, ltd, general, fiction.",English,"real, guide, california, west, coast, guides, ltd, general, fiction",http://images.amazon.com/images/P/0671847546.01.MZZZZZZZ.jpg
0060188731,Bel Canto,Ann Patchett,2001,HarperCollins Publishers,General Fiction,"Bibliographic summary: “Bel Canto” is classified as General Fiction and was written by Ann Patchett. It was published by HarperCollins Publishers in 2001. Search and recommendation terms derived from the available metadata include: bel, canto, patchett, general, fiction.",English,"bel, canto, patchett, general, fiction",http://images.amazon.com/images/P/0060188731.01.MZZZZZZZ.jpg
0142001740,The Secret Life of Bees,Sue Monk Kidd,2003,Penguin Books,Children & Young Adult,"Bibliographic summary: “The Secret Life of Bees” is classified as Children & Young Adult and was written by Sue Monk Kidd. It was published by Penguin Books in 2003. Search and recommendation terms derived from the available metadata include: secret, life, bees, kidd, children, young, adult.",English,"secret, life, bees, kidd, children, young, adult",http://images.amazon.com/images/P/0142001740.01.MZZZZZZZ.jpg
0195086295,What a Wonderful World: A Lifetime of Recordings,Bob Thiele,1995,Oxford University Press,General Fiction,"Bibliographic summary: “What a Wonderful World: A Lifetime of Recordings” is classified as General Fiction and was written by Bob Thiele. It was published by Oxford University Press in 1995. Search and recommendation terms derived from the available metadata include: what, wonderful, world, lifetime, recordings, thiele, general, fiction.",English,"what, wonderful, world, lifetime, recordings, thiele, general, fiction",http://images.amazon.com/images/P/0195086295.01.MZZZZZZZ.jpg
0312995423,Digital Fortress : A Thriller,Dan Brown,2003,St. Martin's Press,Mystery & Thriller,"Bibliographic summary: “Digital Fortress : A Thriller” is classified as Mystery & Thriller and was written by Dan Brown. It was published by St. Martin's Press in 2003. Search and recommendation terms derived from the available metadata include: digital, fortress, thriller, brown, mystery.",English,"digital, fortress, thriller, brown, mystery",http://images.amazon.com/images/P/0312995423.01.MZZZZZZZ.jpg
0380704587,The Ladies of Missalonghi,Colleen McCullough,1988,Avon,General Fiction,"Bibliographic summary: “The Ladies of Missalonghi” is classified as General Fiction and was written by Colleen McCullough. It was published by Avon in 1988. Search and recommendation terms derived from the available metadata include: ladies, missalonghi, mccullough, general, fiction.",English,"ladies, missalonghi, mccullough, general, fiction",http://images.amazon.com/images/P/0380704587.01.MZZZZZZZ.jpg
0380815923,Blackberry Wine : A Novel,Joanne Harris,2001,Perennial,Cooking & Food,"Bibliographic summary: “Blackberry Wine : A Novel” is classified as Cooking & Food and was written by Joanne Harris. It was published by Perennial in 2001. Search and recommendation terms derived from the available metadata include: blackberry, wine, harris, cooking, food.",English,"blackberry, wine, harris, cooking, food",http://images.amazon.com/images/P/0380815923.01.MZZZZZZZ.jpg
0385416342,The Firm,John Grisham,1991,Doubleday Books,Mystery & Thriller,"Bibliographic summary: “The Firm” is classified as Mystery & Thriller and was written by John Grisham. It was published by Doubleday Books in 1991. Search and recommendation terms derived from the available metadata include: firm, grisham, mystery, thriller.",English,"firm, grisham, mystery, thriller",http://images.amazon.com/images/P/0385416342.01.MZZZZZZZ.jpg
0385418493,How the Irish Saved Civilization: The Untold Story of Ireland's Heroic Role from the Fall of Rome to the Rise of Medieval Europe (Hinges of History),Thomas Cahill,1996,Anchor,History,"Bibliographic summary: “How the Irish Saved Civilization: The Untold Story of Ireland's Heroic Role from the Fall of Rome to the Rise of Medieval Europe (Hinges of History)” is classified as History and was written by Thomas Cahill. It was published by Anchor in 1996. Search and recommendation terms derived from the available metadata include: how, irish, saved, civilization, untold, story, ireland's, heroic, role, fall.",English,"how, irish, saved, civilization, untold, story, ireland's, heroic, role, fall",http://images.amazon.com/images/P/0385418493.01.MZZZZZZZ.jpg
038542471X,The Client,John Grisham,1993,Doubleday Books,Mystery & Thriller,"Bibliographic summary: “The Client” is classified as Mystery & Thriller and was written by John Grisham. It was published by Doubleday Books in 1993. Search and recommendation terms derived from the available metadata include: client, grisham, mystery, thriller.",English,"client, grisham, mystery, thriller",http://images.amazon.com/images/P/038542471X.01.MZZZZZZZ.jpg
0425098109,Thieves of Light (Photon : the Ultimate Game on Planet Earth),Michael Hudson,1987,Berkley Publishing Group,Science Fiction,"Bibliographic summary: “Thieves of Light (Photon : the Ultimate Game on Planet Earth)” is classified as Science Fiction and was written by Michael Hudson. It was published by Berkley Publishing Group in 1987. Search and recommendation terms derived from the available metadata include: thieves, light, photon, ultimate, game, planet, earth, hudson, science, fiction.",English,"thieves, light, photon, ultimate, game, planet, earth, hudson, science, fiction",http://images.amazon.com/images/P/0425098109.01.MZZZZZZZ.jpg
0449005410,Horse Heaven (Ballantine Reader's Circle),Jane Smiley,2001,Ballantine Books,General Fiction,"Bibliographic summary: “Horse Heaven (Ballantine Reader's Circle)” is classified as General Fiction and was written by Jane Smiley. It was published by Ballantine Books in 2001. Search and recommendation terms derived from the available metadata include: horse, heaven, ballantine, reader's, circle, smiley, general, fiction.",English,"horse, heaven, ballantine, reader's, circle, smiley, general, fiction",http://images.amazon.com/images/P/0449005410.01.MZZZZZZZ.jpg
0449202631,Danger,Dick Francis,1985,Fawcett Books,General Fiction,"Bibliographic summary: “Danger” is classified as General Fiction and was written by Dick Francis. It was published by Fawcett Books in 1985. Search and recommendation terms derived from the available metadata include: danger, francis, general, fiction.",English,"danger, francis, general, fiction",http://images.amazon.com/images/P/0449202631.01.MZZZZZZZ.jpg
0449207544,Proof,Dick Francis,1990,Fawcett Books,General Fiction,"Bibliographic summary: “Proof” is classified as General Fiction and was written by Dick Francis. It was published by Fawcett Books in 1990. Search and recommendation terms derived from the available metadata include: proof, francis, general, fiction.",English,"proof, francis, general, fiction",http://images.amazon.com/images/P/0449207544.01.MZZZZZZZ.jpg
0515128554,Heart of the Sea (Irish Trilogy),Nora Roberts,2000,Jove Books,Romance,"Bibliographic summary: “Heart of the Sea (Irish Trilogy)” is classified as Romance and was written by Nora Roberts. It was published by Jove Books in 2000. Search and recommendation terms derived from the available metadata include: heart, sea, irish, trilogy, roberts, romance.",English,"heart, sea, irish, trilogy, roberts, romance",http://images.amazon.com/images/P/0515128554.01.MZZZZZZZ.jpg
0517577402,Mostly Harmless,Douglas Adams,1992,Random House Inc,Science Fiction,"Bibliographic summary: “Mostly Harmless” is classified as Science Fiction and was written by Douglas Adams. It was published by Random House Inc in 1992. Search and recommendation terms derived from the available metadata include: mostly, harmless, adams, science, fiction.",English,"mostly, harmless, adams, science, fiction",http://images.amazon.com/images/P/0517577402.01.MZZZZZZZ.jpg
0590450875,I Spy: A Book of Picture Riddles,Jean Marzollo,1992,Scholastic,Mystery & Thriller,"Bibliographic summary: “I Spy: A Book of Picture Riddles” is classified as Mystery & Thriller and was written by Jean Marzollo. It was published by Scholastic in 1992. Search and recommendation terms derived from the available metadata include: spy, picture, riddles, marzollo, mystery, thriller.",English,"spy, picture, riddles, marzollo, mystery, thriller",http://images.amazon.com/images/P/0590450875.01.MZZZZZZZ.jpg
0590481371,I Spy Spooky Night: A Book of Picture Riddles (I Spy Books),Walter Wick,1996,Scholastic,Mystery & Thriller,"Bibliographic summary: “I Spy Spooky Night: A Book of Picture Riddles (I Spy Books)” is classified as Mystery & Thriller and was written by Walter Wick. It was published by Scholastic in 1996. Search and recommendation terms derived from the available metadata include: spy, spooky, night, picture, riddles, wick, mystery, thriller.",English,"spy, spooky, night, picture, riddles, wick, mystery, thriller",http://images.amazon.com/images/P/0590481371.01.MZZZZZZZ.jpg
067103619X,Lake News,Barbara Delinsky,2000,Pocket,General Fiction,"Bibliographic summary: “Lake News” is classified as General Fiction and was written by Barbara Delinsky. It was published by Pocket in 2000. Search and recommendation terms derived from the available metadata include: lake, news, delinsky, general, fiction.",English,"lake, news, delinsky, general, fiction",http://images.amazon.com/images/P/067103619X.01.MZZZZZZZ.jpg
0684177730,The SKULL BENEATH THE SKIN,P. D. James,1982,Scribner,General Fiction,"Bibliographic summary: “The SKULL BENEATH THE SKIN” is classified as General Fiction and was written by P. D. James. It was published by Scribner in 1982. Search and recommendation terms derived from the available metadata include: skull, beneath, skin, james, general, fiction.",English,"skull, beneath, skin, james, general, fiction",http://images.amazon.com/images/P/0684177730.01.MZZZZZZZ.jpg
0684180200,NEW SHOE,Arthur William Upfield,1983,Scribner Paper Fiction,Art & Photography,"Bibliographic summary: “NEW SHOE” is classified as Art & Photography and was written by Arthur William Upfield. It was published by Scribner Paper Fiction in 1983. Search and recommendation terms derived from the available metadata include: new, shoe, upfield, art, photography.",English,"new, shoe, upfield, art, photography",http://images.amazon.com/images/P/0684180200.01.MZZZZZZZ.jpg
0743411269,An Accidental Woman,Barbara Delinsky,2003,Pocket Books,General Fiction,"Bibliographic summary: “An Accidental Woman” is classified as General Fiction and was written by Barbara Delinsky. It was published by Pocket Books in 2003. Search and recommendation terms derived from the available metadata include: accidental, woman, delinsky, general, fiction.",English,"accidental, woman, delinsky, general, fiction",http://images.amazon.com/images/P/0743411269.01.MZZZZZZZ.jpg
0743470389,The Snow Garden,Christopher Rice,2004,Pocket Star,General Fiction,"Bibliographic summary: “The Snow Garden” is classified as General Fiction and was written by Christopher Rice. It was published by Pocket Star in 2004. Search and recommendation terms derived from the available metadata include: snow, garden, rice, general, fiction.",English,"snow, garden, rice, general, fiction",http://images.amazon.com/images/P/0743470389.01.MZZZZZZZ.jpg
076218857X,The Doorbell Rang (The Best Mysteries of All Time),Rex Stout,2000,Readers Digest Assn,General Fiction,"Bibliographic summary: “The Doorbell Rang (The Best Mysteries of All Time)” is classified as General Fiction and was written by Rex Stout. It was published by Readers Digest Assn in 2000. Search and recommendation terms derived from the available metadata include: doorbell, rang, best, mysteries, all, time, stout, general, fiction.",English,"doorbell, rang, best, mysteries, all, time, stout, general, fiction",http://images.amazon.com/images/P/076218857X.01.MZZZZZZZ.jpg
0767905938,A Year by the Sea: Thoughts of an Unfinished Woman,Joan Anderson,2000,Broadway Books,General Fiction,"Bibliographic summary: “A Year by the Sea: Thoughts of an Unfinished Woman” is classified as General Fiction and was written by Joan Anderson. It was published by Broadway Books in 2000. Search and recommendation terms derived from the available metadata include: year, sea, thoughts, unfinished, woman, anderson, general, fiction.",English,"year, sea, thoughts, unfinished, woman, anderson, general, fiction",http://images.amazon.com/images/P/0767905938.01.MZZZZZZZ.jpg
0800706544,Though I walk through the valley,Vance Havner,1974,F. H. Revell,General Fiction,"Bibliographic summary: “Though I walk through the valley” is classified as General Fiction and was written by Vance Havner. It was published by F. H. Revell in 1974. Search and recommendation terms derived from the available metadata include: though, walk, valley, havner, general, fiction.",English,"though, walk, valley, havner, general, fiction",http://images.amazon.com/images/P/0800706544.01.MZZZZZZZ.jpg
0801096677,Victorious Christians You Should Know,Warren W. Wiersbe,1984,Baker Book House,History,"Bibliographic summary: “Victorious Christians You Should Know” is classified as History and was written by Warren W. Wiersbe. It was published by Baker Book House in 1984. Search and recommendation terms derived from the available metadata include: victorious, christians, you, should, know, wiersbe, history.",English,"victorious, christians, you, should, know, wiersbe, history",http://images.amazon.com/images/P/0801096677.01.MZZZZZZZ.jpg
0849953014,Life Lessons: Book Of Hebrews,Max Lucado,1997,W Publishing Group,General Fiction,"Bibliographic summary: “Life Lessons: Book Of Hebrews” is classified as General Fiction and was written by Max Lucado. It was published by W Publishing Group in 1997. Search and recommendation terms derived from the available metadata include: life, lessons, hebrews, lucado, general, fiction.",English,"life, lessons, hebrews, lucado, general, fiction",http://images.amazon.com/images/P/0849953014.01.MZZZZZZZ.jpg
0891091963,Inside out,Lawrence J Crabb,1988,NavPress,Politics & Society,"Bibliographic summary: “Inside out” is classified as Politics & Society and was written by Lawrence J Crabb. It was published by NavPress in 1988. Search and recommendation terms derived from the available metadata include: inside, out, crabb, politics, society.",English,"inside, out, crabb, politics, society",http://images.amazon.com/images/P/0891091963.01.MZZZZZZZ.jpg
0915811537,Son Rise: The Miracle Continues,Barry Neil Kaufman,1994,Pub Group West,General Fiction,"Bibliographic summary: “Son Rise: The Miracle Continues” is classified as General Fiction and was written by Barry Neil Kaufman. It was published by Pub Group West in 1994. Search and recommendation terms derived from the available metadata include: son, rise, miracle, continues, kaufman, general, fiction.",English,"son, rise, miracle, continues, kaufman, general, fiction",http://images.amazon.com/images/P/0915811537.01.MZZZZZZZ.jpg
0927545373,Unveiled at Last,Bob Sjogren,1988,YWAM Publishing,General Fiction,"Bibliographic summary: “Unveiled at Last” is classified as General Fiction and was written by Bob Sjogren. It was published by YWAM Publishing in 1988. Search and recommendation terms derived from the available metadata include: unveiled, last, sjogren, general, fiction.",English,"unveiled, last, sjogren, general, fiction",http://images.amazon.com/images/P/0927545373.01.MZZZZZZZ.jpg
1575024179,The Day I Almost Quit,Frederick J. Moody,1997,F.J. Moody,General Fiction,"Bibliographic summary: “The Day I Almost Quit” is classified as General Fiction and was written by Frederick J. Moody. It was published by F.J. Moody in 1997. Search and recommendation terms derived from the available metadata include: day, almost, quit, moody, general, fiction.",English,"day, almost, quit, moody, general, fiction",http://images.amazon.com/images/P/1575024179.01.MZZZZZZZ.jpg
1880185008,"Serving As Senders: How to Care for Your Missionaries While They Are Preparing to Go, While They Are on the Field, When They Return Home",Neal Pirolo,1991,Emmaus Road Intl,General Fiction,"Bibliographic summary: “Serving As Senders: How to Care for Your Missionaries While They Are Preparing to Go, While They Are on the Field, When They Return Home” is classified as General Fiction and was written by Neal Pirolo. It was published by Emmaus Road Intl in 1991. Search and recommendation terms derived from the available metadata include: serving, senders, how, care, missionaries, while, they, preparing, field, when.",English,"serving, senders, how, care, missionaries, while, they, preparing, field, when",http://images.amazon.com/images/P/1880185008.01.MZZZZZZZ.jpg
0140345809,House of Stairs,William Sleator,1991,Puffin Books,General Fiction,"Bibliographic summary: “House of Stairs” is classified as General Fiction and was written by William Sleator. It was published by Puffin Books in 1991. Search and recommendation terms derived from the available metadata include: house, stairs, sleator, general, fiction.",English,"house, stairs, sleator, general, fiction",http://images.amazon.com/images/P/0140345809.01.MZZZZZZZ.jpg
0156528207,The Little Prince,Antoine de Saint-ExupÃ©ry,1968,Harcourt,General Fiction,"Bibliographic summary: “The Little Prince” is classified as General Fiction and was written by Antoine de Saint-ExupÃ©ry. It was published by Harcourt in 1968. Search and recommendation terms derived from the available metadata include: little, prince, general, fiction.",English,"little, prince, general, fiction",http://images.amazon.com/images/P/0156528207.01.MZZZZZZZ.jpg
0380012863,Jonathan Livingston Seagull,Richard Bach,1976,Avon,General Fiction,"Bibliographic summary: “Jonathan Livingston Seagull” is classified as General Fiction and was written by Richard Bach. It was published by Avon in 1976. Search and recommendation terms derived from the available metadata include: jonathan, livingston, seagull, bach, general, fiction.",English,"jonathan, livingston, seagull, bach, general, fiction",http://images.amazon.com/images/P/0380012863.01.MZZZZZZZ.jpg
0451154916,The Crystal Handbook,Kevin Sullivan,1996,Signet Book,Education & Reference,"Bibliographic summary: “The Crystal Handbook” is classified as Education & Reference and was written by Kevin Sullivan. It was published by Signet Book in 1996. Search and recommendation terms derived from the available metadata include: crystal, handbook, sullivan, education, reference.",English,"crystal, handbook, sullivan, education, reference",http://images.amazon.com/images/P/0451154916.01.MZZZZZZZ.jpg
0785815147,Simple Wicca (Simple Wisdom Book),Michele Morgan,2002,Castle Books,Philosophy,"Bibliographic summary: “Simple Wicca (Simple Wisdom Book)” is classified as Philosophy and was written by Michele Morgan. It was published by Castle Books in 2002. Search and recommendation terms derived from the available metadata include: simple, wicca, wisdom, morgan, philosophy.",English,"simple, wicca, wisdom, morgan, philosophy",http://images.amazon.com/images/P/0785815147.01.MZZZZZZZ.jpg
0875421288,"The Complete Book of Incense, Oils & Brews (Llewellyn's Practical Magick)","Scott, Cunningham",1989,Llewellyn Publications,Fantasy,"Bibliographic summary: “The Complete Book of Incense, Oils & Brews (Llewellyn's Practical Magick)” is classified as Fantasy and was written by Scott, Cunningham. It was published by Llewellyn Publications in 1989. Search and recommendation terms derived from the available metadata include: complete, incense, oils, brews, llewellyn's, practical, magick, cunningham, fantasy.",English,"complete, incense, oils, brews, llewellyn's, practical, magick, cunningham, fantasy",http://images.amazon.com/images/P/0875421288.01.MZZZZZZZ.jpg
1567184294,"The Western Mysteries: An Encyclopedic Guide to the Sacred Languages & Magickal Systems of the World : The Key of It All, Book II (Key of It All)",David Allen Hulse,2000,Llewellyn Publications,Fantasy,"Bibliographic summary: “The Western Mysteries: An Encyclopedic Guide to the Sacred Languages & Magickal Systems of the World : The Key of It All, Book II (Key of It All)” is classified as Fantasy and was written by David Allen Hulse. It was published by Llewellyn Publications in 2000. Search and recommendation terms derived from the available metadata include: western, mysteries, encyclopedic, guide, sacred, languages, magickal, systems, world, key.",English,"western, mysteries, encyclopedic, guide, sacred, languages, magickal, systems, world, key",http://images.amazon.com/images/P/1567184294.01.MZZZZZZZ.jpg
156718796X,Astral Travel for Beginners (For Beginners),Richard Webster,1998,Llewellyn Publications,Travel & Geography,"Bibliographic summary: “Astral Travel for Beginners (For Beginners)” is classified as Travel & Geography and was written by Richard Webster. It was published by Llewellyn Publications in 1998. Search and recommendation terms derived from the available metadata include: astral, travel, beginners, webster, geography.",English,"astral, travel, beginners, webster, geography",http://images.amazon.com/images/P/156718796X.01.MZZZZZZZ.jpg
1862047626,New Perspectives: Runes,Bernard King,2000,Harper Collins - UK,General Fiction,"Bibliographic summary: “New Perspectives: Runes” is classified as General Fiction and was written by Bernard King. It was published by Harper Collins - UK in 2000. Search and recommendation terms derived from the available metadata include: new, perspectives, runes, king, general, fiction.",English,"new, perspectives, runes, king, general, fiction",http://images.amazon.com/images/P/1862047626.01.MZZZZZZZ.jpg
0020437501,Rosie'S Walk,Pat Hutchins,1971,Aladdin,General Fiction,"Bibliographic summary: “Rosie'S Walk” is classified as General Fiction and was written by Pat Hutchins. It was published by Aladdin in 1971. Search and recommendation terms derived from the available metadata include: rosie's, walk, hutchins, general, fiction.",English,"rosie's, walk, hutchins, general, fiction",http://images.amazon.com/images/P/0020437501.01.MZZZZZZZ.jpg
0198320264,Julius Caesar (Oxford School Shakespeare),William Shakespeare,2001,Oxford University Press,General Fiction,"Bibliographic summary: “Julius Caesar (Oxford School Shakespeare)” is classified as General Fiction and was written by William Shakespeare. It was published by Oxford University Press in 2001. Search and recommendation terms derived from the available metadata include: julius, caesar, oxford, school, shakespeare, general, fiction.",English,"julius, caesar, oxford, school, shakespeare, general, fiction",http://images.amazon.com/images/P/0198320264.01.MZZZZZZZ.jpg
0373196989,"Santa Brought A Son : Marrying The Boss's Daughter (Silhouette Romance, 1698)",Melissa McClone,2003,Silhouette,Romance,"Bibliographic summary: “Santa Brought A Son : Marrying The Boss's Daughter (Silhouette Romance, 1698)” is classified as Romance and was written by Melissa McClone. It was published by Silhouette in 2003. Search and recommendation terms derived from the available metadata include: santa, brought, son, marrying, boss's, daughter, silhouette, romance, 1698, mcclone.",English,"santa, brought, son, marrying, boss's, daughter, silhouette, romance, 1698, mcclone",http://images.amazon.com/images/P/0373196989.01.MZZZZZZZ.jpg
0373245580,"Marry Me ... Again   Montana Mavericks (Silhouette Special Edition, 1558)",Cheryl St. John,2003,Silhouette,General Fiction,"Bibliographic summary: “Marry Me ... Again Montana Mavericks (Silhouette Special Edition, 1558)” is classified as General Fiction and was written by Cheryl St. John. It was published by Silhouette in 2003. Search and recommendation terms derived from the available metadata include: marry, again, montana, mavericks, silhouette, special, 1558, john, general, fiction.",English,"marry, again, montana, mavericks, silhouette, special, 1558, john, general, fiction",http://images.amazon.com/images/P/0373245580.01.MZZZZZZZ.jpg
0451527747,Alice's Adventures in Wonderland and Through the Looking Glass,Lewis Carroll,2000,Signet Classics,General Fiction,"Bibliographic summary: “Alice's Adventures in Wonderland and Through the Looking Glass” is classified as General Fiction and was written by Lewis Carroll. It was published by Signet Classics in 2000. Search and recommendation terms derived from the available metadata include: alice's, adventures, wonderland, looking, glass, carroll, general, fiction.",English,"alice's, adventures, wonderland, looking, glass, carroll, general, fiction",http://images.amazon.com/images/P/0451527747.01.MZZZZZZZ.jpg
0671867113,Moonlight Becomes You,Mary Higgins Clark,1997,Pocket,Mystery & Thriller,"Bibliographic summary: “Moonlight Becomes You” is classified as Mystery & Thriller and was written by Mary Higgins Clark. It was published by Pocket in 1997. Search and recommendation terms derived from the available metadata include: moonlight, becomes, you, clark, mystery, thriller.",English,"moonlight, becomes, you, clark, mystery, thriller",http://images.amazon.com/images/P/0671867113.01.MZZZZZZZ.jpg
0812504208,The Adventures of Tom Sawyer,Mark Twain,1989,Tor Books,General Fiction,"Bibliographic summary: “The Adventures of Tom Sawyer” is classified as General Fiction and was written by Mark Twain. It was published by Tor Books in 1989. Search and recommendation terms derived from the available metadata include: adventures, tom, sawyer, twain, general, fiction.",English,"adventures, tom, sawyer, twain, general, fiction",http://images.amazon.com/images/P/0812504208.01.MZZZZZZZ.jpg
0060173289,Divine Secrets of the Ya-Ya Sisterhood : A Novel,Rebecca Wells,1996,HarperCollins,General Fiction,"Bibliographic summary: “Divine Secrets of the Ya-Ya Sisterhood : A Novel” is classified as General Fiction and was written by Rebecca Wells. It was published by HarperCollins in 1996. Search and recommendation terms derived from the available metadata include: divine, secrets, sisterhood, wells, general, fiction.",English,"divine, secrets, sisterhood, wells, general, fiction",http://images.amazon.com/images/P/0060173289.01.MZZZZZZZ.jpg
0060973897,Lakota Woman,Dog Mary Crow,1991,Perennial,General Fiction,"Bibliographic summary: “Lakota Woman” is classified as General Fiction and was written by Dog Mary Crow. It was published by Perennial in 1991. Search and recommendation terms derived from the available metadata include: lakota, woman, crow, general, fiction.",English,"lakota, woman, crow, general, fiction",http://images.amazon.com/images/P/0060973897.01.MZZZZZZZ.jpg
0140104682,"Heroes of Their Own Lives: The Politics and History of Family Violence, Boston 1880-1960",Linda Gordon,1989,Penguin USA,History,"Bibliographic summary: “Heroes of Their Own Lives: The Politics and History of Family Violence, Boston 1880-1960” is classified as History and was written by Linda Gordon. It was published by Penguin USA in 1989. Search and recommendation terms derived from the available metadata include: heroes, own, lives, politics, history, family, violence, boston, 1880, 1960.",English,"heroes, own, lives, politics, history, family, violence, boston, 1880, 1960",http://images.amazon.com/images/P/0140104682.01.MZZZZZZZ.jpg
0312143370,The Florence King Reader,Florence King,1996,St. Martin's Press,Art & Photography,"Bibliographic summary: “The Florence King Reader” is classified as Art & Photography and was written by Florence King. It was published by St. Martin's Press in 1996. Search and recommendation terms derived from the available metadata include: florence, king, reader, art, photography.",English,"florence, king, reader, art, photography",http://images.amazon.com/images/P/0312143370.01.MZZZZZZZ.jpg
0316666343,The Lovely Bones: A Novel,Alice Sebold,2002,"Little, Brown",Romance,"Bibliographic summary: “The Lovely Bones: A Novel” is classified as Romance and was written by Alice Sebold. It was published by Little, Brown in 2002. Search and recommendation terms derived from the available metadata include: lovely, bones, sebold, romance.",English,"lovely, bones, sebold, romance",http://images.amazon.com/images/P/0316666343.01.MZZZZZZZ.jpg
039456894X,Impossible Vacation,Spalding Gray,1992,Random House Inc,General Fiction,"Bibliographic summary: “Impossible Vacation” is classified as General Fiction and was written by Spalding Gray. It was published by Random House Inc in 1992. Search and recommendation terms derived from the available metadata include: impossible, vacation, gray, general, fiction.",English,"impossible, vacation, gray, general, fiction",http://images.amazon.com/images/P/039456894X.01.MZZZZZZZ.jpg
0440224675,Hannibal,Thomas Harris,2000,Dell Publishing Company,General Fiction,"Bibliographic summary: “Hannibal” is classified as General Fiction and was written by Thomas Harris. It was published by Dell Publishing Company in 2000. Search and recommendation terms derived from the available metadata include: hannibal, harris, general, fiction.",English,"hannibal, harris, general, fiction",http://images.amazon.com/images/P/0440224675.01.MZZZZZZZ.jpg
0449002632,London : The Novel,EDWARD RUTHERFURD,1998,Fawcett,History,"Bibliographic summary: “London : The Novel” is classified as History and was written by EDWARD RUTHERFURD. It was published by Fawcett in 1998. Search and recommendation terms derived from the available metadata include: london, rutherfurd, history.",English,"london, rutherfurd, history",http://images.amazon.com/images/P/0449002632.01.MZZZZZZZ.jpg
0449213773,Life Before Man,Margaret Atwood,1990,Fawcett Books,General Fiction,"Bibliographic summary: “Life Before Man” is classified as General Fiction and was written by Margaret Atwood. It was published by Fawcett Books in 1990. Search and recommendation terms derived from the available metadata include: life, before, man, atwood, general, fiction.",English,"life, before, man, atwood, general, fiction",http://images.amazon.com/images/P/0449213773.01.MZZZZZZZ.jpg
0452279690,Cavedweller,Dorothy Allison,1999,Plume Books,General Fiction,"Bibliographic summary: “Cavedweller” is classified as General Fiction and was written by Dorothy Allison. It was published by Plume Books in 1999. Search and recommendation terms derived from the available metadata include: cavedweller, allison, general, fiction.",English,"cavedweller, allison, general, fiction",http://images.amazon.com/images/P/0452279690.01.MZZZZZZZ.jpg
0553569058,The Robber Bride,Margaret Atwood,1995,Bantam,Romance,"Bibliographic summary: “The Robber Bride” is classified as Romance and was written by Margaret Atwood. It was published by Bantam in 1995. Search and recommendation terms derived from the available metadata include: robber, bride, atwood, romance.",English,"robber, bride, atwood, romance",http://images.amazon.com/images/P/0553569058.01.MZZZZZZZ.jpg
0679427430,Wouldn't Take Nothing for My Journey Now,MAYA ANGELOU,1993,Random House,Travel & Geography,"Bibliographic summary: “Wouldn't Take Nothing for My Journey Now” is classified as Travel & Geography and was written by MAYA ANGELOU. It was published by Random House in 1993. Search and recommendation terms derived from the available metadata include: wouldn't, take, nothing, journey, now, angelou, travel, geography.",English,"wouldn't, take, nothing, journey, now, angelou, travel, geography",http://images.amazon.com/images/P/0679427430.01.MZZZZZZZ.jpg
0679725393,The House of Mirth (Library of America),Edith Wharton,1990,Vintage Books USA,Art & Photography,"Bibliographic summary: “The House of Mirth (Library of America)” is classified as Art & Photography and was written by Edith Wharton. It was published by Vintage Books USA in 1990. Search and recommendation terms derived from the available metadata include: house, mirth, library, america, wharton, art, photography.",English,"house, mirth, library, america, wharton, art, photography",http://images.amazon.com/images/P/0679725393.01.MZZZZZZZ.jpg
0802114369,Ohitika Woman,Mary Brave Bird,1993,Pub Group West,General Fiction,"Bibliographic summary: “Ohitika Woman” is classified as General Fiction and was written by Mary Brave Bird. It was published by Pub Group West in 1993. Search and recommendation terms derived from the available metadata include: ohitika, woman, bird, general, fiction.",English,"ohitika, woman, bird, general, fiction",http://images.amazon.com/images/P/0802114369.01.MZZZZZZZ.jpg
0803233019,Black Elk Speaks: Being the Life Story of a Holy Man of the Oglala Sioux,John G. Neihardt,1988,University of Nebraska Press,General Fiction,"Bibliographic summary: “Black Elk Speaks: Being the Life Story of a Holy Man of the Oglala Sioux” is classified as General Fiction and was written by John G. Neihardt. It was published by University of Nebraska Press in 1988. Search and recommendation terms derived from the available metadata include: black, elk, speaks, life, story, holy, man, oglala, sioux, neihardt.",English,"black, elk, speaks, life, story, holy, man, oglala, sioux, neihardt",http://images.amazon.com/images/P/0803233019.01.MZZZZZZZ.jpg
0819154946,The Community in America,Roland Warren,1987,University Press of America,History,"Bibliographic summary: “The Community in America” is classified as History and was written by Roland Warren. It was published by University Press of America in 1987. Search and recommendation terms derived from the available metadata include: community, america, warren, history.",English,"community, america, warren, history",http://images.amazon.com/images/P/0819154946.01.MZZZZZZZ.jpg
0897322339,"The Best in Tent Camping: Smoky Mountains : A Guide for Campers Who Hate Rvs, Concrete Slabs, and Loud Portable Stereos (Best in Tent Camping Colorado)",Johnny Molloy,1997,Globe Pequot Pr,General Fiction,"Bibliographic summary: “The Best in Tent Camping: Smoky Mountains : A Guide for Campers Who Hate Rvs, Concrete Slabs, and Loud Portable Stereos (Best in Tent Camping Colorado)” is classified as General Fiction and was written by Johnny Molloy. It was published by Globe Pequot Pr in 1997. Search and recommendation terms derived from the available metadata include: best, tent, camping, smoky, mountains, guide, campers, who, hate, rvs.",English,"best, tent, camping, smoky, mountains, guide, campers, who, hate, rvs",http://images.amazon.com/images/P/0897322339.01.MZZZZZZZ.jpg
0940322978,Mawrdew Czgowchwz (New York Review Books Classics),James McCourt,2002,New York Review of Books,General Fiction,"Bibliographic summary: “Mawrdew Czgowchwz (New York Review Books Classics)” is classified as General Fiction and was written by James McCourt. It was published by New York Review of Books in 2002. Search and recommendation terms derived from the available metadata include: mawrdew, czgowchwz, new, york, review, classics, mccourt, general, fiction.",English,"mawrdew, czgowchwz, new, york, review, classics, mccourt, general, fiction",http://images.amazon.com/images/P/0940322978.01.MZZZZZZZ.jpg
1573225126,Prozac Nation: Young and Depressed in America : A Memoir,Elizabeth Wurtzel,1997,Riverhead Books,Biography & Memoir,"Bibliographic summary: “Prozac Nation: Young and Depressed in America : A Memoir” is classified as Biography & Memoir and was written by Elizabeth Wurtzel. It was published by Riverhead Books in 1997. Search and recommendation terms derived from the available metadata include: prozac, nation, young, depressed, america, memoir, wurtzel, biography.",English,"prozac, nation, young, depressed, america, memoir, wurtzel, biography",http://images.amazon.com/images/P/1573225126.01.MZZZZZZZ.jpg
1579651658,The Journey From Here,Bill Bradley,2000,Artisan Publishers,Travel & Geography,"Bibliographic summary: “The Journey From Here” is classified as Travel & Geography and was written by Bill Bradley. It was published by Artisan Publishers in 2000. Search and recommendation terms derived from the available metadata include: journey, here, bradley, travel, geography.",English,"journey, here, bradley, travel, geography",http://images.amazon.com/images/P/1579651658.01.MZZZZZZZ.jpg
1878424319,The Four Agreements: A Practical Guide to Personal Freedom,Don Miguel Ruiz,1997,Amber-Allen Publishing,Travel & Geography,"Bibliographic summary: “The Four Agreements: A Practical Guide to Personal Freedom” is classified as Travel & Geography and was written by Don Miguel Ruiz. It was published by Amber-Allen Publishing in 1997. Search and recommendation terms derived from the available metadata include: four, agreements, practical, guide, personal, freedom, ruiz, travel, geography.",English,"four, agreements, practical, guide, personal, freedom, ruiz, travel, geography",http://images.amazon.com/images/P/1878424319.01.MZZZZZZZ.jpg
8401351421,El desarrollo de Leonardo da Vinci (BiografÃ­as y memorias),Luis Racionero,1986,Plaza & JanÃ©s,General Fiction,"Bibliographic summary: “El desarrollo de Leonardo da Vinci (BiografÃ­as y memorias)” is classified as General Fiction and was written by Luis Racionero. It was published by Plaza & JanÃ©s in 1986. Search and recommendation terms derived from the available metadata include: desarrollo, leonardo, vinci, biografã, memorias, racionero, general, fiction.",Spanish,"desarrollo, leonardo, vinci, biografã, memorias, racionero, general, fiction",http://images.amazon.com/images/P/8401351421.01.MZZZZZZZ.jpg
8423324311,Gastronomia divina (L'Ã¡ncora),Eugeni Perea SimÃ³n,1994,Destino,General Fiction,"Bibliographic summary: “Gastronomia divina (L'Ã¡ncora)” is classified as General Fiction and was written by Eugeni Perea SimÃ³n. It was published by Destino in 1994. Search and recommendation terms derived from the available metadata include: gastronomia, divina, l'ã, ncora, general, fiction.",Spanish,"gastronomia, divina, l'ã, ncora, general, fiction",http://images.amazon.com/images/P/8423324311.01.MZZZZZZZ.jpg
8427007450,Desaparecido: LA Autentica Historia De LA Ejecucion De Charles Horman,Thomas Hauser,1982,Lectorum Pubns (J),General Fiction,"Bibliographic summary: “Desaparecido: LA Autentica Historia De LA Ejecucion De Charles Horman” is classified as General Fiction and was written by Thomas Hauser. It was published by Lectorum Pubns (J) in 1982. Search and recommendation terms derived from the available metadata include: desaparecido, autentica, historia, ejecucion, charles, horman, hauser, general, fiction.",English,"desaparecido, autentica, historia, ejecucion, charles, horman, hauser, general, fiction",http://images.amazon.com/images/P/8427007450.01.MZZZZZZZ.jpg
8429734996,Hotel Europa (El BalancÃ­),VicenÃ§ Villatoro,1992,Edicions 62,General Fiction,"Bibliographic summary: “Hotel Europa (El BalancÃ­)” is classified as General Fiction and was written by VicenÃ§ Villatoro. It was published by Edicions 62 in 1992. Search and recommendation terms derived from the available metadata include: hotel, europa, balancã, villatoro, general, fiction.",Portuguese,"hotel, europa, balancã, villatoro, general, fiction",http://images.amazon.com/images/P/8429734996.01.MZZZZZZZ.jpg
8429736131,La dona dels ulls de pluja: Barcelona anys 90 (El BalancÃ­),VÃ­ctor Mora,1993,Edicions 62,General Fiction,"Bibliographic summary: “La dona dels ulls de pluja: Barcelona anys 90 (El BalancÃ­)” is classified as General Fiction and was written by VÃ­ctor Mora. It was published by Edicions 62 in 1993. Search and recommendation terms derived from the available metadata include: dona, dels, ulls, pluja, barcelona, anys, balancã, mora, general, fiction.",Portuguese,"dona, dels, ulls, pluja, barcelona, anys, balancã, mora, general, fiction",http://images.amazon.com/images/P/8429736131.01.MZZZZZZZ.jpg
8440616252,El paraÃ­so (Tiempos modernos),Elena Castedo,1991,"Editiones B, Grupo Zeta",General Fiction,"Bibliographic summary: “El paraÃ­so (Tiempos modernos)” is classified as General Fiction and was written by Elena Castedo. It was published by Editiones B, Grupo Zeta in 1991. Search and recommendation terms derived from the available metadata include: paraã, tiempos, modernos, castedo, general, fiction.",Portuguese,"paraã, tiempos, modernos, castedo, general, fiction",http://images.amazon.com/images/P/8440616252.01.MZZZZZZZ.jpg
8472224260,Negra i consentida (ColÂ¨lecciÃ³ El Mirall),OfÃ¨lia Dracs,1983,Laia,General Fiction,"Bibliographic summary: “Negra i consentida (ColÂ¨lecciÃ³ El Mirall)” is classified as General Fiction and was written by OfÃ¨lia Dracs. It was published by Laia in 1983. Search and recommendation terms derived from the available metadata include: negra, consentida, colâ, lecciã, mirall, dracs, general, fiction.",French,"negra, consentida, colâ, lecciã, mirall, dracs, general, fiction",http://images.amazon.com/images/P/8472224260.01.MZZZZZZZ.jpg
8472227421,Essa efa (ColÂ¨lecciÃ³ El Mirall i el temps),OfÃ¨lia Dracs,1985,Editorial Laia,General Fiction,"Bibliographic summary: “Essa efa (ColÂ¨lecciÃ³ El Mirall i el temps)” is classified as General Fiction and was written by OfÃ¨lia Dracs. It was published by Editorial Laia in 1985. Search and recommendation terms derived from the available metadata include: essa, efa, colâ, lecciã, mirall, temps, dracs, general, fiction.",French,"essa, efa, colâ, lecciã, mirall, temps, dracs, general, fiction",http://images.amazon.com/images/P/8472227421.01.MZZZZZZZ.jpg
8474103347,Espurnes de sang (La Negra),Antoni Serra,1987,Edicions de la Magrana,General Fiction,"Bibliographic summary: “Espurnes de sang (La Negra)” is classified as General Fiction and was written by Antoni Serra. It was published by Edicions de la Magrana in 1987. Search and recommendation terms derived from the available metadata include: espurnes, sang, negra, serra, general, fiction.",English,"espurnes, sang, negra, serra, general, fiction",http://images.amazon.com/images/P/8474103347.01.MZZZZZZZ.jpg
8475960936,Les llengÃ¼es d'Africa (Biblioteca universal EmpÃºries),M. Carme Junyent,1986,Editorial EmpÃºries,General Fiction,"Bibliographic summary: “Les llengÃ¼es d'Africa (Biblioteca universal EmpÃºries)” is classified as General Fiction and was written by M. Carme Junyent. It was published by Editorial EmpÃºries in 1986. Search and recommendation terms derived from the available metadata include: les, llengã, d'africa, biblioteca, universal, empã, ries, junyent, general, fiction.",Portuguese,"les, llengã, d'africa, biblioteca, universal, empã, ries, junyent, general, fiction",http://images.amazon.com/images/P/8475960936.01.MZZZZZZZ.jpg
8477830029,TrÃ nsit (Area contemporÃ nia),Jaume CapÃ³,1987,Area,General Fiction,"Bibliographic summary: “TrÃ nsit (Area contemporÃ nia)” is classified as General Fiction and was written by Jaume CapÃ³. It was published by Area in 1987. Search and recommendation terms derived from the available metadata include: trã, nsit, area, contemporã, nia, capã, general, fiction.",Portuguese,"trã, nsit, area, contemporã, nia, capã, general, fiction",http://images.amazon.com/images/P/8477830029.01.MZZZZZZZ.jpg
8478091246,L'home del sac,MÃ rius Serra,1990,Columna,General Fiction,"Bibliographic summary: “L'home del sac” is classified as General Fiction and was written by MÃ rius Serra. It was published by Columna in 1990. Search and recommendation terms derived from the available metadata include: l'home, del, sac, serra, general, fiction.",English,"l'home, del, sac, serra, general, fiction",http://images.amazon.com/images/P/8478091246.01.MZZZZZZZ.jpg
8478097732,GrÃ cies per la propina (Columna),Ferran Torrent,1995,Columna,General Fiction,"Bibliographic summary: “GrÃ cies per la propina (Columna)” is classified as General Fiction and was written by Ferran Torrent. It was published by Columna in 1995. Search and recommendation terms derived from the available metadata include: grã, cies, per, propina, columna, torrent, general, fiction.",Portuguese,"grã, cies, per, propina, columna, torrent, general, fiction",http://images.amazon.com/images/P/8478097732.01.MZZZZZZZ.jpg
8478098267,El dia que es va cremar el Liceu (La primera Columna),Joan Agut,1995,Columna,General Fiction,"Bibliographic summary: “El dia que es va cremar el Liceu (La primera Columna)” is classified as General Fiction and was written by Joan Agut. It was published by Columna in 1995. Search and recommendation terms derived from the available metadata include: dia, que, cremar, liceu, primera, columna, agut, general, fiction.",English,"dia, que, cremar, liceu, primera, columna, agut, general, fiction",http://images.amazon.com/images/P/8478098267.01.MZZZZZZZ.jpg
8478800336,CÃ³mo ser una mujer y no morir en el intento (ColecciÃ³n El Papagayo),Carmen Rico-Godoy,1990,Ediciones Temas de Hoy,Religion & Spirituality,"Bibliographic summary: “CÃ³mo ser una mujer y no morir en el intento (ColecciÃ³n El Papagayo)” is classified as Religion & Spirituality and was written by Carmen Rico-Godoy. It was published by Ediciones Temas de Hoy in 1990. Search and recommendation terms derived from the available metadata include: ser, una, mujer, morir, intento, colecciã, papagayo, godoy, religion, spirituality.",Spanish,"ser, una, mujer, morir, intento, colecciã, papagayo, godoy, religion, spirituality",http://images.amazon.com/images/P/8478800336.01.MZZZZZZZ.jpg
8478884963,Una casa en Irlanda,Maeve Binchy,1999,Salamandra,General Fiction,"Bibliographic summary: “Una casa en Irlanda” is classified as General Fiction and was written by Maeve Binchy. It was published by Salamandra in 1999. Search and recommendation terms derived from the available metadata include: una, casa, irlanda, binchy, general, fiction.",Spanish,"una, casa, irlanda, binchy, general, fiction",http://images.amazon.com/images/P/8478884963.01.MZZZZZZZ.jpg
8483002523,La mirada del tafur (ColÂ¨lecciÃ³ clÃ ssica),Ferran Torrent,1997,Columna,General Fiction,"Bibliographic summary: “La mirada del tafur (ColÂ¨lecciÃ³ clÃ ssica)” is classified as General Fiction and was written by Ferran Torrent. It was published by Columna in 1997. Search and recommendation terms derived from the available metadata include: mirada, del, tafur, colâ, lecciã, clã, ssica, torrent, general, fiction.",Spanish,"mirada, del, tafur, colâ, lecciã, clã, ssica, torrent, general, fiction",http://images.amazon.com/images/P/8483002523.01.MZZZZZZZ.jpg
8486433193,Amorrada al pilÃ³ (Columna),Maria JaÃ©n,1986,Columna,General Fiction,"Bibliographic summary: “Amorrada al pilÃ³ (Columna)” is classified as General Fiction and was written by Maria JaÃ©n. It was published by Columna in 1986. Search and recommendation terms derived from the available metadata include: amorrada, pilã, columna, general, fiction.",Portuguese,"amorrada, pilã, columna, general, fiction",http://images.amazon.com/images/P/8486433193.01.MZZZZZZZ.jpg
0600586898,Blur (Melody Maker),Paul Lester,1995,Hal Leonard Corp,General Fiction,"Bibliographic summary: “Blur (Melody Maker)” is classified as General Fiction and was written by Paul Lester. It was published by Hal Leonard Corp in 1995. Search and recommendation terms derived from the available metadata include: blur, melody, maker, lester, general, fiction.",English,"blur, melody, maker, lester, general, fiction",http://images.amazon.com/images/P/0600586898.01.MZZZZZZZ.jpg
1853260622,War and Peace (Wordsworth Classics),Leo Tolstoy,1997,NTC/Contemporary Publishing Company,History,"Bibliographic summary: “War and Peace (Wordsworth Classics)” is classified as History and was written by Leo Tolstoy. It was published by NTC/Contemporary Publishing Company in 1997. Search and recommendation terms derived from the available metadata include: war, peace, wordsworth, classics, tolstoy, history.",English,"war, peace, wordsworth, classics, tolstoy, history",http://images.amazon.com/images/P/1853260622.01.MZZZZZZZ.jpg
1857938011,A-Z of Behaving Badly,Simon Nye,1996,Trafalgar Square,General Fiction,"Bibliographic summary: “A-Z of Behaving Badly” is classified as General Fiction and was written by Simon Nye. It was published by Trafalgar Square in 1996. Search and recommendation terms derived from the available metadata include: behaving, badly, nye, general, fiction.",English,"behaving, badly, nye, general, fiction",http://images.amazon.com/images/P/1857938011.01.MZZZZZZZ.jpg
0060804157,He Understanding Masculine Psychology,Robert A Johnson,1977,Harpercollins Publisher,Self-Help & Psychology,"Bibliographic summary: “He Understanding Masculine Psychology” is classified as Self-Help & Psychology and was written by Robert A Johnson. It was published by Harpercollins Publisher in 1977. Search and recommendation terms derived from the available metadata include: understanding, masculine, psychology, johnson, self, help.",English,"understanding, masculine, psychology, johnson, self, help",http://images.amazon.com/images/P/0060804157.01.MZZZZZZZ.jpg
8466601090,Las DOS Muertes De Gardel (Ficcionario),Horacio Vazquez-Rial,2002,Ediciones B,General Fiction,"Bibliographic summary: “Las DOS Muertes De Gardel (Ficcionario)” is classified as General Fiction and was written by Horacio Vazquez-Rial. It was published by Ediciones B in 2002. Search and recommendation terms derived from the available metadata include: las, dos, muertes, gardel, ficcionario, rial, general, fiction.",English,"las, dos, muertes, gardel, ficcionario, rial, general, fiction",http://images.amazon.com/images/P/8466601090.01.MZZZZZZZ.jpg
0140382658,You Can Surf the Net: Your Guide to the World of the Internet,Marc Gascoigne,1996,Puffin Books,Science & Technology,"Bibliographic summary: “You Can Surf the Net: Your Guide to the World of the Internet” is classified as Science & Technology and was written by Marc Gascoigne. It was published by Puffin Books in 1996. Search and recommendation terms derived from the available metadata include: you, can, surf, net, guide, world, internet, gascoigne, science, technology.",English,"you, can, surf, net, guide, world, internet, gascoigne, science, technology",http://images.amazon.com/images/P/0140382658.01.MZZZZZZZ.jpg
0152012966,I Want to Be...a Veterinarian (I Want to Be... Series),Stephanie Maze,1997,Harcourt,General Fiction,"Bibliographic summary: “I Want to Be...a Veterinarian (I Want to Be... Series)” is classified as General Fiction and was written by Stephanie Maze. It was published by Harcourt in 1997. Search and recommendation terms derived from the available metadata include: want, veterinarian, series, maze, general, fiction.",English,"want, veterinarian, series, maze, general, fiction",http://images.amazon.com/images/P/0152012966.01.MZZZZZZZ.jpg
0312283784,Alice's Tulips,Sandra Dallas,2001,St. Martin's Griffin,Art & Photography,"Bibliographic summary: “Alice's Tulips” is classified as Art & Photography and was written by Sandra Dallas. It was published by St. Martin's Griffin in 2001. Search and recommendation terms derived from the available metadata include: alice's, tulips, dallas, art, photography.",English,"alice's, tulips, dallas, art, photography",http://images.amazon.com/images/P/0312283784.01.MZZZZZZZ.jpg
0345297709,Centaur Aisle,Piers Anthony,1982,Ballantine Books,General Fiction,"Bibliographic summary: “Centaur Aisle” is classified as General Fiction and was written by Piers Anthony. It was published by Ballantine Books in 1982. Search and recommendation terms derived from the available metadata include: centaur, aisle, anthony, general, fiction.",English,"centaur, aisle, anthony, general, fiction",http://images.amazon.com/images/P/0345297709.01.MZZZZZZZ.jpg
0345313097,Crewel Lye,Piers Anthony,1985,Ballantine Books,General Fiction,"Bibliographic summary: “Crewel Lye” is classified as General Fiction and was written by Piers Anthony. It was published by Ballantine Books in 1985. Search and recommendation terms derived from the available metadata include: crewel, lye, anthony, general, fiction.",English,"crewel, lye, anthony, general, fiction",http://images.amazon.com/images/P/0345313097.01.MZZZZZZZ.jpg
0345335465,Dragonflight (Dragonriders of Pern Trilogy (Paperback)),Anne McCaffrey,1991,Del Rey Books,Fantasy,"Bibliographic summary: “Dragonflight (Dragonriders of Pern Trilogy (Paperback))” is classified as Fantasy and was written by Anne McCaffrey. It was published by Del Rey Books in 1991. Search and recommendation terms derived from the available metadata include: dragonflight, dragonriders, pern, trilogy, paperback, mccaffrey, fantasy.",English,"dragonflight, dragonriders, pern, trilogy, paperback, mccaffrey, fantasy",http://images.amazon.com/images/P/0345335465.01.MZZZZZZZ.jpg
0345416848,Last Sword of Power (Stones of Power),David Gemmell,1997,Del Rey Books,Fantasy,"Bibliographic summary: “Last Sword of Power (Stones of Power)” is classified as Fantasy and was written by David Gemmell. It was published by Del Rey Books in 1997. Search and recommendation terms derived from the available metadata include: last, sword, power, stones, gemmell, fantasy.",English,"last, sword, power, stones, gemmell, fantasy",http://images.amazon.com/images/P/0345416848.01.MZZZZZZZ.jpg
0385333404,Dating Big Bird,Laura Zigman,2000,Dial Books,General Fiction,"Bibliographic summary: “Dating Big Bird” is classified as General Fiction and was written by Laura Zigman. It was published by Dial Books in 2000. Search and recommendation terms derived from the available metadata include: dating, big, bird, zigman, general, fiction.",English,"dating, big, bird, zigman, general, fiction",http://images.amazon.com/images/P/0385333404.01.MZZZZZZZ.jpg
0449212084,Murder at the Kennedy Center (Capital Crime Mysteries),Margaret Truman,1990,Fawcett Books,Mystery & Thriller,"Bibliographic summary: “Murder at the Kennedy Center (Capital Crime Mysteries)” is classified as Mystery & Thriller and was written by Margaret Truman. It was published by Fawcett Books in 1990. Search and recommendation terms derived from the available metadata include: murder, kennedy, center, capital, crime, mysteries, truman, mystery, thriller.",English,"murder, kennedy, center, capital, crime, mysteries, truman, mystery, thriller",http://images.amazon.com/images/P/0449212084.01.MZZZZZZZ.jpg
0553582682,"Guinness World Records 2000 (Guinness Book of Records, 2000)",Nic Kynaston,2000,Bantam Books,General Fiction,"Bibliographic summary: “Guinness World Records 2000 (Guinness Book of Records, 2000)” is classified as General Fiction and was written by Nic Kynaston. It was published by Bantam Books in 2000. Search and recommendation terms derived from the available metadata include: guinness, world, records, 2000, kynaston, general, fiction.",English,"guinness, world, records, 2000, kynaston, general, fiction",http://images.amazon.com/images/P/0553582682.01.MZZZZZZZ.jpg
0590947257,Forever Amber Brown (Amber Brown (Paperback)),Paula Danziger,1997,Jump at the Sun,General Fiction,"Bibliographic summary: “Forever Amber Brown (Amber Brown (Paperback))” is classified as General Fiction and was written by Paula Danziger. It was published by Jump at the Sun in 1997. Search and recommendation terms derived from the available metadata include: forever, amber, brown, paperback, danziger, general, fiction.",English,"forever, amber, brown, paperback, danziger, general, fiction",http://images.amazon.com/images/P/0590947257.01.MZZZZZZZ.jpg
074345829X,Philip Jose Farmer's The Dungeon,Richard A. Lupoff,2003,I Books,General Fiction,"Bibliographic summary: “Philip Jose Farmer's The Dungeon” is classified as General Fiction and was written by Richard A. Lupoff. It was published by I Books in 2003. Search and recommendation terms derived from the available metadata include: philip, jose, farmer's, dungeon, lupoff, general, fiction.",English,"philip, jose, farmer's, dungeon, lupoff, general, fiction",http://images.amazon.com/images/P/074345829X.01.MZZZZZZZ.jpg
0786913878,Pool of Radiance: The Ruins of Myth Drannor (Forgotten Realms),Carrie Bebris,2001,Wizards of the Coast,Fantasy,"Bibliographic summary: “Pool of Radiance: The Ruins of Myth Drannor (Forgotten Realms)” is classified as Fantasy and was written by Carrie Bebris. It was published by Wizards of the Coast in 2001. Search and recommendation terms derived from the available metadata include: pool, radiance, ruins, myth, drannor, forgotten, realms, bebris, fantasy.",English,"pool, radiance, ruins, myth, drannor, forgotten, realms, bebris, fantasy",http://images.amazon.com/images/P/0786913878.01.MZZZZZZZ.jpg
0801491827,"Feminism and Suffrage: The Emergence of an Independent Women's Movement in America, 1848-1869",Ellen Carol Dubois,1980,Cornell University Press,General Fiction,"Bibliographic summary: “Feminism and Suffrage: The Emergence of an Independent Women's Movement in America, 1848-1869” is classified as General Fiction and was written by Ellen Carol Dubois. It was published by Cornell University Press in 1980. Search and recommendation terms derived from the available metadata include: feminism, suffrage, emergence, independent, women's, movement, america, 1848, 1869, dubois.",English,"feminism, suffrage, emergence, independent, women's, movement, america, 1848, 1869, dubois",http://images.amazon.com/images/P/0801491827.01.MZZZZZZZ.jpg
0816729913,Why Are Boys So Weird (Tales from Third Grade),Candice F. Ransom,1993,Troll Communications Llc,General Fiction,"Bibliographic summary: “Why Are Boys So Weird (Tales from Third Grade)” is classified as General Fiction and was written by Candice F. Ransom. It was published by Troll Communications Llc in 1993. Search and recommendation terms derived from the available metadata include: why, boys, weird, tales, third, grade, ransom, general, fiction.",English,"why, boys, weird, tales, third, grade, ransom, general, fiction",http://images.amazon.com/images/P/0816729913.01.MZZZZZZZ.jpg
0843136685,Sheldon & Mrs. Levine: An Excruciating Correspondence,Sam Bobrick,1994,Price Stern Sloan,General Fiction,"Bibliographic summary: “Sheldon & Mrs. Levine: An Excruciating Correspondence” is classified as General Fiction and was written by Sam Bobrick. It was published by Price Stern Sloan in 1994. Search and recommendation terms derived from the available metadata include: sheldon, mrs, levine, excruciating, correspondence, bobrick, general, fiction.",English,"sheldon, mrs, levine, excruciating, correspondence, bobrick, general, fiction",http://images.amazon.com/images/P/0843136685.01.MZZZZZZZ.jpg
0866119531,Black Beauty (Great Illustrated Classics (Playmore)),Anna Sewell,2000,Playmore Inc. Publishers,Poetry & Drama,"Bibliographic summary: “Black Beauty (Great Illustrated Classics (Playmore))” is classified as Poetry & Drama and was written by Anna Sewell. It was published by Playmore Inc. Publishers in 2000. Search and recommendation terms derived from the available metadata include: black, beauty, great, illustrated, classics, playmore, sewell, poetry, drama.",English,"black, beauty, great, illustrated, classics, playmore, sewell, poetry, drama",http://images.amazon.com/images/P/0866119531.01.MZZZZZZZ.jpg
0866119566,Oliver Twist (Great Illustrated Classics),Charles Dickens,1989,Playmore Inc. Publishers,Poetry & Drama,"Bibliographic summary: “Oliver Twist (Great Illustrated Classics)” is classified as Poetry & Drama and was written by Charles Dickens. It was published by Playmore Inc. Publishers in 1989. Search and recommendation terms derived from the available metadata include: oliver, twist, great, illustrated, classics, dickens, poetry, drama.",English,"oliver, twist, great, illustrated, classics, dickens, poetry, drama",http://images.amazon.com/images/P/0866119566.01.MZZZZZZZ.jpg
0870441663,The wild ponies of Assateague Island (Books for young explorers),Donna K Grosvenor,1975,National Geographic Society,Politics & Society,"Bibliographic summary: “The wild ponies of Assateague Island (Books for young explorers)” is classified as Politics & Society and was written by Donna K Grosvenor. It was published by National Geographic Society in 1975. Search and recommendation terms derived from the available metadata include: wild, ponies, assateague, island, young, explorers, grosvenor, politics, society.",English,"wild, ponies, assateague, island, young, explorers, grosvenor, politics, society",http://images.amazon.com/images/P/0870441663.01.MZZZZZZZ.jpg
1561561428,Frankenstein (Illustrated Classics Series),Mary Wollstonecraft Shelley,1992,Kidsbooks.Com,Children & Young Adult,"Bibliographic summary: “Frankenstein (Illustrated Classics Series)” is classified as Children & Young Adult and was written by Mary Wollstonecraft Shelley. It was published by Kidsbooks.Com in 1992. Search and recommendation terms derived from the available metadata include: frankenstein, illustrated, classics, series, shelley, children, young, adult.",English,"frankenstein, illustrated, classics, series, shelley, children, young, adult",http://images.amazon.com/images/P/1561561428.01.MZZZZZZZ.jpg
0553210092,The Scarlet Letter,NATHANIEL HAWTHORNE,1965,Bantam,General Fiction,"Bibliographic summary: “The Scarlet Letter” is classified as General Fiction and was written by NATHANIEL HAWTHORNE. It was published by Bantam in 1965. Search and recommendation terms derived from the available metadata include: scarlet, letter, hawthorne, general, fiction.",English,"scarlet, letter, hawthorne, general, fiction",http://images.amazon.com/images/P/0553210092.01.MZZZZZZZ.jpg
0553258524,Dragonsong (Harper Hall Trilogy),Anne McCaffrey,1977,Bantam,Fantasy,"Bibliographic summary: “Dragonsong (Harper Hall Trilogy)” is classified as Fantasy and was written by Anne McCaffrey. It was published by Bantam in 1977. Search and recommendation terms derived from the available metadata include: dragonsong, harper, hall, trilogy, mccaffrey, fantasy.",English,"dragonsong, harper, hall, trilogy, mccaffrey, fantasy",http://images.amazon.com/images/P/0553258524.01.MZZZZZZZ.jpg
0688163726,The Watch House,Robert Westall,1998,HarperTrophy,General Fiction,"Bibliographic summary: “The Watch House” is classified as General Fiction and was written by Robert Westall. It was published by HarperTrophy in 1998. Search and recommendation terms derived from the available metadata include: watch, house, westall, general, fiction.",English,"watch, house, westall, general, fiction",http://images.amazon.com/images/P/0688163726.01.MZZZZZZZ.jpg
1569471096,Was It Something I Said?,Valerie Block,1998,Soho Press,General Fiction,"Bibliographic summary: “Was It Something I Said?” is classified as General Fiction and was written by Valerie Block. It was published by Soho Press in 1998. Search and recommendation terms derived from the available metadata include: something, said, block, general, fiction.",English,"something, said, block, general, fiction",http://images.amazon.com/images/P/1569471096.01.MZZZZZZZ.jpg
055358099X,Cloud Nine,Luanne Rice,2000,Bantam Books,General Fiction,"Bibliographic summary: “Cloud Nine” is classified as General Fiction and was written by Luanne Rice. It was published by Bantam Books in 2000. Search and recommendation terms derived from the available metadata include: cloud, nine, rice, general, fiction.",English,"cloud, nine, rice, general, fiction",http://images.amazon.com/images/P/055358099X.01.MZZZZZZZ.jpg
0316168815,The Lovely Bones,Alice Sebold,2004,Back Bay Books,Romance,"Bibliographic summary: “The Lovely Bones” is classified as Romance and was written by Alice Sebold. It was published by Back Bay Books in 2004. Search and recommendation terms derived from the available metadata include: lovely, bones, sebold, romance.",English,"lovely, bones, sebold, romance",http://images.amazon.com/images/P/0316168815.01.MZZZZZZZ.jpg
0316314927,Sarah Conley,Ellen Gilchrist,1998,Back Bay Books,General Fiction,"Bibliographic summary: “Sarah Conley” is classified as General Fiction and was written by Ellen Gilchrist. It was published by Back Bay Books in 1998. Search and recommendation terms derived from the available metadata include: sarah, conley, gilchrist, general, fiction.",English,"sarah, conley, gilchrist, general, fiction",http://images.amazon.com/images/P/0316314927.01.MZZZZZZZ.jpg
0345424719,A Widow for One Year,JOHN IRVING,1999,Ballantine Books,General Fiction,"Bibliographic summary: “A Widow for One Year” is classified as General Fiction and was written by JOHN IRVING. It was published by Ballantine Books in 1999. Search and recommendation terms derived from the available metadata include: widow, one, year, irving, general, fiction.",English,"widow, one, year, irving, general, fiction",http://images.amazon.com/images/P/0345424719.01.MZZZZZZZ.jpg
0375414746,The Clearing,TIM GAUTREAUX,2003,Knopf,General Fiction,"Bibliographic summary: “The Clearing” is classified as General Fiction and was written by TIM GAUTREAUX. It was published by Knopf in 2003. Search and recommendation terms derived from the available metadata include: clearing, gautreaux, general, fiction.",English,"clearing, gautreaux, general, fiction",http://images.amazon.com/images/P/0375414746.01.MZZZZZZZ.jpg
0375726403,Empire Falls,Richard Russo,2002,Vintage Books USA,History,"Bibliographic summary: “Empire Falls” is classified as History and was written by Richard Russo. It was published by Vintage Books USA in 2002. Search and recommendation terms derived from the available metadata include: empire, falls, russo, history.",English,"empire, falls, russo, history",http://images.amazon.com/images/P/0375726403.01.MZZZZZZZ.jpg
0385503857,Oryx and Crake,Margaret Atwood,2003,Nan A. Talese,General Fiction,"Bibliographic summary: “Oryx and Crake” is classified as General Fiction and was written by Margaret Atwood. It was published by Nan A. Talese in 2003. Search and recommendation terms derived from the available metadata include: oryx, crake, atwood, general, fiction.",English,"oryx, crake, atwood, general, fiction",http://images.amazon.com/images/P/0385503857.01.MZZZZZZZ.jpg
0425156842,Sophie's World: A Novel About the History of Philosophy (Berkeley Signature Edition),Jostein Gaarder,1997,Berkley Publishing Group,History,"Bibliographic summary: “Sophie's World: A Novel About the History of Philosophy (Berkeley Signature Edition)” is classified as History and was written by Jostein Gaarder. It was published by Berkley Publishing Group in 1997. Search and recommendation terms derived from the available metadata include: sophie's, world, history, philosophy, berkeley, signature, gaarder.",English,"sophie's, world, history, philosophy, berkeley, signature, gaarder",http://images.amazon.com/images/P/0425156842.01.MZZZZZZZ.jpg
0440226104,Black and Blue,ANNA QUINDLEN,1999,Dell,General Fiction,"Bibliographic summary: “Black and Blue” is classified as General Fiction and was written by ANNA QUINDLEN. It was published by Dell in 1999. Search and recommendation terms derived from the available metadata include: black, blue, quindlen, general, fiction.",English,"black, blue, quindlen, general, fiction",http://images.amazon.com/images/P/0440226104.01.MZZZZZZZ.jpg
0452277337,Le Divorce (William Abrahams Book),Diane Johnson,1997,Plume Books,General Fiction,"Bibliographic summary: “Le Divorce (William Abrahams Book)” is classified as General Fiction and was written by Diane Johnson. It was published by Plume Books in 1997. Search and recommendation terms derived from the available metadata include: divorce, william, abrahams, johnson, general, fiction.",English,"divorce, william, abrahams, johnson, general, fiction",http://images.amazon.com/images/P/0452277337.01.MZZZZZZZ.jpg
0553802488,The Face,DEAN KOONTZ,2003,Bantam,Horror,"Bibliographic summary: “The Face” is classified as Horror and was written by DEAN KOONTZ. It was published by Bantam in 2003. Search and recommendation terms derived from the available metadata include: face, koontz, horror.",English,"face, koontz, horror",http://images.amazon.com/images/P/0553802488.01.MZZZZZZZ.jpg
0671021001,She's Come Undone (Oprah's Book Club),Wally Lamb,1998,Pocket,General Fiction,"Bibliographic summary: “She's Come Undone (Oprah's Book Club)” is classified as General Fiction and was written by Wally Lamb. It was published by Pocket in 1998. Search and recommendation terms derived from the available metadata include: she's, come, undone, oprah's, club, lamb, general, fiction.",English,"she's, come, undone, oprah's, club, lamb, general, fiction",http://images.amazon.com/images/P/0671021001.01.MZZZZZZZ.jpg
0767903579,Falling Leaves: The True Story of an Unwanted Chinese Daughter,Adeline Yen Mah,1999,Broadway Books,Biography & Memoir,"Bibliographic summary: “Falling Leaves: The True Story of an Unwanted Chinese Daughter” is classified as Biography & Memoir and was written by Adeline Yen Mah. It was published by Broadway Books in 1999. Search and recommendation terms derived from the available metadata include: falling, leaves, true, story, unwanted, chinese, daughter, mah, biography, memoir.",English,"falling, leaves, true, story, unwanted, chinese, daughter, mah, biography, memoir",http://images.amazon.com/images/P/0767903579.01.MZZZZZZZ.jpg
0805063897,Nickel and Dimed: On (Not) Getting By in America,Barbara Ehrenreich,2002,Owl Books,General Fiction,"Bibliographic summary: “Nickel and Dimed: On (Not) Getting By in America” is classified as General Fiction and was written by Barbara Ehrenreich. It was published by Owl Books in 2002. Search and recommendation terms derived from the available metadata include: nickel, dimed, not, getting, america, ehrenreich, general, fiction.",English,"nickel, dimed, not, getting, america, ehrenreich, general, fiction",http://images.amazon.com/images/P/0805063897.01.MZZZZZZZ.jpg
0679777431,"The Game of Kings (Lymond Chronicles, 1)",DOROTHY DUNNETT,1997,Vintage,General Fiction,"Bibliographic summary: “The Game of Kings (Lymond Chronicles, 1)” is classified as General Fiction and was written by DOROTHY DUNNETT. It was published by Vintage in 1997. Search and recommendation terms derived from the available metadata include: game, kings, lymond, chronicles, dunnett, general, fiction.",English,"game, kings, lymond, chronicles, dunnett, general, fiction",http://images.amazon.com/images/P/0679777431.01.MZZZZZZZ.jpg
0553285343,"RUSSIA HOUSE, THE",JOHN LE CARRE,1990,Bantam,General Fiction,"Bibliographic summary: “RUSSIA HOUSE, THE” is classified as General Fiction and was written by JOHN LE CARRE. It was published by Bantam in 1990. Search and recommendation terms derived from the available metadata include: russia, house, carre, general, fiction.",English,"russia, house, carre, general, fiction",http://images.amazon.com/images/P/0553285343.01.MZZZZZZZ.jpg
0486285529,Solv-A-Crime Puzzles (Dover Game and Puzzle Activity Books),A. C. Gordon,1995,Dover Publications,Mystery & Thriller,"Bibliographic summary: “Solv-A-Crime Puzzles (Dover Game and Puzzle Activity Books)” is classified as Mystery & Thriller and was written by A. C. Gordon. It was published by Dover Publications in 1995. Search and recommendation terms derived from the available metadata include: solv, crime, puzzles, dover, game, puzzle, activity, gordon, mystery, thriller.",English,"solv, crime, puzzles, dover, game, puzzle, activity, gordon, mystery, thriller",http://images.amazon.com/images/P/0486285529.01.MZZZZZZZ.jpg
0671002481,The First Wives Club Movie Tie In,Olivia Goldsmith,1996,Pocket,General Fiction,"Bibliographic summary: “The First Wives Club Movie Tie In” is classified as General Fiction and was written by Olivia Goldsmith. It was published by Pocket in 1996. Search and recommendation terms derived from the available metadata include: first, wives, club, movie, tie, goldsmith, general, fiction.",English,"first, wives, club, movie, tie, goldsmith, general, fiction",http://images.amazon.com/images/P/0671002481.01.MZZZZZZZ.jpg
0812523385,Selected Poems of Emily Dickinson,Emily Dickinson,1995,Tor Books,Poetry & Drama,"Bibliographic summary: “Selected Poems of Emily Dickinson” is classified as Poetry & Drama and was written by Emily Dickinson. It was published by Tor Books in 1995. Search and recommendation terms derived from the available metadata include: selected, poems, emily, dickinson, poetry, drama.",English,"selected, poems, emily, dickinson, poetry, drama",http://images.amazon.com/images/P/0812523385.01.MZZZZZZZ.jpg
0895774666,Watercolor School (Reader's Digest Learn-As-You-Go Guides),Hazel Harrison,1993,Readers Digest,General Fiction,"Bibliographic summary: “Watercolor School (Reader's Digest Learn-As-You-Go Guides)” is classified as General Fiction and was written by Hazel Harrison. It was published by Readers Digest in 1993. Search and recommendation terms derived from the available metadata include: watercolor, school, reader's, digest, learn, you, guides, harrison, general, fiction.",English,"watercolor, school, reader's, digest, learn, you, guides, harrison, general, fiction",http://images.amazon.com/images/P/0895774666.01.MZZZZZZZ.jpg
0020199090,Joshua In the Holy Land,Joseph Girzone,1993,Simon Schuster Trade,General Fiction,"Bibliographic summary: “Joshua In the Holy Land” is classified as General Fiction and was written by Joseph Girzone. It was published by Simon Schuster Trade in 1993. Search and recommendation terms derived from the available metadata include: joshua, holy, land, girzone, general, fiction.",English,"joshua, holy, land, girzone, general, fiction",http://images.amazon.com/images/P/0020199090.01.MZZZZZZZ.jpg
0385495145,The Messenger,JOSEPH GIRZONE,2002,Image,General Fiction,"Bibliographic summary: “The Messenger” is classified as General Fiction and was written by JOSEPH GIRZONE. It was published by Image in 2002. Search and recommendation terms derived from the available metadata include: messenger, girzone, general, fiction.",English,"messenger, girzone, general, fiction",http://images.amazon.com/images/P/0385495145.01.MZZZZZZZ.jpg
0679733825,Sisters of the Earth: Women's Prose and Poetry About Nature,Lorraine Anderson,1991,Vintage Books USA,Art & Photography,"Bibliographic summary: “Sisters of the Earth: Women's Prose and Poetry About Nature” is classified as Art & Photography and was written by Lorraine Anderson. It was published by Vintage Books USA in 1991. Search and recommendation terms derived from the available metadata include: sisters, earth, women's, prose, poetry, nature, anderson, art, photography.",English,"sisters, earth, women's, prose, poetry, nature, anderson, art, photography",http://images.amazon.com/images/P/0679733825.01.MZZZZZZZ.jpg
0842329129,Left Behind: A Novel of the Earth's Last Days (Left Behind No. 1),Tim Lahaye,1996,Tyndale House Publishers,Art & Photography,"Bibliographic summary: “Left Behind: A Novel of the Earth's Last Days (Left Behind No. 1)” is classified as Art & Photography and was written by Tim Lahaye. It was published by Tyndale House Publishers in 1996. Search and recommendation terms derived from the available metadata include: left, behind, earth's, last, days, lahaye, art, photography.",English,"left, behind, earth's, last, days, lahaye, art, photography",http://images.amazon.com/images/P/0842329129.01.MZZZZZZZ.jpg
0345451260,Househusband,AD HUDLER,2002,Ballantine Books,Romance,"Bibliographic summary: “Househusband” is classified as Romance and was written by AD HUDLER. It was published by Ballantine Books in 2002. Search and recommendation terms derived from the available metadata include: househusband, hudler, romance.",English,"househusband, hudler, romance",http://images.amazon.com/images/P/0345451260.01.MZZZZZZZ.jpg
0740700235,Life Messages: Inspiration For The Woman's Spirit,Josephine Carlton,2002,Andrews McMeel Publishing,General Fiction,"Bibliographic summary: “Life Messages: Inspiration For The Woman's Spirit” is classified as General Fiction and was written by Josephine Carlton. It was published by Andrews McMeel Publishing in 2002. Search and recommendation terms derived from the available metadata include: life, messages, inspiration, woman's, spirit, carlton, general, fiction.",English,"life, messages, inspiration, woman's, spirit, carlton, general, fiction",http://images.amazon.com/images/P/0740700235.01.MZZZZZZZ.jpg
0380973545,Letters from a Nut,Ted L. Nancy,1999,William Morrow,General Fiction,"Bibliographic summary: “Letters from a Nut” is classified as General Fiction and was written by Ted L. Nancy. It was published by William Morrow in 1999. Search and recommendation terms derived from the available metadata include: letters, nut, nancy, general, fiction.",English,"letters, nut, nancy, general, fiction",http://images.amazon.com/images/P/0380973545.01.MZZZZZZZ.jpg
0393321576,Karl Marx: A Life,Francis Wheen,2001,W.W. Norton & Company,General Fiction,"Bibliographic summary: “Karl Marx: A Life” is classified as General Fiction and was written by Francis Wheen. It was published by W.W. Norton & Company in 2001. Search and recommendation terms derived from the available metadata include: karl, marx, life, wheen, general, fiction.",English,"karl, marx, life, wheen, general, fiction",http://images.amazon.com/images/P/0393321576.01.MZZZZZZZ.jpg
0743424425,The Shining,Stephen King,2001,Pocket,Horror,"Bibliographic summary: “The Shining” is classified as Horror and was written by Stephen King. It was published by Pocket in 2001. Search and recommendation terms derived from the available metadata include: shining, king, horror.",English,"shining, king, horror",http://images.amazon.com/images/P/0743424425.01.MZZZZZZZ.jpg
0786868015,The Diary of Ellen Rimbauer: My Life at Rose Red,Joyce Reardon,2001,Hyperion,Biography & Memoir,"Bibliographic summary: “The Diary of Ellen Rimbauer: My Life at Rose Red” is classified as Biography & Memoir and was written by Joyce Reardon. It was published by Hyperion in 2001. Search and recommendation terms derived from the available metadata include: diary, ellen, rimbauer, life, rose, red, reardon, biography, memoir.",English,"diary, ellen, rimbauer, life, rose, red, reardon, biography, memoir",http://images.amazon.com/images/P/0786868015.01.MZZZZZZZ.jpg
0446610178,The Sky Is Falling,Sidney Sheldon,2001,Warner Books,History,"Bibliographic summary: “The Sky Is Falling” is classified as History and was written by Sidney Sheldon. It was published by Warner Books in 2001. Search and recommendation terms derived from the available metadata include: sky, falling, sheldon, history.",English,"sky, falling, sheldon, history",http://images.amazon.com/images/P/0446610178.01.MZZZZZZZ.jpg
0684854953,Santa Pete : A Novel Of Christmas Present And Past,Christopher Moore,1998,Simon & Schuster,General Fiction,"Bibliographic summary: “Santa Pete : A Novel Of Christmas Present And Past” is classified as General Fiction and was written by Christopher Moore. It was published by Simon & Schuster in 1998. Search and recommendation terms derived from the available metadata include: santa, pete, christmas, present, past, moore, general, fiction.",English,"santa, pete, christmas, present, past, moore, general, fiction",http://images.amazon.com/images/P/0684854953.01.MZZZZZZZ.jpg
0743229878,Mount Vernon Love Story : A Novel of George and Martha Washington,Mary Higgins Clark,2002,Simon & Schuster,Mystery & Thriller,"Bibliographic summary: “Mount Vernon Love Story : A Novel of George and Martha Washington” is classified as Mystery & Thriller and was written by Mary Higgins Clark. It was published by Simon & Schuster in 2002. Search and recommendation terms derived from the available metadata include: mount, vernon, love, story, george, martha, washington, clark, mystery, thriller.",English,"mount, vernon, love, story, george, martha, washington, clark, mystery, thriller",http://images.amazon.com/images/P/0743229878.01.MZZZZZZZ.jpg
0380617625,The Kingdom: Arabia and the House of Sa'Ud,Robert Lacey,1983,Harper Mass Market Paperbacks (Mm),Fantasy,"Bibliographic summary: “The Kingdom: Arabia and the House of Sa'Ud” is classified as Fantasy and was written by Robert Lacey. It was published by Harper Mass Market Paperbacks (Mm) in 1983. Search and recommendation terms derived from the available metadata include: kingdom, arabia, house, sa'ud, lacey, fantasy.",English,"kingdom, arabia, house, sa'ud, lacey, fantasy",http://images.amazon.com/images/P/0380617625.01.MZZZZZZZ.jpg
0380732335,Florida Road Kill: A Novel,Tim Dorsey,2000,HarperTorch,General Fiction,"Bibliographic summary: “Florida Road Kill: A Novel” is classified as General Fiction and was written by Tim Dorsey. It was published by HarperTorch in 2000. Search and recommendation terms derived from the available metadata include: florida, road, kill, dorsey, general, fiction.",English,"florida, road, kill, dorsey, general, fiction",http://images.amazon.com/images/P/0380732335.01.MZZZZZZZ.jpg
0385337132,The 37th Hour,JODI COMPTON,2003,Delacorte Press,General Fiction,"Bibliographic summary: “The 37th Hour” is classified as General Fiction and was written by JODI COMPTON. It was published by Delacorte Press in 2003. Search and recommendation terms derived from the available metadata include: 37th, hour, compton, general, fiction.",English,"37th, hour, compton, general, fiction",http://images.amazon.com/images/P/0385337132.01.MZZZZZZZ.jpg
0440235057,Be Cool,Elmore Leonard,2000,Dell Publishing Company,General Fiction,"Bibliographic summary: “Be Cool” is classified as General Fiction and was written by Elmore Leonard. It was published by Dell Publishing Company in 2000. Search and recommendation terms derived from the available metadata include: cool, leonard, general, fiction.",English,"cool, leonard, general, fiction",http://images.amazon.com/images/P/0440235057.01.MZZZZZZZ.jpg
0445402040,The Hunted,Elmore Leonard,1986,Warner Books (Mm),History,"Bibliographic summary: “The Hunted” is classified as History and was written by Elmore Leonard. It was published by Warner Books (Mm) in 1986. Search and recommendation terms derived from the available metadata include: hunted, leonard, history.",English,"hunted, leonard, history",http://images.amazon.com/images/P/0445402040.01.MZZZZZZZ.jpg
0618119760,The Saints of Big Harbour: A Novel,Lynn Coady,2002,Houghton Mifflin Company,General Fiction,"Bibliographic summary: “The Saints of Big Harbour: A Novel” is classified as General Fiction and was written by Lynn Coady. It was published by Houghton Mifflin Company in 2002. Search and recommendation terms derived from the available metadata include: saints, big, harbour, coady, general, fiction.",English,"saints, big, harbour, coady, general, fiction",http://images.amazon.com/images/P/0618119760.01.MZZZZZZZ.jpg
0871138646,Old Flames,John Lawton,2003,Atlantic Monthly Press,Politics & Society,"Bibliographic summary: “Old Flames” is classified as Politics & Society and was written by John Lawton. It was published by Atlantic Monthly Press in 2003. Search and recommendation terms derived from the available metadata include: old, flames, lawton, politics, society.",English,"old, flames, lawton, politics, society",http://images.amazon.com/images/P/0871138646.01.MZZZZZZZ.jpg
0026329859,From the Earth: Chinese Vegetarian Cooking,Eileen Yin-Fei Lo,1995,MacMillan Publishing Company.,Cooking & Food,"Bibliographic summary: “From the Earth: Chinese Vegetarian Cooking” is classified as Cooking & Food and was written by Eileen Yin-Fei Lo. It was published by MacMillan Publishing Company. in 1995. Search and recommendation terms derived from the available metadata include: earth, chinese, vegetarian, cooking, food.",English,"earth, chinese, vegetarian, cooking, food",http://images.amazon.com/images/P/0026329859.01.MZZZZZZZ.jpg
0060621257,Living in the Presence: Disciplines for the Spiritual Heart,Tilden H. Edwards,1988,Harpercollins,Romance,"Bibliographic summary: “Living in the Presence: Disciplines for the Spiritual Heart” is classified as Romance and was written by Tilden H. Edwards. It was published by Harpercollins in 1988. Search and recommendation terms derived from the available metadata include: living, presence, disciplines, spiritual, heart, edwards, romance.",English,"living, presence, disciplines, spiritual, heart, edwards, romance",http://images.amazon.com/images/P/0060621257.01.MZZZZZZZ.jpg
0060915544,The Bean Trees,Barbara Kingsolver,1989,Perennial,General Fiction,"Bibliographic summary: “The Bean Trees” is classified as General Fiction and was written by Barbara Kingsolver. It was published by Perennial in 1989. Search and recommendation terms derived from the available metadata include: bean, trees, kingsolver, general, fiction.",English,"bean, trees, kingsolver, general, fiction",http://images.amazon.com/images/P/0060915544.01.MZZZZZZZ.jpg
0060917016,Homeland and Other Stories,Barbara Kingsolver,1990,Perennial,General Fiction,"Bibliographic summary: “Homeland and Other Stories” is classified as General Fiction and was written by Barbara Kingsolver. It was published by Perennial in 1990. Search and recommendation terms derived from the available metadata include: homeland, other, stories, kingsolver, general, fiction.",English,"homeland, other, stories, kingsolver, general, fiction",http://images.amazon.com/images/P/0060917016.01.MZZZZZZZ.jpg
0060925000,"A Suitable Boy : Novel, A",Vikram Seth,1994,Perennial,General Fiction,"Bibliographic summary: “A Suitable Boy : Novel, A” is classified as General Fiction and was written by Vikram Seth. It was published by Perennial in 1994. Search and recommendation terms derived from the available metadata include: suitable, boy, seth, general, fiction.",English,"suitable, boy, seth, general, fiction",http://images.amazon.com/images/P/0060925000.01.MZZZZZZZ.jpg
0060932759,Daughter of Fortune,Isabel Allende,2000,Perennial,General Fiction,"Bibliographic summary: “Daughter of Fortune” is classified as General Fiction and was written by Isabel Allende. It was published by Perennial in 2000. Search and recommendation terms derived from the available metadata include: daughter, fortune, allende, general, fiction.",English,"daughter, fortune, allende, general, fiction",http://images.amazon.com/images/P/0060932759.01.MZZZZZZZ.jpg
0061000280,The Fly on the Wall,Tony Hillerman,1990,HarperTorch,General Fiction,"Bibliographic summary: “The Fly on the Wall” is classified as General Fiction and was written by Tony Hillerman. It was published by HarperTorch in 1990. Search and recommendation terms derived from the available metadata include: fly, wall, hillerman, general, fiction.",English,"fly, wall, hillerman, general, fiction",http://images.amazon.com/images/P/0061000280.01.MZZZZZZZ.jpg
0192815318,Cranford (The World's Classics),Elizabeth Gaskell,1982,Oxford University Press,General Fiction,"Bibliographic summary: “Cranford (The World's Classics)” is classified as General Fiction and was written by Elizabeth Gaskell. It was published by Oxford University Press in 1982. Search and recommendation terms derived from the available metadata include: cranford, world's, classics, gaskell, general, fiction.",English,"cranford, world's, classics, gaskell, general, fiction",http://images.amazon.com/images/P/0192815318.01.MZZZZZZZ.jpg
0312195516,The Red Tent (Bestselling Backlist),Anita Diamant,1998,Picador USA,General Fiction,"Bibliographic summary: “The Red Tent (Bestselling Backlist)” is classified as General Fiction and was written by Anita Diamant. It was published by Picador USA in 1998. Search and recommendation terms derived from the available metadata include: red, tent, bestselling, backlist, diamant, general, fiction.",English,"red, tent, bestselling, backlist, diamant, general, fiction",http://images.amazon.com/images/P/0312195516.01.MZZZZZZZ.jpg
0380792664,The Right Hand of Amon,Lauren Haney,1997,Avon,General Fiction,"Bibliographic summary: “The Right Hand of Amon” is classified as General Fiction and was written by Lauren Haney. It was published by Avon in 1997. Search and recommendation terms derived from the available metadata include: right, hand, amon, haney, general, fiction.",English,"right, hand, amon, haney, general, fiction",http://images.amazon.com/images/P/0380792664.01.MZZZZZZZ.jpg
0393048977,Last Blue: Poems,Gerald Stern,2000,W.W. Norton & Company,Poetry & Drama,"Bibliographic summary: “Last Blue: Poems” is classified as Poetry & Drama and was written by Gerald Stern. It was published by W.W. Norton & Company in 2000. Search and recommendation terms derived from the available metadata include: last, blue, poems, stern, poetry, drama.",English,"last, blue, poems, stern, poetry, drama",http://images.amazon.com/images/P/0393048977.01.MZZZZZZZ.jpg
0399137807,The Cat Who Wasn't There,Lilian Jackson Braun,1992,Putnam Pub Group,General Fiction,"Bibliographic summary: “The Cat Who Wasn't There” is classified as General Fiction and was written by Lilian Jackson Braun. It was published by Putnam Pub Group in 1992. Search and recommendation terms derived from the available metadata include: cat, who, wasn't, there, braun, general, fiction.",English,"cat, who, wasn't, there, braun, general, fiction",http://images.amazon.com/images/P/0399137807.01.MZZZZZZZ.jpg
039914739X,Isle of Dogs,Patricia Daniels Cornwell,2001,Putnam Publishing Group,General Fiction,"Bibliographic summary: “Isle of Dogs” is classified as General Fiction and was written by Patricia Daniels Cornwell. It was published by Putnam Publishing Group in 2001. Search and recommendation terms derived from the available metadata include: isle, dogs, cornwell, general, fiction.",English,"isle, dogs, cornwell, general, fiction",http://images.amazon.com/images/P/039914739X.01.MZZZZZZZ.jpg
0451203046,Light a Penny Candle,Maeve Binchy,2001,Signet Book,General Fiction,"Bibliographic summary: “Light a Penny Candle” is classified as General Fiction and was written by Maeve Binchy. It was published by Signet Book in 2001. Search and recommendation terms derived from the available metadata include: light, penny, candle, binchy, general, fiction.",English,"light, penny, candle, binchy, general, fiction",http://images.amazon.com/images/P/0451203046.01.MZZZZZZZ.jpg
0451410556,The Blue Last: A Richard Jury Mystery (Richard Jury Mysteries (Paperback)),Martha Grimes,2002,Onyx Books,Mystery & Thriller,"Bibliographic summary: “The Blue Last: A Richard Jury Mystery (Richard Jury Mysteries (Paperback))” is classified as Mystery & Thriller and was written by Martha Grimes. It was published by Onyx Books in 2002. Search and recommendation terms derived from the available metadata include: blue, last, richard, jury, mystery, mysteries, paperback, grimes, thriller.",English,"blue, last, richard, jury, mystery, mysteries, paperback, grimes, thriller",http://images.amazon.com/images/P/0451410556.01.MZZZZZZZ.jpg
0451523318,Turn of the Screw and Short N,Henry James,1978,Signet Book,General Fiction,"Bibliographic summary: “Turn of the Screw and Short N” is classified as General Fiction and was written by Henry James. It was published by Signet Book in 1978. Search and recommendation terms derived from the available metadata include: turn, screw, short, james, general, fiction.",English,"turn, screw, short, james, general, fiction",http://images.amazon.com/images/P/0451523318.01.MZZZZZZZ.jpg
0486281965,The Country of the Pointed Firs (Dover Thrift Editions),Sarah Orne Jewett,1994,Dover Publications,General Fiction,"Bibliographic summary: “The Country of the Pointed Firs (Dover Thrift Editions)” is classified as General Fiction and was written by Sarah Orne Jewett. It was published by Dover Publications in 1994. Search and recommendation terms derived from the available metadata include: country, pointed, firs, dover, thrift, editions, jewett, general, fiction.",English,"country, pointed, firs, dover, thrift, editions, jewett, general, fiction",http://images.amazon.com/images/P/0486281965.01.MZZZZZZZ.jpg
0486292940,Early Poems (Dover Thrift Editions),William Carlos Williams,1997,Dover Publications,Poetry & Drama,"Bibliographic summary: “Early Poems (Dover Thrift Editions)” is classified as Poetry & Drama and was written by William Carlos Williams. It was published by Dover Publications in 1997. Search and recommendation terms derived from the available metadata include: early, poems, dover, thrift, editions, williams, poetry, drama.",English,"early, poems, dover, thrift, editions, williams, poetry, drama",http://images.amazon.com/images/P/0486292940.01.MZZZZZZZ.jpg
051762639X,Barchester Towers (Oxford Pocket Classics),Anthony Trollope,1986,Random House Value Publishing,General Fiction,"Bibliographic summary: “Barchester Towers (Oxford Pocket Classics)” is classified as General Fiction and was written by Anthony Trollope. It was published by Random House Value Publishing in 1986. Search and recommendation terms derived from the available metadata include: barchester, towers, oxford, pocket, classics, trollope, general, fiction.",English,"barchester, towers, oxford, pocket, classics, trollope, general, fiction",http://images.amazon.com/images/P/051762639X.01.MZZZZZZZ.jpg
0684824442,REEF,Edith Wharton,1996,Scribner,Art & Photography,"Bibliographic summary: “REEF” is classified as Art & Photography and was written by Edith Wharton. It was published by Scribner in 1996. Search and recommendation terms derived from the available metadata include: reef, wharton, art, photography.",English,"reef, wharton, art, photography",http://images.amazon.com/images/P/0684824442.01.MZZZZZZZ.jpg
0743458303,Wednesday the Rabbi Got Wet,Harry Kemelman,2003,I Books,General Fiction,"Bibliographic summary: “Wednesday the Rabbi Got Wet” is classified as General Fiction and was written by Harry Kemelman. It was published by I Books in 2003. Search and recommendation terms derived from the available metadata include: wednesday, rabbi, got, wet, kemelman, general, fiction.",English,"wednesday, rabbi, got, wet, kemelman, general, fiction",http://images.amazon.com/images/P/0743458303.01.MZZZZZZZ.jpg
081296666X,Things My Girlfriend and I Have Argued About: A Novel,Mil Millington,2003,Villard Books,General Fiction,"Bibliographic summary: “Things My Girlfriend and I Have Argued About: A Novel” is classified as General Fiction and was written by Mil Millington. It was published by Villard Books in 2003. Search and recommendation terms derived from the available metadata include: things, girlfriend, have, argued, millington, general, fiction.",English,"things, girlfriend, have, argued, millington, general, fiction",http://images.amazon.com/images/P/081296666X.01.MZZZZZZZ.jpg
0819215635,Listening Hearts: Discerning Call in Community,Suzanne G. Farnham,1991,Morehouse Group,Romance,"Bibliographic summary: “Listening Hearts: Discerning Call in Community” is classified as Romance and was written by Suzanne G. Farnham. It was published by Morehouse Group in 1991. Search and recommendation terms derived from the available metadata include: listening, hearts, discerning, call, community, farnham, romance.",English,"listening, hearts, discerning, call, community, farnham, romance",http://images.amazon.com/images/P/0819215635.01.MZZZZZZZ.jpg
0880011025,Unattainable Earth,Czeslaw Milosz,1987,Ecco Press,Art & Photography,"Bibliographic summary: “Unattainable Earth” is classified as Art & Photography and was written by Czeslaw Milosz. It was published by Ecco Press in 1987. Search and recommendation terms derived from the available metadata include: unattainable, earth, milosz, art, photography.",English,"unattainable, earth, milosz, art, photography",http://images.amazon.com/images/P/0880011025.01.MZZZZZZZ.jpg
1561011525,"The Practice of Prayer (New Church's Teaching Series, Vol 4)",Margaret Guenther,1998,Cowley Publications,Religion & Spirituality,"Bibliographic summary: “The Practice of Prayer (New Church's Teaching Series, Vol 4)” is classified as Religion & Spirituality and was written by Margaret Guenther. It was published by Cowley Publications in 1998. Search and recommendation terms derived from the available metadata include: practice, prayer, new, church's, teaching, series, guenther, religion, spirituality.",English,"practice, prayer, new, church's, teaching, series, guenther, religion, spirituality",http://images.amazon.com/images/P/1561011525.01.MZZZZZZZ.jpg
1877727083,Vertical Poetry: Recent Poems,Roberto Juarroz,1992,White Pine Press (NY),Poetry & Drama,"Bibliographic summary: “Vertical Poetry: Recent Poems” is classified as Poetry & Drama and was written by Roberto Juarroz. It was published by White Pine Press (NY) in 1992. Search and recommendation terms derived from the available metadata include: vertical, poetry, recent, poems, juarroz, drama.",English,"vertical, poetry, recent, poems, juarroz, drama",http://images.amazon.com/images/P/1877727083.01.MZZZZZZZ.jpg
0486206173,Rubinstein's Chess Masterpieces,Akiba Rubinstein,1941,Dover Publications,General Fiction,"Bibliographic summary: “Rubinstein's Chess Masterpieces” is classified as General Fiction and was written by Akiba Rubinstein. It was published by Dover Publications in 1941. Search and recommendation terms derived from the available metadata include: rubinstein's, chess, masterpieces, rubinstein, general, fiction.",English,"rubinstein's, chess, masterpieces, rubinstein, general, fiction",http://images.amazon.com/images/P/0486206173.01.MZZZZZZZ.jpg
0312278586,The Nanny Diaries: A Novel,Emma McLaughlin,2002,St. Martin's Press,Art & Photography,"Bibliographic summary: “The Nanny Diaries: A Novel” is classified as Art & Photography and was written by Emma McLaughlin. It was published by St. Martin's Press in 2002. Search and recommendation terms derived from the available metadata include: nanny, diaries, mclaughlin, art, photography.",English,"nanny, diaries, mclaughlin, art, photography",http://images.amazon.com/images/P/0312278586.01.MZZZZZZZ.jpg
887641486X,I Giorni Dell'abbandono,Elena Ferrante,2002,Edizioni E/O,General Fiction,"Bibliographic summary: “I Giorni Dell'abbandono” is classified as General Fiction and was written by Elena Ferrante. It was published by Edizioni E/O in 2002. Search and recommendation terms derived from the available metadata include: giorni, dell'abbandono, ferrante, general, fiction.",English,"giorni, dell'abbandono, ferrante, general, fiction",http://images.amazon.com/images/P/887641486X.01.MZZZZZZZ.jpg
0140370900,The Gizmo,Paul Jennings,1995,Puffin,General Fiction,"Bibliographic summary: “The Gizmo” is classified as General Fiction and was written by Paul Jennings. It was published by Puffin in 1995. Search and recommendation terms derived from the available metadata include: gizmo, jennings, general, fiction.",English,"gizmo, jennings, general, fiction",http://images.amazon.com/images/P/0140370900.01.MZZZZZZZ.jpg
0674511255,The Last Best Hope of Earth: Abraham Lincoln and the Promise of America,"Mark E., Jr. Neely",1993,Harvard University Press,Art & Photography,"Bibliographic summary: “The Last Best Hope of Earth: Abraham Lincoln and the Promise of America” is classified as Art & Photography and was written by Mark E., Jr. Neely. It was published by Harvard University Press in 1993. Search and recommendation terms derived from the available metadata include: last, best, hope, earth, abraham, lincoln, promise, america, neely, art.",English,"last, best, hope, earth, abraham, lincoln, promise, america, neely, art",http://images.amazon.com/images/P/0674511255.01.MZZZZZZZ.jpg
0030096189,Organic Chemistry (Saunders Golden Sunburst Series),Stephen J. Weininger,1994,Saunders College Publishing,Science & Technology,"Bibliographic summary: “Organic Chemistry (Saunders Golden Sunburst Series)” is classified as Science & Technology and was written by Stephen J. Weininger. It was published by Saunders College Publishing in 1994. Search and recommendation terms derived from the available metadata include: organic, chemistry, saunders, golden, sunburst, series, weininger, science, technology.",English,"organic, chemistry, saunders, golden, sunburst, series, weininger, science, technology",http://images.amazon.com/images/P/0030096189.01.MZZZZZZZ.jpg
0312965745,Secrets of St. John's Wort: A Lynn Sonberg Book,Larry Katzenstein,1998,St. Martin's Press,Art & Photography,"Bibliographic summary: “Secrets of St. John's Wort: A Lynn Sonberg Book” is classified as Art & Photography and was written by Larry Katzenstein. It was published by St. Martin's Press in 1998. Search and recommendation terms derived from the available metadata include: secrets, john's, wort, lynn, sonberg, katzenstein, art, photography.",English,"secrets, john's, wort, lynn, sonberg, katzenstein, art, photography",http://images.amazon.com/images/P/0312965745.01.MZZZZZZZ.jpg
0345374657,Diet for a Poisoned Planet: How to Choose Safe Foods for You and Your Family,David Steinman,1992,Ballantine Books,Science Fiction,"Bibliographic summary: “Diet for a Poisoned Planet: How to Choose Safe Foods for You and Your Family” is classified as Science Fiction and was written by David Steinman. It was published by Ballantine Books in 1992. Search and recommendation terms derived from the available metadata include: diet, poisoned, planet, how, choose, safe, foods, you, family, steinman.",English,"diet, poisoned, planet, how, choose, safe, foods, you, family, steinman",http://images.amazon.com/images/P/0345374657.01.MZZZZZZZ.jpg
0395710901,"Punished by Rewards: The Trouble With Gold Stars, Incentive Plans, A'S, Praise, and Other Bribes",Alfie Kohn,1995,Houghton Mifflin,History,"Bibliographic summary: “Punished by Rewards: The Trouble With Gold Stars, Incentive Plans, A'S, Praise, and Other Bribes” is classified as History and was written by Alfie Kohn. It was published by Houghton Mifflin in 1995. Search and recommendation terms derived from the available metadata include: punished, rewards, trouble, gold, stars, incentive, plans, a's, praise, other.",English,"punished, rewards, trouble, gold, stars, incentive, plans, a's, praise, other",http://images.amazon.com/images/P/0395710901.01.MZZZZZZZ.jpg
080521061X,Montessori Today: A Comprehensive Approach to Education from Birth to Adulthood,Paula Polk Lillard,1996,Schocken Books,Education & Reference,"Bibliographic summary: “Montessori Today: A Comprehensive Approach to Education from Birth to Adulthood” is classified as Education & Reference and was written by Paula Polk Lillard. It was published by Schocken Books in 1996. Search and recommendation terms derived from the available metadata include: montessori, today, comprehensive, approach, education, birth, adulthood, lillard, reference.",English,"montessori, today, comprehensive, approach, education, birth, adulthood, lillard, reference",http://images.amazon.com/images/P/080521061X.01.MZZZZZZZ.jpg
0823032612,Oil Painting Techniques (Artist's Painting Library),David Lewis,1983,Watson-Guptill Publications,Art & Photography,"Bibliographic summary: “Oil Painting Techniques (Artist's Painting Library)” is classified as Art & Photography and was written by David Lewis. It was published by Watson-Guptill Publications in 1983. Search and recommendation terms derived from the available metadata include: oil, painting, techniques, artist's, library, lewis, art, photography.",English,"oil, painting, techniques, artist's, library, lewis, art, photography",http://images.amazon.com/images/P/0823032612.01.MZZZZZZZ.jpg
0679310002,Going down swinging,Billie Livingston,1999,Random House Canada,General Fiction,"Bibliographic summary: “Going down swinging” is classified as General Fiction and was written by Billie Livingston. It was published by Random House Canada in 1999. Search and recommendation terms derived from the available metadata include: going, down, swinging, livingston, general, fiction.",English,"going, down, swinging, livingston, general, fiction",http://images.amazon.com/images/P/0679310002.01.MZZZZZZZ.jpg
0312288115,Confessions of a Sociopathic Social Climber : The Katya Livingston Chronicles (Katya Livingston Chronicles (Hardcover)),Adele Lang,2002,Thomas Dunne Books,Politics & Society,"Bibliographic summary: “Confessions of a Sociopathic Social Climber : The Katya Livingston Chronicles (Katya Livingston Chronicles (Hardcover))” is classified as Politics & Society and was written by Adele Lang. It was published by Thomas Dunne Books in 2002. Search and recommendation terms derived from the available metadata include: confessions, sociopathic, social, climber, katya, livingston, chronicles, hardcover, lang, politics.",English,"confessions, sociopathic, social, climber, katya, livingston, chronicles, hardcover, lang, politics",http://images.amazon.com/images/P/0312288115.01.MZZZZZZZ.jpg
0316171107,Like a Hole in the Head,Jen Banbury,1998,Little Brown & Co,General Fiction,"Bibliographic summary: “Like a Hole in the Head” is classified as General Fiction and was written by Jen Banbury. It was published by Little Brown & Co in 1998. Search and recommendation terms derived from the available metadata include: like, hole, head, banbury, general, fiction.",English,"like, hole, head, banbury, general, fiction",http://images.amazon.com/images/P/0316171107.01.MZZZZZZZ.jpg
0380710218,Postmortem,Patricia Daniels Cornwell,1993,Harper Mass Market Paperbacks (Mm),General Fiction,"Bibliographic summary: “Postmortem” is classified as General Fiction and was written by Patricia Daniels Cornwell. It was published by Harper Mass Market Paperbacks (Mm) in 1993. Search and recommendation terms derived from the available metadata include: postmortem, cornwell, general, fiction.",English,"postmortem, cornwell, general, fiction",http://images.amazon.com/images/P/0380710218.01.MZZZZZZZ.jpg
0515118656,The Cove,Catherine Coulter,1996,Jove Books,General Fiction,"Bibliographic summary: “The Cove” is classified as General Fiction and was written by Catherine Coulter. It was published by Jove Books in 1996. Search and recommendation terms derived from the available metadata include: cove, coulter, general, fiction.",English,"cove, coulter, general, fiction",http://images.amazon.com/images/P/0515118656.01.MZZZZZZZ.jpg
0553289063,An Inconvenient Woman,Dominick Dunne,1991,Bantam Books,General Fiction,"Bibliographic summary: “An Inconvenient Woman” is classified as General Fiction and was written by Dominick Dunne. It was published by Bantam Books in 1991. Search and recommendation terms derived from the available metadata include: inconvenient, woman, dunne, general, fiction.",English,"inconvenient, woman, dunne, general, fiction",http://images.amazon.com/images/P/0553289063.01.MZZZZZZZ.jpg
0671000306,Shock Wave (Dirk Pitt Adventures (Paperback)),Clive Cussler,1996,Pocket,General Fiction,"Bibliographic summary: “Shock Wave (Dirk Pitt Adventures (Paperback))” is classified as General Fiction and was written by Clive Cussler. It was published by Pocket in 1996. Search and recommendation terms derived from the available metadata include: shock, wave, dirk, pitt, adventures, paperback, cussler, general, fiction.",English,"shock, wave, dirk, pitt, adventures, paperback, cussler, general, fiction",http://images.amazon.com/images/P/0671000306.01.MZZZZZZZ.jpg
0671673688,While My Pretty One Sleeps,Mary Higgins Clark,1990,Pocket,Mystery & Thriller,"Bibliographic summary: “While My Pretty One Sleeps” is classified as Mystery & Thriller and was written by Mary Higgins Clark. It was published by Pocket in 1990. Search and recommendation terms derived from the available metadata include: while, pretty, one, sleeps, clark, mystery, thriller.",English,"while, pretty, one, sleeps, clark, mystery, thriller",http://images.amazon.com/images/P/0671673688.01.MZZZZZZZ.jpg
1561672033,Antipodes 10,John Pascal,1995,Noble House,General Fiction,"Bibliographic summary: “Antipodes 10” is classified as General Fiction and was written by John Pascal. It was published by Noble House in 1995. Search and recommendation terms derived from the available metadata include: antipodes, pascal, general, fiction.",English,"antipodes, pascal, general, fiction",http://images.amazon.com/images/P/1561672033.01.MZZZZZZZ.jpg
0425178242,Kick Ass: Selected Columns of Carl Hiaasen,Carl Hiaasen,2001,Berkley Publishing Group,General Fiction,"Bibliographic summary: “Kick Ass: Selected Columns of Carl Hiaasen” is classified as General Fiction and was written by Carl Hiaasen. It was published by Berkley Publishing Group in 2001. Search and recommendation terms derived from the available metadata include: kick, ass, selected, columns, carl, hiaasen, general, fiction.",English,"kick, ass, selected, columns, carl, hiaasen, general, fiction",http://images.amazon.com/images/P/0425178242.01.MZZZZZZZ.jpg
0618173870,Everything Is Illuminated: A Novel,Jonathan Safran Foer,2002,Houghton Mifflin Company,General Fiction,"Bibliographic summary: “Everything Is Illuminated: A Novel” is classified as General Fiction and was written by Jonathan Safran Foer. It was published by Houghton Mifflin Company in 2002. Search and recommendation terms derived from the available metadata include: everything, illuminated, foer, general, fiction.",English,"everything, illuminated, foer, general, fiction",http://images.amazon.com/images/P/0618173870.01.MZZZZZZZ.jpg
0375403582,Rules of the Wild,Francesca Marciano,1998,Random House Inc,General Fiction,"Bibliographic summary: “Rules of the Wild” is classified as General Fiction and was written by Francesca Marciano. It was published by Random House Inc in 1998. Search and recommendation terms derived from the available metadata include: rules, wild, marciano, general, fiction.",English,"rules, wild, marciano, general, fiction",http://images.amazon.com/images/P/0375403582.01.MZZZZZZZ.jpg
0385721420,Three Junes,JULIA GLASS,2003,Anchor,General Fiction,"Bibliographic summary: “Three Junes” is classified as General Fiction and was written by JULIA GLASS. It was published by Anchor in 2003. Search and recommendation terms derived from the available metadata include: three, junes, glass, general, fiction.",English,"three, junes, glass, general, fiction",http://images.amazon.com/images/P/0385721420.01.MZZZZZZZ.jpg
0451202341,Back Roads,Tawni O'Dell,2001,Signet Book,General Fiction,"Bibliographic summary: “Back Roads” is classified as General Fiction and was written by Tawni O'Dell. It was published by Signet Book in 2001. Search and recommendation terms derived from the available metadata include: back, roads, o'dell, general, fiction.",English,"back, roads, o'dell, general, fiction",http://images.amazon.com/images/P/0451202341.01.MZZZZZZZ.jpg
0743418190,In Her Shoes : A Novel,Jennifer Weiner,2002,Atria Books,General Fiction,"Bibliographic summary: “In Her Shoes : A Novel” is classified as General Fiction and was written by Jennifer Weiner. It was published by Atria Books in 2002. Search and recommendation terms derived from the available metadata include: shoes, weiner, general, fiction.",English,"shoes, weiner, general, fiction",http://images.amazon.com/images/P/0743418190.01.MZZZZZZZ.jpg
0385335407,The Kiss,Danielle Steel,2001,Delacorte Press,Romance,"Bibliographic summary: “The Kiss” is classified as Romance and was written by Danielle Steel. It was published by Delacorte Press in 2001. Search and recommendation terms derived from the available metadata include: kiss, steel, romance.",English,"kiss, steel, romance",http://images.amazon.com/images/P/0385335407.01.MZZZZZZZ.jpg
0965746828,Home Spun: A Collection,Leon Hale,1997,Winedale Publishing,Cooking & Food,"Bibliographic summary: “Home Spun: A Collection” is classified as Cooking & Food and was written by Leon Hale. It was published by Winedale Publishing in 1997. Search and recommendation terms derived from the available metadata include: home, spun, collection, hale, cooking, food.",English,"home, spun, collection, hale, cooking, food",http://images.amazon.com/images/P/0965746828.01.MZZZZZZZ.jpg
0060923245,Sweet Hereafter Movie Tie-In : A Novel,Russell Banks,1992,Perennial,General Fiction,"Bibliographic summary: “Sweet Hereafter Movie Tie-In : A Novel” is classified as General Fiction and was written by Russell Banks. It was published by Perennial in 1992. Search and recommendation terms derived from the available metadata include: sweet, hereafter, movie, tie, banks, general, fiction.",English,"sweet, hereafter, movie, tie, banks, general, fiction",http://images.amazon.com/images/P/0060923245.01.MZZZZZZZ.jpg
0486272664,The Rime of the Ancient Mariner and Other Poems,Samuel Taylor Coleridge,1992,Dover Publications,History,"Bibliographic summary: “The Rime of the Ancient Mariner and Other Poems” is classified as History and was written by Samuel Taylor Coleridge. It was published by Dover Publications in 1992. Search and recommendation terms derived from the available metadata include: rime, ancient, mariner, other, poems, coleridge, history.",English,"rime, ancient, mariner, other, poems, coleridge, history",http://images.amazon.com/images/P/0486272664.01.MZZZZZZZ.jpg
0786015276,11th Hour,Bradley Warshauer,2003,Pinnacle Books,History,"Bibliographic summary: “11th Hour” is classified as History and was written by Bradley Warshauer. It was published by Pinnacle Books in 2003. Search and recommendation terms derived from the available metadata include: 11th, hour, warshauer, history.",English,"11th, hour, warshauer, history",http://images.amazon.com/images/P/0786015276.01.MZZZZZZZ.jpg
0060913509,In Country RI,Bobbie Ann Mason,1986,Perennial,General Fiction,"Bibliographic summary: “In Country RI” is classified as General Fiction and was written by Bobbie Ann Mason. It was published by Perennial in 1986. Search and recommendation terms derived from the available metadata include: country, mason, general, fiction.",English,"country, mason, general, fiction",http://images.amazon.com/images/P/0060913509.01.MZZZZZZZ.jpg
0553272837,Brazen Virtue,Nora Roberts,1996,Bantam Books,Romance,"Bibliographic summary: “Brazen Virtue” is classified as Romance and was written by Nora Roberts. It was published by Bantam Books in 1996. Search and recommendation terms derived from the available metadata include: brazen, virtue, roberts, romance.",English,"brazen, virtue, roberts, romance",http://images.amazon.com/images/P/0553272837.01.MZZZZZZZ.jpg
0440225078,Ghost Moon,Karen Robards,2001,Dell Publishing Company,Horror,"Bibliographic summary: “Ghost Moon” is classified as Horror and was written by Karen Robards. It was published by Dell Publishing Company in 2001. Search and recommendation terms derived from the available metadata include: ghost, moon, robards, horror.",English,"ghost, moon, robards, horror",http://images.amazon.com/images/P/0440225078.01.MZZZZZZZ.jpg
0312145543,Brewing Up a Storm: A John Thatcher Mystery,Emma Lathen,1996,St Martins Pr,Mystery & Thriller,"Bibliographic summary: “Brewing Up a Storm: A John Thatcher Mystery” is classified as Mystery & Thriller and was written by Emma Lathen. It was published by St Martins Pr in 1996. Search and recommendation terms derived from the available metadata include: brewing, storm, john, thatcher, mystery, lathen, thriller.",English,"brewing, storm, john, thatcher, mystery, lathen, thriller",http://images.amazon.com/images/P/0312145543.01.MZZZZZZZ.jpg
0425181111,Strangers,Dean R. Koontz,2002,Berkley Publishing Group,General Fiction,"Bibliographic summary: “Strangers” is classified as General Fiction and was written by Dean R. Koontz. It was published by Berkley Publishing Group in 2002. Search and recommendation terms derived from the available metadata include: strangers, koontz, general, fiction.",English,"strangers, koontz, general, fiction",http://images.amazon.com/images/P/0425181111.01.MZZZZZZZ.jpg
0380732688,Milk and Honey (Peter Decker/Rina Lazarus Novels),Faye Kellerman,2002,Avon,General Fiction,"Bibliographic summary: “Milk and Honey (Peter Decker/Rina Lazarus Novels)” is classified as General Fiction and was written by Faye Kellerman. It was published by Avon in 2002. Search and recommendation terms derived from the available metadata include: milk, honey, peter, decker, rina, lazarus, novels, kellerman, general, fiction.",English,"milk, honey, peter, decker, rina, lazarus, novels, kellerman, general, fiction",http://images.amazon.com/images/P/0380732688.01.MZZZZZZZ.jpg
0140286276,The Deep End of the Ocean (Oprah's Book Club),Jacquelyn Mitchard,1999,Penguin Books,General Fiction,"Bibliographic summary: “The Deep End of the Ocean (Oprah's Book Club)” is classified as General Fiction and was written by Jacquelyn Mitchard. It was published by Penguin Books in 1999. Search and recommendation terms derived from the available metadata include: deep, end, ocean, oprah's, club, mitchard, general, fiction.",English,"deep, end, ocean, oprah's, club, mitchard, general, fiction",http://images.amazon.com/images/P/0140286276.01.MZZZZZZZ.jpg
0373484100,Night Tales,Nora Roberts,2000,Silhouette,Romance,"Bibliographic summary: “Night Tales” is classified as Romance and was written by Nora Roberts. It was published by Silhouette in 2000. Search and recommendation terms derived from the available metadata include: night, tales, roberts, romance.",English,"night, tales, roberts, romance",http://images.amazon.com/images/P/0373484100.01.MZZZZZZZ.jpg
0449907481,A Thousand Acres (Ballantine Reader's Circle),JANE SMILEY,1992,Ballantine Books,General Fiction,"Bibliographic summary: “A Thousand Acres (Ballantine Reader's Circle)” is classified as General Fiction and was written by JANE SMILEY. It was published by Ballantine Books in 1992. Search and recommendation terms derived from the available metadata include: thousand, acres, ballantine, reader's, circle, smiley, general, fiction.",English,"thousand, acres, ballantine, reader's, circle, smiley, general, fiction",http://images.amazon.com/images/P/0449907481.01.MZZZZZZZ.jpg
0553107305,Chopping Spree,DIANE MOTT DAVIDSON,2002,Bantam,General Fiction,"Bibliographic summary: “Chopping Spree” is classified as General Fiction and was written by DIANE MOTT DAVIDSON. It was published by Bantam in 2002. Search and recommendation terms derived from the available metadata include: chopping, spree, davidson, general, fiction.",English,"chopping, spree, davidson, general, fiction",http://images.amazon.com/images/P/0553107305.01.MZZZZZZZ.jpg
080213825X,Four Blondes,Candace Bushnell,2001,Grove Press,General Fiction,"Bibliographic summary: “Four Blondes” is classified as General Fiction and was written by Candace Bushnell. It was published by Grove Press in 2001. Search and recommendation terms derived from the available metadata include: four, blondes, bushnell, general, fiction.",English,"four, blondes, bushnell, general, fiction",http://images.amazon.com/images/P/080213825X.01.MZZZZZZZ.jpg
0515127833,River's End,Nora Roberts,2003,Jove Books,Romance,"Bibliographic summary: “River's End” is classified as Romance and was written by Nora Roberts. It was published by Jove Books in 2003. Search and recommendation terms derived from the available metadata include: river's, end, roberts, romance.",English,"river's, end, roberts, romance",http://images.amazon.com/images/P/0515127833.01.MZZZZZZZ.jpg
0345441133,Summer Island,KRISTIN HANNAH,2002,Ballantine Books,General Fiction,"Bibliographic summary: “Summer Island” is classified as General Fiction and was written by KRISTIN HANNAH. It was published by Ballantine Books in 2002. Search and recommendation terms derived from the available metadata include: summer, island, hannah, general, fiction.",English,"summer, island, hannah, general, fiction",http://images.amazon.com/images/P/0345441133.01.MZZZZZZZ.jpg
0515134279,The Straw Men,Michael Marshall,2002,Jove Books,General Fiction,"Bibliographic summary: “The Straw Men” is classified as General Fiction and was written by Michael Marshall. It was published by Jove Books in 2002. Search and recommendation terms derived from the available metadata include: straw, men, marshall, general, fiction.",English,"straw, men, marshall, general, fiction",http://images.amazon.com/images/P/0515134279.01.MZZZZZZZ.jpg
0945586051,The Doctor the Patient: The Personal Journey of a Physician With Cancer,Allen Widome,1989,Editech Pr,Health & Medicine,"Bibliographic summary: “The Doctor the Patient: The Personal Journey of a Physician With Cancer” is classified as Health & Medicine and was written by Allen Widome. It was published by Editech Pr in 1989. Search and recommendation terms derived from the available metadata include: doctor, patient, personal, journey, physician, cancer, widome, health, medicine.",English,"doctor, patient, personal, journey, physician, cancer, widome, health, medicine",http://images.amazon.com/images/P/0945586051.01.MZZZZZZZ.jpg
0385424728,The Chamber,John Grisham,1994,Doubleday Books,Mystery & Thriller,"Bibliographic summary: “The Chamber” is classified as Mystery & Thriller and was written by John Grisham. It was published by Doubleday Books in 1994. Search and recommendation terms derived from the available metadata include: chamber, grisham, mystery, thriller.",English,"chamber, grisham, mystery, thriller",http://images.amazon.com/images/P/0385424728.01.MZZZZZZZ.jpg
0312980388,Warlock : A Novel of Ancient Egypt,Wilbur Smith,2002,St. Martin's Paperbacks,History,"Bibliographic summary: “Warlock : A Novel of Ancient Egypt” is classified as History and was written by Wilbur Smith. It was published by St. Martin's Paperbacks in 2002. Search and recommendation terms derived from the available metadata include: warlock, ancient, egypt, smith, history.",English,"warlock, ancient, egypt, smith, history",http://images.amazon.com/images/P/0312980388.01.MZZZZZZZ.jpg
0590419625,The Teacher from the Black Lagoon,Mike Thaler,1989,Scholastic,General Fiction,"Bibliographic summary: “The Teacher from the Black Lagoon” is classified as General Fiction and was written by Mike Thaler. It was published by Scholastic in 1989. Search and recommendation terms derived from the available metadata include: teacher, black, lagoon, thaler, general, fiction.",English,"teacher, black, lagoon, thaler, general, fiction",http://images.amazon.com/images/P/0590419625.01.MZZZZZZZ.jpg
0385472951,The Partner,John Grisham,1997,Doubleday Books,Mystery & Thriller,"Bibliographic summary: “The Partner” is classified as Mystery & Thriller and was written by John Grisham. It was published by Doubleday Books in 1997. Search and recommendation terms derived from the available metadata include: partner, grisham, mystery, thriller.",English,"partner, grisham, mystery, thriller",http://images.amazon.com/images/P/0385472951.01.MZZZZZZZ.jpg
0451195663,Primal Scream,Michael Slade,1998,Signet Book,General Fiction,"Bibliographic summary: “Primal Scream” is classified as General Fiction and was written by Michael Slade. It was published by Signet Book in 1998. Search and recommendation terms derived from the available metadata include: primal, scream, slade, general, fiction.",English,"primal, scream, slade, general, fiction",http://images.amazon.com/images/P/0451195663.01.MZZZZZZZ.jpg
0425182878,Chosen Prey,John Sandford,2004,Berkley Publishing Group,General Fiction,"Bibliographic summary: “Chosen Prey” is classified as General Fiction and was written by John Sandford. It was published by Berkley Publishing Group in 2004. Search and recommendation terms derived from the available metadata include: chosen, prey, sandford, general, fiction.",English,"chosen, prey, sandford, general, fiction",http://images.amazon.com/images/P/0425182878.01.MZZZZZZZ.jpg
0553564528,Guilty as Sin,TAMI HOAG,1997,Bantam,General Fiction,"Bibliographic summary: “Guilty as Sin” is classified as General Fiction and was written by TAMI HOAG. It was published by Bantam in 1997. Search and recommendation terms derived from the available metadata include: guilty, sin, hoag, general, fiction.",English,"guilty, sin, hoag, general, fiction",http://images.amazon.com/images/P/0553564528.01.MZZZZZZZ.jpg
055356451X,Night Sins,TAMI HOAG,1995,Bantam,General Fiction,"Bibliographic summary: “Night Sins” is classified as General Fiction and was written by TAMI HOAG. It was published by Bantam in 1995. Search and recommendation terms derived from the available metadata include: night, sins, hoag, general, fiction.",English,"night, sins, hoag, general, fiction",http://images.amazon.com/images/P/055356451X.01.MZZZZZZZ.jpg
0743412621,The Second Time Around : A Novel,Mary Higgins Clark,2004,Pocket,Mystery & Thriller,"Bibliographic summary: “The Second Time Around : A Novel” is classified as Mystery & Thriller and was written by Mary Higgins Clark. It was published by Pocket in 2004. Search and recommendation terms derived from the available metadata include: second, time, around, clark, mystery, thriller.",English,"second, time, around, clark, mystery, thriller",http://images.amazon.com/images/P/0743412621.01.MZZZZZZZ.jpg
0849943728,Three,Ted Dekker,2003,WestBow Press,General Fiction,"Bibliographic summary: “Three” is classified as General Fiction and was written by Ted Dekker. It was published by WestBow Press in 2003. Search and recommendation terms derived from the available metadata include: three, dekker, general, fiction.",English,"three, dekker, general, fiction",http://images.amazon.com/images/P/0849943728.01.MZZZZZZZ.jpg
0849943450,The Canopy,Angela Elwell Hunt,2003,WestBow Press,General Fiction,"Bibliographic summary: “The Canopy” is classified as General Fiction and was written by Angela Elwell Hunt. It was published by WestBow Press in 2003. Search and recommendation terms derived from the available metadata include: canopy, hunt, general, fiction.",English,"canopy, hunt, general, fiction",http://images.amazon.com/images/P/0849943450.01.MZZZZZZZ.jpg
084994371X,Blink,Ted Dekker,2003,WestBow Press,General Fiction,"Bibliographic summary: “Blink” is classified as General Fiction and was written by Ted Dekker. It was published by WestBow Press in 2003. Search and recommendation terms derived from the available metadata include: blink, dekker, general, fiction.",English,"blink, dekker, general, fiction",http://images.amazon.com/images/P/084994371X.01.MZZZZZZZ.jpg
0590406019,Last Battle,C. S. Lewis,1988,Scholastic Paperbacks (Mm),General Fiction,"Bibliographic summary: “Last Battle” is classified as General Fiction and was written by C. S. Lewis. It was published by Scholastic Paperbacks (Mm) in 1988. Search and recommendation terms derived from the available metadata include: last, battle, lewis, general, fiction.",English,"last, battle, lewis, general, fiction",http://images.amazon.com/images/P/0590406019.01.MZZZZZZZ.jpg
0020442408,Prince Caspian,C. S. Lewis,1970,MacMillan Publishing Company.,General Fiction,"Bibliographic summary: “Prince Caspian” is classified as General Fiction and was written by C. S. Lewis. It was published by MacMillan Publishing Company. in 1970. Search and recommendation terms derived from the available metadata include: prince, caspian, lewis, general, fiction.",English,"prince, caspian, lewis, general, fiction",http://images.amazon.com/images/P/0020442408.01.MZZZZZZZ.jpg
0553225987,Robert's Rules of Order,William Eisner,1986,Bantam Books,General Fiction,"Bibliographic summary: “Robert's Rules of Order” is classified as General Fiction and was written by William Eisner. It was published by Bantam Books in 1986. Search and recommendation terms derived from the available metadata include: robert's, rules, order, eisner, general, fiction.",English,"robert's, rules, order, eisner, general, fiction",http://images.amazon.com/images/P/0553225987.01.MZZZZZZZ.jpg
042517736X,Abduction,Robin Cook,2000,Berkley Publishing Group,Cooking & Food,"Bibliographic summary: “Abduction” is classified as Cooking & Food and was written by Robin Cook. It was published by Berkley Publishing Group in 2000. Search and recommendation terms derived from the available metadata include: abduction, cook, cooking, food.",English,"abduction, cook, cooking, food",http://images.amazon.com/images/P/042517736X.01.MZZZZZZZ.jpg
0671868713,And Never Let Her Go : Thomas Capano: The Deadly Seducer,Ann Rule,2000,Pocket,Mystery & Thriller,"Bibliographic summary: “And Never Let Her Go : Thomas Capano: The Deadly Seducer” is classified as Mystery & Thriller and was written by Ann Rule. It was published by Pocket in 2000. Search and recommendation terms derived from the available metadata include: never, let, thomas, capano, deadly, seducer, rule, mystery, thriller.",English,"never, let, thomas, capano, deadly, seducer, rule, mystery, thriller",http://images.amazon.com/images/P/0671868713.01.MZZZZZZZ.jpg
038549825X,Not a Day Goes By : A Novel,E. LYNN HARRIS,2001,Anchor,General Fiction,"Bibliographic summary: “Not a Day Goes By : A Novel” is classified as General Fiction and was written by E. LYNN HARRIS. It was published by Anchor in 2001. Search and recommendation terms derived from the available metadata include: not, day, goes, harris, general, fiction.",English,"not, day, goes, harris, general, fiction",http://images.amazon.com/images/P/038549825X.01.MZZZZZZZ.jpg
0553202294,Sun Signs,Linda Goodman,1981,Bantam Doubleday Dell,General Fiction,"Bibliographic summary: “Sun Signs” is classified as General Fiction and was written by Linda Goodman. It was published by Bantam Doubleday Dell in 1981. Search and recommendation terms derived from the available metadata include: sun, signs, goodman, general, fiction.",English,"sun, signs, goodman, general, fiction",http://images.amazon.com/images/P/0553202294.01.MZZZZZZZ.jpg
0345313860,"The Vampire Lestat (Vampire Chronicles, Book II)",ANNE RICE,1986,Ballantine Books,Fantasy,"Bibliographic summary: “The Vampire Lestat (Vampire Chronicles, Book II)” is classified as Fantasy and was written by ANNE RICE. It was published by Ballantine Books in 1986. Search and recommendation terms derived from the available metadata include: vampire, lestat, chronicles, rice, fantasy.",English,"vampire, lestat, chronicles, rice, fantasy",http://images.amazon.com/images/P/0345313860.01.MZZZZZZZ.jpg
0345369947,The Mummy or Ramses the Damned,Anne Rice,1991,Ballantine Books,Fantasy,"Bibliographic summary: “The Mummy or Ramses the Damned” is classified as Fantasy and was written by Anne Rice. It was published by Ballantine Books in 1991. Search and recommendation terms derived from the available metadata include: mummy, ramses, damned, rice, fantasy.",English,"mummy, ramses, damned, rice, fantasy",http://images.amazon.com/images/P/0345369947.01.MZZZZZZZ.jpg
067170124X,HIS LITTLE WOMEN : HIS LITTLE WOMEN,Judith Rossner,1991,Pocket,General Fiction,"Bibliographic summary: “HIS LITTLE WOMEN : HIS LITTLE WOMEN” is classified as General Fiction and was written by Judith Rossner. It was published by Pocket in 1991. Search and recommendation terms derived from the available metadata include: little, women, rossner, general, fiction.",English,"little, women, rossner, general, fiction",http://images.amazon.com/images/P/067170124X.01.MZZZZZZZ.jpg
0345353625,Her Mother's Daughter,Marilyn French,1990,Ballantine Books,General Fiction,"Bibliographic summary: “Her Mother's Daughter” is classified as General Fiction and was written by Marilyn French. It was published by Ballantine Books in 1990. Search and recommendation terms derived from the available metadata include: mother's, daughter, french, general, fiction.",English,"mother's, daughter, french, general, fiction",http://images.amazon.com/images/P/0345353625.01.MZZZZZZZ.jpg
0308102282,Your Erroneous Zones,Wayne W. Dyer,1976,Harpercollins,General Fiction,"Bibliographic summary: “Your Erroneous Zones” is classified as General Fiction and was written by Wayne W. Dyer. It was published by Harpercollins in 1976. Search and recommendation terms derived from the available metadata include: erroneous, zones, dyer, general, fiction.",English,"erroneous, zones, dyer, general, fiction",http://images.amazon.com/images/P/0308102282.01.MZZZZZZZ.jpg
006017143X,The Night Listener,Armistead Maupin,2000,HarperCollins Publishers,General Fiction,"Bibliographic summary: “The Night Listener” is classified as General Fiction and was written by Armistead Maupin. It was published by HarperCollins Publishers in 2000. Search and recommendation terms derived from the available metadata include: night, listener, maupin, general, fiction.",English,"night, listener, maupin, general, fiction",http://images.amazon.com/images/P/006017143X.01.MZZZZZZZ.jpg
0805056491,Organizing from the Inside Out,Julie Morgenstern,1998,Henry Holt & Company,General Fiction,"Bibliographic summary: “Organizing from the Inside Out” is classified as General Fiction and was written by Julie Morgenstern. It was published by Henry Holt & Company in 1998. Search and recommendation terms derived from the available metadata include: organizing, inside, out, morgenstern, general, fiction.",English,"organizing, inside, out, morgenstern, general, fiction",http://images.amazon.com/images/P/0805056491.01.MZZZZZZZ.jpg
0679401377,The Hellfire Club,Peter Straub,1996,Random House Inc,General Fiction,"Bibliographic summary: “The Hellfire Club” is classified as General Fiction and was written by Peter Straub. It was published by Random House Inc in 1996. Search and recommendation terms derived from the available metadata include: hellfire, club, straub, general, fiction.",English,"hellfire, club, straub, general, fiction",http://images.amazon.com/images/P/0679401377.01.MZZZZZZZ.jpg
1562827049,"The Diary of Jack the Ripper/the Discovery, the Investigation, the Debate",Jack,1993,Hyperion Books,Mystery & Thriller,"Bibliographic summary: “The Diary of Jack the Ripper/the Discovery, the Investigation, the Debate” is classified as Mystery & Thriller and was written by Jack. It was published by Hyperion Books in 1993. Search and recommendation terms derived from the available metadata include: diary, jack, ripper, discovery, investigation, debate, mystery, thriller.",English,"diary, jack, ripper, discovery, investigation, debate, mystery, thriller",http://images.amazon.com/images/P/1562827049.01.MZZZZZZZ.jpg
0385306032,Vanished,Danielle Steel,1993,Delacorte Press,Romance,"Bibliographic summary: “Vanished” is classified as Romance and was written by Danielle Steel. It was published by Delacorte Press in 1993. Search and recommendation terms derived from the available metadata include: vanished, steel, romance.",English,"vanished, steel, romance",http://images.amazon.com/images/P/0385306032.01.MZZZZZZZ.jpg
0816152446,The Women in His Life (G K Hall Large Print Book Series),Barbara Taylor Bradford,1991,Thorndike Pr,General Fiction,"Bibliographic summary: “The Women in His Life (G K Hall Large Print Book Series)” is classified as General Fiction and was written by Barbara Taylor Bradford. It was published by Thorndike Pr in 1991. Search and recommendation terms derived from the available metadata include: women, life, hall, large, print, series, bradford, general, fiction.",English,"women, life, hall, large, print, series, bradford, general, fiction",http://images.amazon.com/images/P/0816152446.01.MZZZZZZZ.jpg
0821772953,The Morning After,Lisa Jackson,2004,Zebra Books,General Fiction,"Bibliographic summary: “The Morning After” is classified as General Fiction and was written by Lisa Jackson. It was published by Zebra Books in 2004. Search and recommendation terms derived from the available metadata include: morning, after, jackson, general, fiction.",English,"morning, after, jackson, general, fiction",http://images.amazon.com/images/P/0821772953.01.MZZZZZZZ.jpg
0345379454,Missing Susan,SHARYN MCCRUMB,1992,Ballantine Books,General Fiction,"Bibliographic summary: “Missing Susan” is classified as General Fiction and was written by SHARYN MCCRUMB. It was published by Ballantine Books in 1992. Search and recommendation terms derived from the available metadata include: missing, susan, mccrumb, general, fiction.",English,"missing, susan, mccrumb, general, fiction",http://images.amazon.com/images/P/0345379454.01.MZZZZZZZ.jpg
0553576925,Hiding in the Shadows (Shadows Trilogy (Paperback)),Kay Hooper,2000,Bantam Books,General Fiction,"Bibliographic summary: “Hiding in the Shadows (Shadows Trilogy (Paperback))” is classified as General Fiction and was written by Kay Hooper. It was published by Bantam Books in 2000. Search and recommendation terms derived from the available metadata include: hiding, shadows, trilogy, paperback, hooper, general, fiction.",English,"hiding, shadows, trilogy, paperback, hooper, general, fiction",http://images.amazon.com/images/P/0553576925.01.MZZZZZZZ.jpg
0743206053,Kitchen Privileges : A Memoir,Mary Higgins Clark,2002,Simon & Schuster,Mystery & Thriller,"Bibliographic summary: “Kitchen Privileges : A Memoir” is classified as Mystery & Thriller and was written by Mary Higgins Clark. It was published by Simon & Schuster in 2002. Search and recommendation terms derived from the available metadata include: kitchen, privileges, memoir, clark, mystery, thriller.",English,"kitchen, privileges, memoir, clark, mystery, thriller",http://images.amazon.com/images/P/0743206053.01.MZZZZZZZ.jpg
0688169678,We Are Our Mothers' Daughters,Cokie Roberts,2000,Perennial,General Fiction,"Bibliographic summary: “We Are Our Mothers' Daughters” is classified as General Fiction and was written by Cokie Roberts. It was published by Perennial in 2000. Search and recommendation terms derived from the available metadata include: mothers, daughters, roberts, general, fiction.",English,"mothers, daughters, roberts, general, fiction",http://images.amazon.com/images/P/0688169678.01.MZZZZZZZ.jpg
0439319552,Horus's Horrible Day (First Graders from Mars),Shana Corey,2001,Scholastic,General Fiction,"Bibliographic summary: “Horus's Horrible Day (First Graders from Mars)” is classified as General Fiction and was written by Shana Corey. It was published by Scholastic in 2001. Search and recommendation terms derived from the available metadata include: horus's, horrible, day, first, graders, mars, corey, general, fiction.",English,"horus's, horrible, day, first, graders, mars, corey, general, fiction",http://images.amazon.com/images/P/0439319552.01.MZZZZZZZ.jpg
0590870157,My Garden (Beginning Literacy),Jesse S. Ostrow,1994,Scholastic,General Fiction,"Bibliographic summary: “My Garden (Beginning Literacy)” is classified as General Fiction and was written by Jesse S. Ostrow. It was published by Scholastic in 1994. Search and recommendation terms derived from the available metadata include: garden, beginning, literacy, ostrow, general, fiction.",English,"garden, beginning, literacy, ostrow, general, fiction",http://images.amazon.com/images/P/0590870157.01.MZZZZZZZ.jpg
0307001164,101 Dalmatians,Justine Korman,1996,Golden Books Publishing Company,General Fiction,"Bibliographic summary: “101 Dalmatians” is classified as General Fiction and was written by Justine Korman. It was published by Golden Books Publishing Company in 1996. Search and recommendation terms derived from the available metadata include: 101, dalmatians, korman, general, fiction.",English,"101, dalmatians, korman, general, fiction",http://images.amazon.com/images/P/0307001164.01.MZZZZZZZ.jpg
0440441501,In the Dinosaur's Paw (Kids of the Polk Street School),PATRICIA REILLY GIFF,1987,Yearling,Children & Young Adult,"Bibliographic summary: “In the Dinosaur's Paw (Kids of the Polk Street School)” is classified as Children & Young Adult and was written by PATRICIA REILLY GIFF. It was published by Yearling in 1987. Search and recommendation terms derived from the available metadata include: dinosaur's, paw, kids, polk, street, school, giff, children, young, adult.",English,"dinosaur's, paw, kids, polk, street, school, giff, children, young, adult",http://images.amazon.com/images/P/0440441501.01.MZZZZZZZ.jpg
0590687301,Ralph S. Mouse,Beverly Cleary,2000,Scholastic,General Fiction,"Bibliographic summary: “Ralph S. Mouse” is classified as General Fiction and was written by Beverly Cleary. It was published by Scholastic in 2000. Search and recommendation terms derived from the available metadata include: ralph, mouse, cleary, general, fiction.",English,"ralph, mouse, cleary, general, fiction",http://images.amazon.com/images/P/0590687301.01.MZZZZZZZ.jpg
0439061644,"The First Journey (Animorphs. Alternamorphs, 1)",K. A. Applegate,1999,Apple Signature (Scholastic),Travel & Geography,"Bibliographic summary: “The First Journey (Animorphs. Alternamorphs, 1)” is classified as Travel & Geography and was written by K. A. Applegate. It was published by Apple Signature (Scholastic) in 1999. Search and recommendation terms derived from the available metadata include: first, journey, animorphs, alternamorphs, applegate, travel, geography.",English,"first, journey, animorphs, alternamorphs, applegate, travel, geography",http://images.amazon.com/images/P/0439061644.01.MZZZZZZZ.jpg
0439569842,How Do Dinosaurs Learn to Read,Jane Yolen,2003,"Scholastic, Inc.",General Fiction,"Bibliographic summary: “How Do Dinosaurs Learn to Read” is classified as General Fiction and was written by Jane Yolen. It was published by Scholastic, Inc. in 2003. Search and recommendation terms derived from the available metadata include: how, dinosaurs, learn, read, yolen, general, fiction.",English,"how, dinosaurs, learn, read, yolen, general, fiction",http://images.amazon.com/images/P/0439569842.01.MZZZZZZZ.jpg
0307118703,My First Book about Space (Golden Look-Look Books (Paperback)),Dinah L. Moche,1997,Golden Books,Science Fiction,"Bibliographic summary: “My First Book about Space (Golden Look-Look Books (Paperback))” is classified as Science Fiction and was written by Dinah L. Moche. It was published by Golden Books in 1997. Search and recommendation terms derived from the available metadata include: first, space, golden, look, paperback, moche, science, fiction.",English,"first, space, golden, look, paperback, moche, science, fiction",http://images.amazon.com/images/P/0307118703.01.MZZZZZZZ.jpg
0590418858,You Be the Jury #02,Marvin Miller,1989,Scholastic,General Fiction,"Bibliographic summary: “You Be the Jury #02” is classified as General Fiction and was written by Marvin Miller. It was published by Scholastic in 1989. Search and recommendation terms derived from the available metadata include: you, jury, miller, general, fiction.",English,"you, jury, miller, general, fiction",http://images.amazon.com/images/P/0590418858.01.MZZZZZZZ.jpg
030720152X,Comic Characters,Craig Boldman,1983,Golden Books,General Fiction,"Bibliographic summary: “Comic Characters” is classified as General Fiction and was written by Craig Boldman. It was published by Golden Books in 1983. Search and recommendation terms derived from the available metadata include: comic, characters, boldman, general, fiction.",English,"comic, characters, boldman, general, fiction",http://images.amazon.com/images/P/030720152X.01.MZZZZZZZ.jpg
0816728739,The Time Machine (Troll Illustrated Classics),H. G. Wells,1992,Troll Communications Llc,General Fiction,"Bibliographic summary: “The Time Machine (Troll Illustrated Classics)” is classified as General Fiction and was written by H. G. Wells. It was published by Troll Communications Llc in 1992. Search and recommendation terms derived from the available metadata include: time, machine, troll, illustrated, classics, wells, general, fiction.",English,"time, machine, troll, illustrated, classics, wells, general, fiction",http://images.amazon.com/images/P/0816728739.01.MZZZZZZZ.jpg
0865050880,I Like School (in My World Series),Bobbie Kalman,1985,Crabtree Publishing Company,General Fiction,"Bibliographic summary: “I Like School (in My World Series)” is classified as General Fiction and was written by Bobbie Kalman. It was published by Crabtree Publishing Company in 1985. Search and recommendation terms derived from the available metadata include: like, school, world, series, kalman, general, fiction.",English,"like, school, world, series, kalman, general, fiction",http://images.amazon.com/images/P/0865050880.01.MZZZZZZZ.jpg
0812519655,Sacred Ground,Mercedes Lackey,1995,Tor Books,General Fiction,"Bibliographic summary: “Sacred Ground” is classified as General Fiction and was written by Mercedes Lackey. It was published by Tor Books in 1995. Search and recommendation terms derived from the available metadata include: sacred, ground, lackey, general, fiction.",English,"sacred, ground, lackey, general, fiction",http://images.amazon.com/images/P/0812519655.01.MZZZZZZZ.jpg
0812524853,Burning Water (Burning Water),Mercedes Lackey,1992,Tor Books,General Fiction,"Bibliographic summary: “Burning Water (Burning Water)” is classified as General Fiction and was written by Mercedes Lackey. It was published by Tor Books in 1992. Search and recommendation terms derived from the available metadata include: burning, water, lackey, general, fiction.",English,"burning, water, lackey, general, fiction",http://images.amazon.com/images/P/0812524853.01.MZZZZZZZ.jpg
0449211770,The Tightrope Walker,Dorothy Gilman,1997,Fawcett Books,General Fiction,"Bibliographic summary: “The Tightrope Walker” is classified as General Fiction and was written by Dorothy Gilman. It was published by Fawcett Books in 1997. Search and recommendation terms derived from the available metadata include: tightrope, walker, gilman, general, fiction.",English,"tightrope, walker, gilman, general, fiction",http://images.amazon.com/images/P/0449211770.01.MZZZZZZZ.jpg
193072229X,MoveOn's 50 Ways to Love Your Country: How to Find Your Political Voice and Become a Catalyst for Change,Moveon,2004,Inner Ocean Publishing,Romance,"Bibliographic summary: “MoveOn's 50 Ways to Love Your Country: How to Find Your Political Voice and Become a Catalyst for Change” is classified as Romance and was written by Moveon. It was published by Inner Ocean Publishing in 2004. Search and recommendation terms derived from the available metadata include: moveon's, ways, love, country, how, find, political, voice, become, catalyst.",English,"moveon's, ways, love, country, how, find, political, voice, become, catalyst",http://images.amazon.com/images/P/193072229X.01.MZZZZZZZ.jpg
0812521129,Children of the Night,Mercedes Lackey,1990,Tor Books,Children & Young Adult,"Bibliographic summary: “Children of the Night” is classified as Children & Young Adult and was written by Mercedes Lackey. It was published by Tor Books in 1990. Search and recommendation terms derived from the available metadata include: children, night, lackey, young, adult.",English,"children, night, lackey, young, adult",http://images.amazon.com/images/P/0812521129.01.MZZZZZZZ.jpg
1400077826,Cold Mountain (MTI) (Vintage Contemporaries),CHARLES FRAZIER,2003,Vintage,General Fiction,"Bibliographic summary: “Cold Mountain (MTI) (Vintage Contemporaries)” is classified as General Fiction and was written by CHARLES FRAZIER. It was published by Vintage in 2003. Search and recommendation terms derived from the available metadata include: cold, mountain, mti, vintage, contemporaries, frazier, general, fiction.",English,"cold, mountain, mti, vintage, contemporaries, frazier, general, fiction",http://images.amazon.com/images/P/1400077826.01.MZZZZZZZ.jpg
0312995431,A Fountain Filled With Blood (A Rev. Clare Ferguson Mystery),Julia Spencer-Fleming,2004,St. Martin's Paperbacks,Mystery & Thriller,"Bibliographic summary: “A Fountain Filled With Blood (A Rev. Clare Ferguson Mystery)” is classified as Mystery & Thriller and was written by Julia Spencer-Fleming. It was published by St. Martin's Paperbacks in 2004. Search and recommendation terms derived from the available metadata include: fountain, filled, blood, rev, clare, ferguson, mystery, fleming, thriller.",English,"fountain, filled, blood, rev, clare, ferguson, mystery, fleming, thriller",http://images.amazon.com/images/P/0312995431.01.MZZZZZZZ.jpg
0312312628,Out of the Deep I Cry : A Clare Fergusson/Russ Van Alstyne Mystery,Julia Spencer-Fleming,2004,St. Martin's Minotaur,Mystery & Thriller,"Bibliographic summary: “Out of the Deep I Cry : A Clare Fergusson/Russ Van Alstyne Mystery” is classified as Mystery & Thriller and was written by Julia Spencer-Fleming. It was published by St. Martin's Minotaur in 2004. Search and recommendation terms derived from the available metadata include: out, deep, cry, clare, fergusson, russ, van, alstyne, mystery, fleming.",English,"out, deep, cry, clare, fergusson, russ, van, alstyne, mystery, fleming",http://images.amazon.com/images/P/0312312628.01.MZZZZZZZ.jpg
0446394521,Daisy Fay and the Miracle Man,Fannie Flagg,1992,Warner Books,History,"Bibliographic summary: “Daisy Fay and the Miracle Man” is classified as History and was written by Fannie Flagg. It was published by Warner Books in 1992. Search and recommendation terms derived from the available metadata include: daisy, fay, miracle, man, flagg, history.",English,"daisy, fay, miracle, man, flagg, history",http://images.amazon.com/images/P/0446394521.01.MZZZZZZZ.jpg
068484267X,Angela's Ashes: A Memoir,Frank McCourt,1999,Scribner,Biography & Memoir,"Bibliographic summary: “Angela's Ashes: A Memoir” is classified as Biography & Memoir and was written by Frank McCourt. It was published by Scribner in 1999. Search and recommendation terms derived from the available metadata include: angela's, ashes, memoir, mccourt, biography.",English,"angela's, ashes, memoir, mccourt, biography",http://images.amazon.com/images/P/068484267X.01.MZZZZZZZ.jpg
0553578693,The Next Accident,LISA GARDNER,2002,Bantam,General Fiction,"Bibliographic summary: “The Next Accident” is classified as General Fiction and was written by LISA GARDNER. It was published by Bantam in 2002. Search and recommendation terms derived from the available metadata include: next, accident, gardner, general, fiction.",English,"next, accident, gardner, general, fiction",http://images.amazon.com/images/P/0553578693.01.MZZZZZZZ.jpg
0380709260,Socks (Cleary Reissue),Beverly Cleary,1990,HarperTrophy,General Fiction,"Bibliographic summary: “Socks (Cleary Reissue)” is classified as General Fiction and was written by Beverly Cleary. It was published by HarperTrophy in 1990. Search and recommendation terms derived from the available metadata include: socks, cleary, reissue, general, fiction.",English,"socks, cleary, reissue, general, fiction",http://images.amazon.com/images/P/0380709260.01.MZZZZZZZ.jpg
0807565288,"The Pet Shop Mystery (Boxcar Children Special (Paper), No 7)",Gertrude Chandler Warner,1996,Albert Whitman & Company,Children & Young Adult,"Bibliographic summary: “The Pet Shop Mystery (Boxcar Children Special (Paper), No 7)” is classified as Children & Young Adult and was written by Gertrude Chandler Warner. It was published by Albert Whitman & Company in 1996. Search and recommendation terms derived from the available metadata include: pet, shop, mystery, boxcar, children, special, paper, warner, young, adult.",English,"pet, shop, mystery, boxcar, children, special, paper, warner, young, adult",http://images.amazon.com/images/P/0807565288.01.MZZZZZZZ.jpg
0312986769,In the Bleak Midwinter (A Rev. Clare Ferguson Mystery),Julia Spencer-Fleming,2003,St. Martin's Minotaur,Mystery & Thriller,"Bibliographic summary: “In the Bleak Midwinter (A Rev. Clare Ferguson Mystery)” is classified as Mystery & Thriller and was written by Julia Spencer-Fleming. It was published by St. Martin's Minotaur in 2003. Search and recommendation terms derived from the available metadata include: bleak, midwinter, rev, clare, ferguson, mystery, fleming, thriller.",English,"bleak, midwinter, rev, clare, ferguson, mystery, fleming, thriller",http://images.amazon.com/images/P/0312986769.01.MZZZZZZZ.jpg
0061096091,Eyeshot,Lynn S. Hightower,1997,Harper Mass Market Paperbacks (Mm),General Fiction,"Bibliographic summary: “Eyeshot” is classified as General Fiction and was written by Lynn S. Hightower. It was published by Harper Mass Market Paperbacks (Mm) in 1997. Search and recommendation terms derived from the available metadata include: eyeshot, hightower, general, fiction.",English,"eyeshot, hightower, general, fiction",http://images.amazon.com/images/P/0061096091.01.MZZZZZZZ.jpg
0345369068,"If Ever I Return, Pretty Peggy-O",Sharyn McCrumb,1991,Fawcett Books,General Fiction,"Bibliographic summary: “If Ever I Return, Pretty Peggy-O” is classified as General Fiction and was written by Sharyn McCrumb. It was published by Fawcett Books in 1991. Search and recommendation terms derived from the available metadata include: ever, return, pretty, peggy, mccrumb, general, fiction.",English,"ever, return, pretty, peggy, mccrumb, general, fiction",http://images.amazon.com/images/P/0345369068.01.MZZZZZZZ.jpg
0451184718,The Rosewood Casket,Sharyn McCrumb,1997,Signet Book,General Fiction,"Bibliographic summary: “The Rosewood Casket” is classified as General Fiction and was written by Sharyn McCrumb. It was published by Signet Book in 1997. Search and recommendation terms derived from the available metadata include: rosewood, casket, mccrumb, general, fiction.",English,"rosewood, casket, mccrumb, general, fiction",http://images.amazon.com/images/P/0451184718.01.MZZZZZZZ.jpg
0449209121,The Amazing Mrs. Pollifax,Dorothy Gilman,1992,Fawcett Books,General Fiction,"Bibliographic summary: “The Amazing Mrs. Pollifax” is classified as General Fiction and was written by Dorothy Gilman. It was published by Fawcett Books in 1992. Search and recommendation terms derived from the available metadata include: amazing, mrs, pollifax, gilman, general, fiction.",English,"amazing, mrs, pollifax, gilman, general, fiction",http://images.amazon.com/images/P/0449209121.01.MZZZZZZZ.jpg
0060938455,Fast Food Nation: The Dark Side of the All-American Meal,Eric Schlosser,2002,Perennial,Cooking & Food,"Bibliographic summary: “Fast Food Nation: The Dark Side of the All-American Meal” is classified as Cooking & Food and was written by Eric Schlosser. It was published by Perennial in 2002. Search and recommendation terms derived from the available metadata include: fast, food, nation, dark, side, all, american, meal, schlosser, cooking.",English,"fast, food, nation, dark, side, all, american, meal, schlosser, cooking",http://images.amazon.com/images/P/0060938455.01.MZZZZZZZ.jpg
080411952X,The Unsung Hero,Suzanne Brockmann,2000,Ivy Books,General Fiction,"Bibliographic summary: “The Unsung Hero” is classified as General Fiction and was written by Suzanne Brockmann. It was published by Ivy Books in 2000. Search and recommendation terms derived from the available metadata include: unsung, hero, brockmann, general, fiction.",English,"unsung, hero, brockmann, general, fiction",http://images.amazon.com/images/P/080411952X.01.MZZZZZZZ.jpg
0060575808,"Two Princesses of Bamarre, The",Gail Carson Levine,2004,Eos,General Fiction,"Bibliographic summary: “Two Princesses of Bamarre, The” is classified as General Fiction and was written by Gail Carson Levine. It was published by Eos in 2004. Search and recommendation terms derived from the available metadata include: two, princesses, bamarre, levine, general, fiction.",English,"two, princesses, bamarre, levine, general, fiction",http://images.amazon.com/images/P/0060575808.01.MZZZZZZZ.jpg
0060558865,Ella Enchanted (rack),Gail Carson Levine,2004,Avon,Fantasy,"Bibliographic summary: “Ella Enchanted (rack)” is classified as Fantasy and was written by Gail Carson Levine. It was published by Avon in 2004. Search and recommendation terms derived from the available metadata include: ella, enchanted, rack, levine, fantasy.",English,"ella, enchanted, rack, levine, fantasy",http://images.amazon.com/images/P/0060558865.01.MZZZZZZZ.jpg
0767912918,Passing for Thin : Losing Half My Weight and Finding My Self,FRANCES KUFFEL,2004,Broadway,General Fiction,"Bibliographic summary: “Passing for Thin : Losing Half My Weight and Finding My Self” is classified as General Fiction and was written by FRANCES KUFFEL. It was published by Broadway in 2004. Search and recommendation terms derived from the available metadata include: passing, thin, losing, half, weight, finding, self, kuffel, general, fiction.",English,"passing, thin, losing, half, weight, finding, self, kuffel, general, fiction",http://images.amazon.com/images/P/0767912918.01.MZZZZZZZ.jpg
0553298860,Bloodlines (Dog Lover's Mysteries),Susan Conant,1994,Bantam Books,Romance,"Bibliographic summary: “Bloodlines (Dog Lover's Mysteries)” is classified as Romance and was written by Susan Conant. It was published by Bantam Books in 1994. Search and recommendation terms derived from the available metadata include: bloodlines, dog, lover's, mysteries, conant, romance.",English,"bloodlines, dog, lover's, mysteries, conant, romance",http://images.amazon.com/images/P/0553298860.01.MZZZZZZZ.jpg
0385335679,Kissing in Manhattan,DAVID SCHICKLER,2002,Delta,Romance,"Bibliographic summary: “Kissing in Manhattan” is classified as Romance and was written by DAVID SCHICKLER. It was published by Delta in 2002. Search and recommendation terms derived from the available metadata include: kissing, manhattan, schickler, romance.",English,"kissing, manhattan, schickler, romance",http://images.amazon.com/images/P/0385335679.01.MZZZZZZZ.jpg
0440122090,Echoes,Maeve Binchy,1989,Dell,General Fiction,"Bibliographic summary: “Echoes” is classified as General Fiction and was written by Maeve Binchy. It was published by Dell in 1989. Search and recommendation terms derived from the available metadata include: echoes, binchy, general, fiction.",English,"echoes, binchy, general, fiction",http://images.amazon.com/images/P/0440122090.01.MZZZZZZZ.jpg
0671525832,Someone to Watch Over Me : A Novel,Judith McNaught,2003,Pocket,Romance,"Bibliographic summary: “Someone to Watch Over Me : A Novel” is classified as Romance and was written by Judith McNaught. It was published by Pocket in 2003. Search and recommendation terms derived from the available metadata include: someone, watch, mcnaught, romance.",English,"someone, watch, mcnaught, romance",http://images.amazon.com/images/P/0671525832.01.MZZZZZZZ.jpg
0553279572,The Toynbee Convector,Ray Bradbury,1989,Spectra Books,Science Fiction,"Bibliographic summary: “The Toynbee Convector” is classified as Science Fiction and was written by Ray Bradbury. It was published by Spectra Books in 1989. Search and recommendation terms derived from the available metadata include: toynbee, convector, bradbury, science, fiction.",English,"toynbee, convector, bradbury, science, fiction",http://images.amazon.com/images/P/0553279572.01.MZZZZZZZ.jpg
0061009059,One for the Money (Stephanie Plum Novels (Paperback)),Janet Evanovich,1995,HarperTorch,Business & Economics,"Bibliographic summary: “One for the Money (Stephanie Plum Novels (Paperback))” is classified as Business & Economics and was written by Janet Evanovich. It was published by HarperTorch in 1995. Search and recommendation terms derived from the available metadata include: one, money, stephanie, plum, novels, paperback, evanovich, business, economics.",English,"one, money, stephanie, plum, novels, paperback, evanovich, business, economics",http://images.amazon.com/images/P/0061009059.01.MZZZZZZZ.jpg
0060930187,The Bell Jar : A Novel (Perennial Classics),Sylvia Plath,2000,Perennial,General Fiction,"Bibliographic summary: “The Bell Jar : A Novel (Perennial Classics)” is classified as General Fiction and was written by Sylvia Plath. It was published by Perennial in 2000. Search and recommendation terms derived from the available metadata include: bell, jar, perennial, classics, plath, general, fiction.",English,"bell, jar, perennial, classics, plath, general, fiction",http://images.amazon.com/images/P/0060930187.01.MZZZZZZZ.jpg
0516076272,A polar bear called Pingo,Ilona Koidahl,1974,Childrens Press,Children & Young Adult,"Bibliographic summary: “A polar bear called Pingo” is classified as Children & Young Adult and was written by Ilona Koidahl. It was published by Childrens Press in 1974. Search and recommendation terms derived from the available metadata include: polar, bear, called, pingo, koidahl, children, young, adult.",English,"polar, bear, called, pingo, koidahl, children, young, adult",http://images.amazon.com/images/P/0516076272.01.MZZZZZZZ.jpg
0679450432,Dark Lady,Richard North Patterson,1999,Alfred A. Knopf,General Fiction,"Bibliographic summary: “Dark Lady” is classified as General Fiction and was written by Richard North Patterson. It was published by Alfred A. Knopf in 1999. Search and recommendation terms derived from the available metadata include: dark, lady, patterson, general, fiction.",English,"dark, lady, patterson, general, fiction",http://images.amazon.com/images/P/0679450432.01.MZZZZZZZ.jpg
0821775863,The Future Scrolls,Fern Michaels,2003,Zebra Books,General Fiction,"Bibliographic summary: “The Future Scrolls” is classified as General Fiction and was written by Fern Michaels. It was published by Zebra Books in 2003. Search and recommendation terms derived from the available metadata include: future, scrolls, michaels, general, fiction.",English,"future, scrolls, michaels, general, fiction",http://images.amazon.com/images/P/0821775863.01.MZZZZZZZ.jpg
0821770209,About Face,Fern Michaels,2003,Zebra Books,General Fiction,"Bibliographic summary: “About Face” is classified as General Fiction and was written by Fern Michaels. It was published by Zebra Books in 2003. Search and recommendation terms derived from the available metadata include: face, michaels, general, fiction.",English,"face, michaels, general, fiction",http://images.amazon.com/images/P/0821770209.01.MZZZZZZZ.jpg
0670855758,Tarot Says Beware (A Herculeah Jones Mystery),Betsy Byars,1995,Viking Books,Mystery & Thriller,"Bibliographic summary: “Tarot Says Beware (A Herculeah Jones Mystery)” is classified as Mystery & Thriller and was written by Betsy Byars. It was published by Viking Books in 1995. Search and recommendation terms derived from the available metadata include: tarot, says, beware, herculeah, jones, mystery, byars, thriller.",English,"tarot, says, beware, herculeah, jones, mystery, byars, thriller",http://images.amazon.com/images/P/0670855758.01.MZZZZZZZ.jpg
0553562819,Globalhead,Bruce Sterling,1994,Spectra Books,General Fiction,"Bibliographic summary: “Globalhead” is classified as General Fiction and was written by Bruce Sterling. It was published by Spectra Books in 1994. Search and recommendation terms derived from the available metadata include: globalhead, sterling, general, fiction.",English,"globalhead, sterling, general, fiction",http://images.amazon.com/images/P/0553562819.01.MZZZZZZZ.jpg
0446364193,Along Came a Spider (Alex Cross Novels),James Patterson,1993,Warner Books,Mystery & Thriller,"Bibliographic summary: “Along Came a Spider (Alex Cross Novels)” is classified as Mystery & Thriller and was written by James Patterson. It was published by Warner Books in 1993. Search and recommendation terms derived from the available metadata include: along, came, spider, alex, cross, novels, patterson, mystery, thriller.",English,"along, came, spider, alex, cross, novels, patterson, mystery, thriller",http://images.amazon.com/images/P/0446364193.01.MZZZZZZZ.jpg
0446519138,Simple Abundance:  A Daybook of Comfort and Joy,Sarah Ban Breathnach,1995,Warner Books,History,"Bibliographic summary: “Simple Abundance: A Daybook of Comfort and Joy” is classified as History and was written by Sarah Ban Breathnach. It was published by Warner Books in 1995. Search and recommendation terms derived from the available metadata include: simple, abundance, daybook, comfort, joy, breathnach, history.",English,"simple, abundance, daybook, comfort, joy, breathnach, history",http://images.amazon.com/images/P/0446519138.01.MZZZZZZZ.jpg
0425179672,The River King,Alice Hoffman,2001,Berkley Publishing Group,General Fiction,"Bibliographic summary: “The River King” is classified as General Fiction and was written by Alice Hoffman. It was published by Berkley Publishing Group in 2001. Search and recommendation terms derived from the available metadata include: river, king, hoffman, general, fiction.",English,"river, king, hoffman, general, fiction",http://images.amazon.com/images/P/0425179672.01.MZZZZZZZ.jpg
0061042943,Final Appeal,Lisa Scottoline,1994,HarperTorch,General Fiction,"Bibliographic summary: “Final Appeal” is classified as General Fiction and was written by Lisa Scottoline. It was published by HarperTorch in 1994. Search and recommendation terms derived from the available metadata include: final, appeal, scottoline, general, fiction.",English,"final, appeal, scottoline, general, fiction",http://images.amazon.com/images/P/0061042943.01.MZZZZZZZ.jpg
0399144463,Who Moved My Cheese? An Amazing Way to Deal with Change in Your Work and in Your Life,Spencer Johnson,1998,Putnam Pub Group (Paper),General Fiction,"Bibliographic summary: “Who Moved My Cheese? An Amazing Way to Deal with Change in Your Work and in Your Life” is classified as General Fiction and was written by Spencer Johnson. It was published by Putnam Pub Group (Paper) in 1998. Search and recommendation terms derived from the available metadata include: who, moved, cheese, amazing, way, deal, change, work, life, johnson.",English,"who, moved, cheese, amazing, way, deal, change, work, life, johnson",http://images.amazon.com/images/P/0399144463.01.MZZZZZZZ.jpg
0965404560,Atonement,Ian McEwan,2002,Nan A. Talese,General Fiction,"Bibliographic summary: “Atonement” is classified as General Fiction and was written by Ian McEwan. It was published by Nan A. Talese in 2002. Search and recommendation terms derived from the available metadata include: atonement, mcewan, general, fiction.",English,"atonement, mcewan, general, fiction",http://images.amazon.com/images/P/0965404560.01.MZZZZZZZ.jpg
006015781X,Why Do Clocks Run Clockwise? and Other Imponderables: Mysteries of Everyday Life Explained,David Feldman,1987,Harpercollins,General Fiction,"Bibliographic summary: “Why Do Clocks Run Clockwise? and Other Imponderables: Mysteries of Everyday Life Explained” is classified as General Fiction and was written by David Feldman. It was published by Harpercollins in 1987. Search and recommendation terms derived from the available metadata include: why, clocks, run, clockwise, other, imponderables, mysteries, everyday, life, explained.",English,"why, clocks, run, clockwise, other, imponderables, mysteries, everyday, life, explained",http://images.amazon.com/images/P/006015781X.01.MZZZZZZZ.jpg
0060930705,Someone to Watch Over Me : Stories,Richard Bausch,2000,Perennial,General Fiction,"Bibliographic summary: “Someone to Watch Over Me : Stories” is classified as General Fiction and was written by Richard Bausch. It was published by Perennial in 2000. Search and recommendation terms derived from the available metadata include: someone, watch, stories, bausch, general, fiction.",English,"someone, watch, stories, bausch, general, fiction",http://images.amazon.com/images/P/0060930705.01.MZZZZZZZ.jpg
0312206763,Stately Pursuits,Katie Fforde,1999,Griffin Trade Paperback,General Fiction,"Bibliographic summary: “Stately Pursuits” is classified as General Fiction and was written by Katie Fforde. It was published by Griffin Trade Paperback in 1999. Search and recommendation terms derived from the available metadata include: stately, pursuits, fforde, general, fiction.",English,"stately, pursuits, fforde, general, fiction",http://images.amazon.com/images/P/0312206763.01.MZZZZZZZ.jpg
0316116025,The Pinball Effect: How Renaissance Water Gardens Made the Carburetor Possible-And Other Journeys Through Knowledge (Pinball Effect),James Burke,1996,Little Brown & Co,History,"Bibliographic summary: “The Pinball Effect: How Renaissance Water Gardens Made the Carburetor Possible-And Other Journeys Through Knowledge (Pinball Effect)” is classified as History and was written by James Burke. It was published by Little Brown & Co in 1996. Search and recommendation terms derived from the available metadata include: pinball, effect, how, renaissance, water, gardens, made, carburetor, possible, other.",English,"pinball, effect, how, renaissance, water, gardens, made, carburetor, possible, other",http://images.amazon.com/images/P/0316116025.01.MZZZZZZZ.jpg
0156013967,"My Father, Dancing (Harvest Book)",Bliss Broyard,2000,Harvest Books,General Fiction,"Bibliographic summary: “My Father, Dancing (Harvest Book)” is classified as General Fiction and was written by Bliss Broyard. It was published by Harvest Books in 2000. Search and recommendation terms derived from the available metadata include: father, dancing, harvest, broyard, general, fiction.",English,"father, dancing, harvest, broyard, general, fiction",http://images.amazon.com/images/P/0156013967.01.MZZZZZZZ.jpg
0385314019,Women on the Case,Sara Paretsky,1996,Bantam Dell Pub Group,General Fiction,"Bibliographic summary: “Women on the Case” is classified as General Fiction and was written by Sara Paretsky. It was published by Bantam Dell Pub Group in 1996. Search and recommendation terms derived from the available metadata include: women, case, paretsky, general, fiction.",English,"women, case, paretsky, general, fiction",http://images.amazon.com/images/P/0385314019.01.MZZZZZZZ.jpg
0743444167,New Cardiff,Charles Webb,2002,Washington Square Press,General Fiction,"Bibliographic summary: “New Cardiff” is classified as General Fiction and was written by Charles Webb. It was published by Washington Square Press in 2002. Search and recommendation terms derived from the available metadata include: new, cardiff, webb, general, fiction.",English,"new, cardiff, webb, general, fiction",http://images.amazon.com/images/P/0743444167.01.MZZZZZZZ.jpg
0618231617,Almost: A Novel,Elizabeth Benedict,2002,Mariner Books,General Fiction,"Bibliographic summary: “Almost: A Novel” is classified as General Fiction and was written by Elizabeth Benedict. It was published by Mariner Books in 2002. Search and recommendation terms derived from the available metadata include: almost, benedict, general, fiction.",English,"almost, benedict, general, fiction",http://images.amazon.com/images/P/0618231617.01.MZZZZZZZ.jpg
1567920047,A Tally of Types: With Additions by Several Hands ; And With a New Introduction by Mike Parker,Stanley Morison,1999,David R. Godine Publisher,Religion & Spirituality,"Bibliographic summary: “A Tally of Types: With Additions by Several Hands ; And With a New Introduction by Mike Parker” is classified as Religion & Spirituality and was written by Stanley Morison. It was published by David R. Godine Publisher in 1999. Search and recommendation terms derived from the available metadata include: tally, types, additions, several, hands, new, introduction, mike, parker, morison.",English,"tally, types, additions, several, hands, new, introduction, mike, parker, morison",http://images.amazon.com/images/P/1567920047.01.MZZZZZZZ.jpg
0811203220,Stand Still Like the Hummingbird,Henry Miller,1962,New Directions Publishing Corporation,General Fiction,"Bibliographic summary: “Stand Still Like the Hummingbird” is classified as General Fiction and was written by Henry Miller. It was published by New Directions Publishing Corporation in 1962. Search and recommendation terms derived from the available metadata include: stand, still, like, hummingbird, miller, general, fiction.",English,"stand, still, like, hummingbird, miller, general, fiction",http://images.amazon.com/images/P/0811203220.01.MZZZZZZZ.jpg
1573229148,Crossing the Unknown Sea: Work As a Pilgrimage of Identity,David Whyte,2002,Riverhead Books,General Fiction,"Bibliographic summary: “Crossing the Unknown Sea: Work As a Pilgrimage of Identity” is classified as General Fiction and was written by David Whyte. It was published by Riverhead Books in 2002. Search and recommendation terms derived from the available metadata include: crossing, unknown, sea, work, pilgrimage, identity, whyte, general, fiction.",Portuguese,"crossing, unknown, sea, work, pilgrimage, identity, whyte, general, fiction",http://images.amazon.com/images/P/1573229148.01.MZZZZZZZ.jpg
0787955671,The Future of Leadership: Today's Top Leadership Thinkers Speak to Tomorrow's Leaders,Warren  Bennis,2001,Jossey-Bass,History,"Bibliographic summary: “The Future of Leadership: Today's Top Leadership Thinkers Speak to Tomorrow's Leaders” is classified as History and was written by Warren Bennis. It was published by Jossey-Bass in 2001. Search and recommendation terms derived from the available metadata include: future, leadership, today's, top, thinkers, speak, tomorrow's, leaders, bennis, history.",English,"future, leadership, today's, top, thinkers, speak, tomorrow's, leaders, bennis, history",http://images.amazon.com/images/P/0787955671.01.MZZZZZZZ.jpg
0425174484,"Expecting Adam: A True Story of Birth, Rebirth, and Everyday Magic",Martha Beck,2000,Berkley Publishing Group,Fantasy,"Bibliographic summary: “Expecting Adam: A True Story of Birth, Rebirth, and Everyday Magic” is classified as Fantasy and was written by Martha Beck. It was published by Berkley Publishing Group in 2000. Search and recommendation terms derived from the available metadata include: expecting, adam, true, story, birth, rebirth, everyday, magic, beck, fantasy.",English,"expecting, adam, true, story, birth, rebirth, everyday, magic, beck, fantasy",http://images.amazon.com/images/P/0425174484.01.MZZZZZZZ.jpg
0385496907,No Future Without Forgiveness,Desmond Mpilo Tutu,2000,Image,General Fiction,"Bibliographic summary: “No Future Without Forgiveness” is classified as General Fiction and was written by Desmond Mpilo Tutu. It was published by Image in 2000. Search and recommendation terms derived from the available metadata include: future, forgiveness, tutu, general, fiction.",English,"future, forgiveness, tutu, general, fiction",http://images.amazon.com/images/P/0385496907.01.MZZZZZZZ.jpg
0446523992,"A Call to Conscience : The Landmark Speeches of Dr. Martin Luther King, Jr.",Kris Shepard,2001,Warner Books,History,"Bibliographic summary: “A Call to Conscience : The Landmark Speeches of Dr. Martin Luther King, Jr.” is classified as History and was written by Kris Shepard. It was published by Warner Books in 2001. Search and recommendation terms derived from the available metadata include: call, conscience, landmark, speeches, martin, luther, king, shepard, history.",English,"call, conscience, landmark, speeches, martin, luther, king, shepard, history",http://images.amazon.com/images/P/0446523992.01.MZZZZZZZ.jpg
0140185216,On the Road (Penguin 20th Century Classics),Jack Kerouac,1998,Penguin USA (Paper),History,"Bibliographic summary: “On the Road (Penguin 20th Century Classics)” is classified as History and was written by Jack Kerouac. It was published by Penguin USA (Paper) in 1998. Search and recommendation terms derived from the available metadata include: road, penguin, 20th, century, classics, kerouac, history.",English,"road, penguin, 20th, century, classics, kerouac, history",http://images.amazon.com/images/P/0140185216.01.MZZZZZZZ.jpg
0684717255,I And Thou,Martin Buber,1971,Free Press,Art & Photography,"Bibliographic summary: “I And Thou” is classified as Art & Photography and was written by Martin Buber. It was published by Free Press in 1971. Search and recommendation terms derived from the available metadata include: thou, buber, art, photography.",English,"thou, buber, art, photography",http://images.amazon.com/images/P/0684717255.01.MZZZZZZZ.jpg
0486272745,The Prince (Dover Thrift Editions),NiccolÃ² Machiavelli,1992,Dover Publications,General Fiction,"Bibliographic summary: “The Prince (Dover Thrift Editions)” is classified as General Fiction and was written by NiccolÃ² Machiavelli. It was published by Dover Publications in 1992. Search and recommendation terms derived from the available metadata include: prince, dover, thrift, editions, machiavelli, general, fiction.",English,"prince, dover, thrift, editions, machiavelli, general, fiction",http://images.amazon.com/images/P/0486272745.01.MZZZZZZZ.jpg
8807120194,"Sarajevo, maybe (Anni Novanta/Feltrinelli)",Gianfranco Bettin,1994,Feltrinelli,General Fiction,"Bibliographic summary: “Sarajevo, maybe (Anni Novanta/Feltrinelli)” is classified as General Fiction and was written by Gianfranco Bettin. It was published by Feltrinelli in 1994. Search and recommendation terms derived from the available metadata include: sarajevo, maybe, anni, novanta, feltrinelli, bettin, general, fiction.",English,"sarajevo, maybe, anni, novanta, feltrinelli, bettin, general, fiction",http://images.amazon.com/images/P/8807120194.01.MZZZZZZZ.jpg
0062507249,Becoming a Man : Half a Life Story,Paul Monette,1993,HarperSanFrancisco,General Fiction,"Bibliographic summary: “Becoming a Man : Half a Life Story” is classified as General Fiction and was written by Paul Monette. It was published by HarperSanFrancisco in 1993. Search and recommendation terms derived from the available metadata include: becoming, man, half, life, story, monette, general, fiction.",English,"becoming, man, half, life, story, monette, general, fiction",http://images.amazon.com/images/P/0062507249.01.MZZZZZZZ.jpg
0684801221,OLD MAN AND THE SEA,Ernest Hemingway,1995,Scribner,General Fiction,"Bibliographic summary: “OLD MAN AND THE SEA” is classified as General Fiction and was written by Ernest Hemingway. It was published by Scribner in 1995. Search and recommendation terms derived from the available metadata include: old, man, sea, hemingway, general, fiction.",English,"old, man, sea, hemingway, general, fiction",http://images.amazon.com/images/P/0684801221.01.MZZZZZZZ.jpg
1576737357,Diary of a Teenage Girl - Becoming Me : Diary Number 1 (Diary of a Teenage Girl),Melody Carlson,2000,Multnomah,Children & Young Adult,"Bibliographic summary: “Diary of a Teenage Girl - Becoming Me : Diary Number 1 (Diary of a Teenage Girl)” is classified as Children & Young Adult and was written by Melody Carlson. It was published by Multnomah in 2000. Search and recommendation terms derived from the available metadata include: diary, teenage, girl, becoming, number, carlson, children, young, adult.",English,"diary, teenage, girl, becoming, number, carlson, children, young, adult",http://images.amazon.com/images/P/1576737357.01.MZZZZZZZ.jpg
0060083298,The Dominant Blonde,Alisa Kwitney,2002,Avon Trade,General Fiction,"Bibliographic summary: “The Dominant Blonde” is classified as General Fiction and was written by Alisa Kwitney. It was published by Avon Trade in 2002. Search and recommendation terms derived from the available metadata include: dominant, blonde, kwitney, general, fiction.",English,"dominant, blonde, kwitney, general, fiction",http://images.amazon.com/images/P/0060083298.01.MZZZZZZZ.jpg
0446672211,Where the Heart Is (Oprah's Book Club (Paperback)),Billie Letts,1998,Warner Books,Romance,"Bibliographic summary: “Where the Heart Is (Oprah's Book Club (Paperback))” is classified as Romance and was written by Billie Letts. It was published by Warner Books in 1998. Search and recommendation terms derived from the available metadata include: where, heart, oprah's, club, paperback, letts, romance.",English,"where, heart, oprah's, club, paperback, letts, romance",http://images.amazon.com/images/P/0446672211.01.MZZZZZZZ.jpg
0140293248,The Girls' Guide to Hunting and Fishing,Melissa Bank,2000,Penguin Books,Travel & Geography,"Bibliographic summary: “The Girls' Guide to Hunting and Fishing” is classified as Travel & Geography and was written by Melissa Bank. It was published by Penguin Books in 2000. Search and recommendation terms derived from the available metadata include: girls, guide, hunting, fishing, bank, travel, geography.",English,"girls, guide, hunting, fishing, bank, travel, geography",http://images.amazon.com/images/P/0140293248.01.MZZZZZZZ.jpg
0807070718,Rena's Promise: A Story of Sisters in Auschwitz,Rena Kornreich Gelissen,1996,Beacon Press,General Fiction,"Bibliographic summary: “Rena's Promise: A Story of Sisters in Auschwitz” is classified as General Fiction and was written by Rena Kornreich Gelissen. It was published by Beacon Press in 1996. Search and recommendation terms derived from the available metadata include: rena's, promise, story, sisters, auschwitz, gelissen, general, fiction.",English,"rena's, promise, story, sisters, auschwitz, gelissen, general, fiction",http://images.amazon.com/images/P/0807070718.01.MZZZZZZZ.jpg
0743213831,America the Beautiful: A Novel,Moon Unit Zappa,2001,Touchstone,General Fiction,"Bibliographic summary: “America the Beautiful: A Novel” is classified as General Fiction and was written by Moon Unit Zappa. It was published by Touchstone in 2001. Search and recommendation terms derived from the available metadata include: america, beautiful, zappa, general, fiction.",English,"america, beautiful, zappa, general, fiction",http://images.amazon.com/images/P/0743213831.01.MZZZZZZZ.jpg
0345305477,Easy Travel to Other Planets,Ted Mooney,1982,Ballantine Books,Science Fiction,"Bibliographic summary: “Easy Travel to Other Planets” is classified as Science Fiction and was written by Ted Mooney. It was published by Ballantine Books in 1982. Search and recommendation terms derived from the available metadata include: easy, travel, other, planets, mooney, science, fiction.",English,"easy, travel, other, planets, mooney, science, fiction",http://images.amazon.com/images/P/0345305477.01.MZZZZZZZ.jpg
0061080519,The Mist and the Magic (Harper Monogram),Susan Wiggs,1993,Harper Mass Market Paperbacks,Fantasy,"Bibliographic summary: “The Mist and the Magic (Harper Monogram)” is classified as Fantasy and was written by Susan Wiggs. It was published by Harper Mass Market Paperbacks in 1993. Search and recommendation terms derived from the available metadata include: mist, magic, harper, monogram, wiggs, fantasy.",English,"mist, magic, harper, monogram, wiggs, fantasy",http://images.amazon.com/images/P/0061080519.01.MZZZZZZZ.jpg
0142000205,Icy Sparks,Gwyn Hyman Rubio,2001,Penguin Books,General Fiction,"Bibliographic summary: “Icy Sparks” is classified as General Fiction and was written by Gwyn Hyman Rubio. It was published by Penguin Books in 2001. Search and recommendation terms derived from the available metadata include: icy, sparks, rubio, general, fiction.",English,"icy, sparks, rubio, general, fiction",http://images.amazon.com/images/P/0142000205.01.MZZZZZZZ.jpg
0316735027,The True and Outstanding Adventures of the Hunt Sisters: A Novel,Elisabeth Robinson,2004,"Little, Brown",General Fiction,"Bibliographic summary: “The True and Outstanding Adventures of the Hunt Sisters: A Novel” is classified as General Fiction and was written by Elisabeth Robinson. It was published by Little, Brown in 2004. Search and recommendation terms derived from the available metadata include: true, outstanding, adventures, hunt, sisters, robinson, general, fiction.",English,"true, outstanding, adventures, hunt, sisters, robinson, general, fiction",http://images.amazon.com/images/P/0316735027.01.MZZZZZZZ.jpg
193156146X,The Time Traveler's Wife,Audrey Niffenegger,2003,MacAdam/Cage Publishing,Science Fiction,"Bibliographic summary: “The Time Traveler's Wife” is classified as Science Fiction and was written by Audrey Niffenegger. It was published by MacAdam/Cage Publishing in 2003. Search and recommendation terms derived from the available metadata include: time, traveler's, wife, niffenegger, science, fiction.",English,"time, traveler's, wife, niffenegger, science, fiction",http://images.amazon.com/images/P/193156146X.01.MZZZZZZZ.jpg
015600710X,Strange Fits of Passion: A Novel,Anita Shreve,1999,Harvest Books,Romance,"Bibliographic summary: “Strange Fits of Passion: A Novel” is classified as Romance and was written by Anita Shreve. It was published by Harvest Books in 1999. Search and recommendation terms derived from the available metadata include: strange, fits, passion, shreve, romance.",English,"strange, fits, passion, shreve, romance",http://images.amazon.com/images/P/015600710X.01.MZZZZZZZ.jpg
0062517856,The Monk Downstairs: A Novel,Tim Farrington,2002,HarperSanFrancisco,General Fiction,"Bibliographic summary: “The Monk Downstairs: A Novel” is classified as General Fiction and was written by Tim Farrington. It was published by HarperSanFrancisco in 2002. Search and recommendation terms derived from the available metadata include: monk, downstairs, farrington, general, fiction.",English,"monk, downstairs, farrington, general, fiction",http://images.amazon.com/images/P/0062517856.01.MZZZZZZZ.jpg
0679767789,Lost in Place: Growing Up Absurd in Suburbia,Mark Salzman,1996,Vintage Books USA,General Fiction,"Bibliographic summary: “Lost in Place: Growing Up Absurd in Suburbia” is classified as General Fiction and was written by Mark Salzman. It was published by Vintage Books USA in 1996. Search and recommendation terms derived from the available metadata include: lost, place, growing, absurd, suburbia, salzman, general, fiction.",English,"lost, place, growing, absurd, suburbia, salzman, general, fiction",http://images.amazon.com/images/P/0679767789.01.MZZZZZZZ.jpg
0449911683,My Name Is Asher Lev,Chaim Potok,1996,Ballantine Books,General Fiction,"Bibliographic summary: “My Name Is Asher Lev” is classified as General Fiction and was written by Chaim Potok. It was published by Ballantine Books in 1996. Search and recommendation terms derived from the available metadata include: name, asher, lev, potok, general, fiction.",English,"name, asher, lev, potok, general, fiction",http://images.amazon.com/images/P/0449911683.01.MZZZZZZZ.jpg
0425169626,Waking the Dead,Scott Spencer,2000,Berkley Publishing Group,General Fiction,"Bibliographic summary: “Waking the Dead” is classified as General Fiction and was written by Scott Spencer. It was published by Berkley Publishing Group in 2000. Search and recommendation terms derived from the available metadata include: waking, dead, spencer, general, fiction.",English,"waking, dead, spencer, general, fiction",http://images.amazon.com/images/P/0425169626.01.MZZZZZZZ.jpg
0449207757,Davita's Harp,Chaim Potok,1990,Fawcett Books,General Fiction,"Bibliographic summary: “Davita's Harp” is classified as General Fiction and was written by Chaim Potok. It was published by Fawcett Books in 1990. Search and recommendation terms derived from the available metadata include: davita's, harp, potok, general, fiction.",English,"davita's, harp, potok, general, fiction",http://images.amazon.com/images/P/0449207757.01.MZZZZZZZ.jpg
0449245691,The Book of Lights,Chaim Potok,1997,Fawcett Books,General Fiction,"Bibliographic summary: “The Book of Lights” is classified as General Fiction and was written by Chaim Potok. It was published by Fawcett Books in 1997. Search and recommendation terms derived from the available metadata include: lights, potok, general, fiction.",English,"lights, potok, general, fiction",http://images.amazon.com/images/P/0449245691.01.MZZZZZZZ.jpg
0140029400,The Mimic Men,V. S. Naipaul,1992,Penguin USA,General Fiction,"Bibliographic summary: “The Mimic Men” is classified as General Fiction and was written by V. S. Naipaul. It was published by Penguin USA in 1992. Search and recommendation terms derived from the available metadata include: mimic, men, naipaul, general, fiction.",English,"mimic, men, naipaul, general, fiction",http://images.amazon.com/images/P/0140029400.01.MZZZZZZZ.jpg
0140021566,The Mystic Masseur,V.S. Naipaul,1993,Penguin USA,General Fiction,"Bibliographic summary: “The Mystic Masseur” is classified as General Fiction and was written by V.S. Naipaul. It was published by Penguin USA in 1993. Search and recommendation terms derived from the available metadata include: mystic, masseur, naipaul, general, fiction.",English,"mystic, masseur, naipaul, general, fiction",http://images.amazon.com/images/P/0140021566.01.MZZZZZZZ.jpg
2253004022,Regain,Jean Giono,1987,LGF,General Fiction,"Bibliographic summary: “Regain” is classified as General Fiction and was written by Jean Giono. It was published by LGF in 1987. Search and recommendation terms derived from the available metadata include: regain, giono, general, fiction.",English,"regain, giono, general, fiction",http://images.amazon.com/images/P/2253004022.01.MZZZZZZZ.jpg
2253005274,Le Grand Meaulnes (Classiques De Poche),Alain-Fournier,2000,Distribooks Inc,General Fiction,"Bibliographic summary: “Le Grand Meaulnes (Classiques De Poche)” is classified as General Fiction and was written by Alain-Fournier. It was published by Distribooks Inc in 2000. Search and recommendation terms derived from the available metadata include: grand, meaulnes, classiques, poche, fournier, general, fiction.",English,"grand, meaulnes, classiques, poche, fournier, general, fiction",http://images.amazon.com/images/P/2253005274.01.MZZZZZZZ.jpg
225300670X,A l'Ouest rien de nouveau,Erich Maria Remarque,1973,LGF,General Fiction,"Bibliographic summary: “A l'Ouest rien de nouveau” is classified as General Fiction and was written by Erich Maria Remarque. It was published by LGF in 1973. Search and recommendation terms derived from the available metadata include: l'ouest, rien, nouveau, remarque, general, fiction.",Portuguese,"l'ouest, rien, nouveau, remarque, general, fiction",http://images.amazon.com/images/P/225300670X.01.MZZZZZZZ.jpg
2266084372,Pourquoi j'ai mangÃ?Â© mon pÃ?Â¨re,Lewis,2000,Pocket,General Fiction,"Bibliographic summary: “Pourquoi j'ai mangÃ?Â© mon pÃ?Â¨re” is classified as General Fiction and was written by Lewis. It was published by Pocket in 2000. Search and recommendation terms derived from the available metadata include: pourquoi, j'ai, mangã, mon, lewis, general, fiction.",French,"pourquoi, j'ai, mangã, mon, lewis, general, fiction",http://images.amazon.com/images/P/2266084372.01.MZZZZZZZ.jpg
2266029460,Voyage d'une parisienne Ã?Â  Lhassa,Alexandra David-NÃ?Â©el,1989,Pocket,General Fiction,"Bibliographic summary: “Voyage d'une parisienne Ã?Â Lhassa” is classified as General Fiction and was written by Alexandra David-NÃ?Â©el. It was published by Pocket in 1989. Search and recommendation terms derived from the available metadata include: voyage, d'une, parisienne, lhassa, general, fiction.",French,"voyage, d'une, parisienne, lhassa, general, fiction",http://images.amazon.com/images/P/2266029460.01.MZZZZZZZ.jpg
2253007102,Les Fleurs Du Mal,C. Baudelaire,1972,Livre De Poche French,General Fiction,"Bibliographic summary: “Les Fleurs Du Mal” is classified as General Fiction and was written by C. Baudelaire. It was published by Livre De Poche French in 1972. Search and recommendation terms derived from the available metadata include: les, fleurs, mal, baudelaire, general, fiction.",French,"les, fleurs, mal, baudelaire, general, fiction",http://images.amazon.com/images/P/2253007102.01.MZZZZZZZ.jpg
2070417743,Chroniques martiennes,Ray Bradbury,2002,Gallimard,Science Fiction,"Bibliographic summary: “Chroniques martiennes” is classified as Science Fiction and was written by Ray Bradbury. It was published by Gallimard in 2002. Search and recommendation terms derived from the available metadata include: chroniques, martiennes, bradbury, science, fiction.",English,"chroniques, martiennes, bradbury, science, fiction",http://images.amazon.com/images/P/2070417743.01.MZZZZZZZ.jpg
2070384349,La Faute de l'abbÃ?Â© Mouret,Emile Zola,1991,Gallimard,General Fiction,"Bibliographic summary: “La Faute de l'abbÃ?Â© Mouret” is classified as General Fiction and was written by Emile Zola. It was published by Gallimard in 1991. Search and recommendation terms derived from the available metadata include: faute, l'abbã, mouret, zola, general, fiction.",French,"faute, l'abbã, mouret, zola, general, fiction",http://images.amazon.com/images/P/2070384349.01.MZZZZZZZ.jpg
207053880X,L'Homme Qui Plantait Des Arbres,Jean Giono,2002,Distribooks Inc,General Fiction,"Bibliographic summary: “L'Homme Qui Plantait Des Arbres” is classified as General Fiction and was written by Jean Giono. It was published by Distribooks Inc in 2002. Search and recommendation terms derived from the available metadata include: l'homme, qui, plantait, des, arbres, giono, general, fiction.",English,"l'homme, qui, plantait, des, arbres, giono, general, fiction",http://images.amazon.com/images/P/207053880X.01.MZZZZZZZ.jpg
2290314951,Paroles de Poilus : Lettres et carnets du front 1914-1918,Collectif,2001,J'ai lu,General Fiction,"Bibliographic summary: “Paroles de Poilus : Lettres et carnets du front 1914-1918” is classified as General Fiction and was written by Collectif. It was published by J'ai lu in 2001. Search and recommendation terms derived from the available metadata include: paroles, poilus, lettres, carnets, front, 1914, 1918, collectif, general, fiction.",French,"paroles, poilus, lettres, carnets, front, 1914, 1918, collectif, general, fiction",http://images.amazon.com/images/P/2290314951.01.MZZZZZZZ.jpg
229000510X,Une porte sur l'Ã?Â©tÃ?Â©,Robert A. Heinlein,1999,J'ai lu,General Fiction,"Bibliographic summary: “Une porte sur l'Ã?Â©tÃ?Â©” is classified as General Fiction and was written by Robert A. Heinlein. It was published by J'ai lu in 1999. Search and recommendation terms derived from the available metadata include: une, porte, sur, l'ã, heinlein, general, fiction.",French,"une, porte, sur, l'ã, heinlein, general, fiction",http://images.amazon.com/images/P/229000510X.01.MZZZZZZZ.jpg
3492207006,Die Entdeckung der Langsamkeit.,Sten Nadolny,1987,Piper,General Fiction,"Bibliographic summary: “Die Entdeckung der Langsamkeit.” is classified as General Fiction and was written by Sten Nadolny. It was published by Piper in 1987. Search and recommendation terms derived from the available metadata include: die, entdeckung, der, langsamkeit, nadolny, general, fiction.",German,"die, entdeckung, der, langsamkeit, nadolny, general, fiction",http://images.amazon.com/images/P/3492207006.01.MZZZZZZZ.jpg
3499177757,Die Grenzen des Geschlechts: Anleitungen zum Sturz des internationalen Patriarchats : Amnesty for Women (Rororo Sachbuch),Cheryl Benard,1984,Rowohlt,General Fiction,"Bibliographic summary: “Die Grenzen des Geschlechts: Anleitungen zum Sturz des internationalen Patriarchats : Amnesty for Women (Rororo Sachbuch)” is classified as General Fiction and was written by Cheryl Benard. It was published by Rowohlt in 1984. Search and recommendation terms derived from the available metadata include: die, grenzen, des, geschlechts, anleitungen, zum, sturz, internationalen, patriarchats, amnesty.",English,"die, grenzen, des, geschlechts, anleitungen, zum, sturz, internationalen, patriarchats, amnesty",http://images.amazon.com/images/P/3499177757.01.MZZZZZZZ.jpg
3889774016,Frauen der Welt: Vom Fortschritt der Ungleichheit,Christa Wichterich,1995,Lamuv,General Fiction,"Bibliographic summary: “Frauen der Welt: Vom Fortschritt der Ungleichheit” is classified as General Fiction and was written by Christa Wichterich. It was published by Lamuv in 1995. Search and recommendation terms derived from the available metadata include: frauen, der, welt, vom, fortschritt, ungleichheit, wichterich, general, fiction.",English,"frauen, der, welt, vom, fortschritt, ungleichheit, wichterich, general, fiction",http://images.amazon.com/images/P/3889774016.01.MZZZZZZZ.jpg
3502670005,I Ging. Das Buch der Wandlung. Das groÃ?Â?e Weisheits- und Orakelbuch der alten Chinesen.,John. Blofeld,1999,O. W. Barth Bei Scherz,Art & Photography,"Bibliographic summary: “I Ging. Das Buch der Wandlung. Das groÃ?Â?e Weisheits- und Orakelbuch der alten Chinesen.” is classified as Art & Photography and was written by John. Blofeld. It was published by O. W. Barth Bei Scherz in 1999. Search and recommendation terms derived from the available metadata include: ging, das, buch, der, wandlung, groã, weisheits, und, orakelbuch, alten.",German,"ging, das, buch, der, wandlung, groã, weisheits, und, orakelbuch, alten",http://images.amazon.com/images/P/3502670005.01.MZZZZZZZ.jpg
0905762487,African Women: Their Struggle for Economic Independence,Christine Obbo,1980,Palgrave-Macmillan,General Fiction,"Bibliographic summary: “African Women: Their Struggle for Economic Independence” is classified as General Fiction and was written by Christine Obbo. It was published by Palgrave-Macmillan in 1980. Search and recommendation terms derived from the available metadata include: african, women, struggle, economic, independence, obbo, general, fiction.",English,"african, women, struggle, economic, independence, obbo, general, fiction",http://images.amazon.com/images/P/0905762487.01.MZZZZZZZ.jpg
3499222604,Die globalisierte Frau: Berichte aus der Zukunft der Ungleichheit (Frauen aktuell),Christa Wichterich,1998,Rowohlt,General Fiction,"Bibliographic summary: “Die globalisierte Frau: Berichte aus der Zukunft der Ungleichheit (Frauen aktuell)” is classified as General Fiction and was written by Christa Wichterich. It was published by Rowohlt in 1998. Search and recommendation terms derived from the available metadata include: die, globalisierte, frau, berichte, aus, der, zukunft, ungleichheit, frauen, aktuell.",German,"die, globalisierte, frau, berichte, aus, der, zukunft, ungleichheit, frauen, aktuell",http://images.amazon.com/images/P/3499222604.01.MZZZZZZZ.jpg
3746670055,"Women are the Niggers of the World: Ã¼ber Frauen, Herrenmenschen und Nietzsches Peitsche (AtV Dokument und Essay)",Peter B Heim,1994,Aufbau Taschenbuch Verlag,General Fiction,"Bibliographic summary: “Women are the Niggers of the World: Ã¼ber Frauen, Herrenmenschen und Nietzsches Peitsche (AtV Dokument und Essay)” is classified as General Fiction and was written by Peter B Heim. It was published by Aufbau Taschenbuch Verlag in 1994. Search and recommendation terms derived from the available metadata include: women, niggers, world, ber, frauen, herrenmenschen, und, nietzsches, peitsche, atv.",Portuguese,"women, niggers, world, ber, frauen, herrenmenschen, und, nietzsches, peitsche, atv",http://images.amazon.com/images/P/3746670055.01.MZZZZZZZ.jpg
0140620427,Sense and Sensibility (Penguin Popular Classics),Jane Austen,1994,Penguin Books Ltd,General Fiction,"Bibliographic summary: “Sense and Sensibility (Penguin Popular Classics)” is classified as General Fiction and was written by Jane Austen. It was published by Penguin Books Ltd in 1994. Search and recommendation terms derived from the available metadata include: sense, sensibility, penguin, popular, classics, austen, general, fiction.",English,"sense, sensibility, penguin, popular, classics, austen, general, fiction",http://images.amazon.com/images/P/0140620427.01.MZZZZZZZ.jpg
3596144434,Der gemietete Mann.,Hera Lind,1999,"Fischer (Tb.), Frankfurt",General Fiction,"Bibliographic summary: “Der gemietete Mann.” is classified as General Fiction and was written by Hera Lind. It was published by Fischer (Tb.), Frankfurt in 1999. Search and recommendation terms derived from the available metadata include: der, gemietete, mann, lind, general, fiction.",English,"der, gemietete, mann, lind, general, fiction",http://images.amazon.com/images/P/3596144434.01.MZZZZZZZ.jpg
3442724686,Der Gott der kleinen Dinge.,Arundhati Roy,1999,btb,General Fiction,"Bibliographic summary: “Der Gott der kleinen Dinge.” is classified as General Fiction and was written by Arundhati Roy. It was published by btb in 1999. Search and recommendation terms derived from the available metadata include: der, gott, kleinen, dinge, roy, general, fiction.",English,"der, gott, kleinen, dinge, roy, general, fiction",http://images.amazon.com/images/P/3442724686.01.MZZZZZZZ.jpg
0385504209,The Da Vinci Code,Dan Brown,2003,Doubleday,General Fiction,"Bibliographic summary: “The Da Vinci Code” is classified as General Fiction and was written by Dan Brown. It was published by Doubleday in 2003. Search and recommendation terms derived from the available metadata include: vinci, code, brown, general, fiction.",English,"vinci, code, brown, general, fiction",http://images.amazon.com/images/P/0385504209.01.MZZZZZZZ.jpg
0385500769,A Map of the World,Jane Hamilton,1999,Doubleday Books,General Fiction,"Bibliographic summary: “A Map of the World” is classified as General Fiction and was written by Jane Hamilton. It was published by Doubleday Books in 1999. Search and recommendation terms derived from the available metadata include: map, world, hamilton, general, fiction.",English,"map, world, hamilton, general, fiction",http://images.amazon.com/images/P/0385500769.01.MZZZZZZZ.jpg
0399147012,Edge of Danger,Jack Higgins,2001,Putnam Publishing Group,General Fiction,"Bibliographic summary: “Edge of Danger” is classified as General Fiction and was written by Jack Higgins. It was published by Putnam Publishing Group in 2001. Search and recommendation terms derived from the available metadata include: edge, danger, higgins, general, fiction.",English,"edge, danger, higgins, general, fiction",http://images.amazon.com/images/P/0399147012.01.MZZZZZZZ.jpg
0670892963,Bridget Jones : The Edge of Reason,Helen Fielding,2000,Viking Books,General Fiction,"Bibliographic summary: “Bridget Jones : The Edge of Reason” is classified as General Fiction and was written by Helen Fielding. It was published by Viking Books in 2000. Search and recommendation terms derived from the available metadata include: bridget, jones, edge, reason, fielding, general, fiction.",English,"bridget, jones, edge, reason, fielding, general, fiction",http://images.amazon.com/images/P/0670892963.01.MZZZZZZZ.jpg
0688180639,Vinegar Hill (Oprah's Book Club (Hardcover)),A. Manette Ansay,1999,HarperCollins,General Fiction,"Bibliographic summary: “Vinegar Hill (Oprah's Book Club (Hardcover))” is classified as General Fiction and was written by A. Manette Ansay. It was published by HarperCollins in 1999. Search and recommendation terms derived from the available metadata include: vinegar, hill, oprah's, club, hardcover, ansay, general, fiction.",English,"vinegar, hill, oprah's, club, hardcover, ansay, general, fiction",http://images.amazon.com/images/P/0688180639.01.MZZZZZZZ.jpg
0316789089,The Pilot's Wife : A Novel Tag: Author of the Weight of Water (Oprah's Book Club (Hardcover)),Anita Shreve,1999,"Little, Brown",Romance,"Bibliographic summary: “The Pilot's Wife : A Novel Tag: Author of the Weight of Water (Oprah's Book Club (Hardcover))” is classified as Romance and was written by Anita Shreve. It was published by Little, Brown in 1999. Search and recommendation terms derived from the available metadata include: pilot's, wife, tag, author, weight, water, oprah's, club, hardcover, shreve.",English,"pilot's, wife, tag, author, weight, water, oprah's, club, hardcover, shreve",http://images.amazon.com/images/P/0316789089.01.MZZZZZZZ.jpg
0451197275,Saving Private Ryan: A Novel,Max Allan Collins,1998,Signet Book,General Fiction,"Bibliographic summary: “Saving Private Ryan: A Novel” is classified as General Fiction and was written by Max Allan Collins. It was published by Signet Book in 1998. Search and recommendation terms derived from the available metadata include: saving, private, ryan, collins, general, fiction.",English,"saving, private, ryan, collins, general, fiction",http://images.amazon.com/images/P/0451197275.01.MZZZZZZZ.jpg
0425184129,Big Trouble,Dave Barry,2002,Berkley Publishing Group,General Fiction,"Bibliographic summary: “Big Trouble” is classified as General Fiction and was written by Dave Barry. It was published by Berkley Publishing Group in 2002. Search and recommendation terms derived from the available metadata include: big, trouble, barry, general, fiction.",English,"big, trouble, barry, general, fiction",http://images.amazon.com/images/P/0425184129.01.MZZZZZZZ.jpg
0151001006,Snow Falling on Cedars,David Guterson,1994,Harcourt,General Fiction,"Bibliographic summary: “Snow Falling on Cedars” is classified as General Fiction and was written by David Guterson. It was published by Harcourt in 1994. Search and recommendation terms derived from the available metadata include: snow, falling, cedars, guterson, general, fiction.",English,"snow, falling, cedars, guterson, general, fiction",http://images.amazon.com/images/P/0151001006.01.MZZZZZZZ.jpg
0385505833,Skipping Christmas,JOHN GRISHAM,2001,Doubleday,Mystery & Thriller,"Bibliographic summary: “Skipping Christmas” is classified as Mystery & Thriller and was written by JOHN GRISHAM. It was published by Doubleday in 2001. Search and recommendation terms derived from the available metadata include: skipping, christmas, grisham, mystery, thriller.",English,"skipping, christmas, grisham, mystery, thriller",http://images.amazon.com/images/P/0385505833.01.MZZZZZZZ.jpg
0679442790,The Reader,Bernhard Schlink,1997,Random House,General Fiction,"Bibliographic summary: “The Reader” is classified as General Fiction and was written by Bernhard Schlink. It was published by Random House in 1997. Search and recommendation terms derived from the available metadata include: reader, schlink, general, fiction.",English,"reader, schlink, general, fiction",http://images.amazon.com/images/P/0679442790.01.MZZZZZZZ.jpg
0525943862,Cheaters,Eric Jerome Dickey,1999,Dutton Books,General Fiction,"Bibliographic summary: “Cheaters” is classified as General Fiction and was written by Eric Jerome Dickey. It was published by Dutton Books in 1999. Search and recommendation terms derived from the available metadata include: cheaters, dickey, general, fiction.",English,"cheaters, dickey, general, fiction",http://images.amazon.com/images/P/0525943862.01.MZZZZZZZ.jpg
0609605925,Angel Falls,KRISTIN HANNAH,2000,Crown,General Fiction,"Bibliographic summary: “Angel Falls” is classified as General Fiction and was written by KRISTIN HANNAH. It was published by Crown in 2000. Search and recommendation terms derived from the available metadata include: angel, falls, hannah, general, fiction.",English,"angel, falls, hannah, general, fiction",http://images.amazon.com/images/P/0609605925.01.MZZZZZZZ.jpg
0060191929,The Saving Graces : A Novel,Patricia Gaffney,1999,HarperCollins,General Fiction,"Bibliographic summary: “The Saving Graces : A Novel” is classified as General Fiction and was written by Patricia Gaffney. It was published by HarperCollins in 1999. Search and recommendation terms derived from the available metadata include: saving, graces, gaffney, general, fiction.",English,"saving, graces, gaffney, general, fiction",http://images.amazon.com/images/P/0060191929.01.MZZZZZZZ.jpg
0743206045,Daddy's Little Girl,Mary Higgins Clark,2002,Simon & Schuster,Mystery & Thriller,"Bibliographic summary: “Daddy's Little Girl” is classified as Mystery & Thriller and was written by Mary Higgins Clark. It was published by Simon & Schuster in 2002. Search and recommendation terms derived from the available metadata include: daddy's, little, girl, clark, mystery, thriller.",English,"daddy's, little, girl, clark, mystery, thriller",http://images.amazon.com/images/P/0743206045.01.MZZZZZZZ.jpg
0684864843,The Vineyard : A Novel,Barbara Delinsky,2000,Simon & Schuster,General Fiction,"Bibliographic summary: “The Vineyard : A Novel” is classified as General Fiction and was written by Barbara Delinsky. It was published by Simon & Schuster in 2000. Search and recommendation terms derived from the available metadata include: vineyard, delinsky, general, fiction.",English,"vineyard, delinsky, general, fiction",http://images.amazon.com/images/P/0684864843.01.MZZZZZZZ.jpg
0684867818,The Looking Glass : A Novel (The Locket Series),Richard Paul Evans,1999,Simon & Schuster,General Fiction,"Bibliographic summary: “The Looking Glass : A Novel (The Locket Series)” is classified as General Fiction and was written by Richard Paul Evans. It was published by Simon & Schuster in 1999. Search and recommendation terms derived from the available metadata include: looking, glass, locket, series, evans, general, fiction.",English,"looking, glass, locket, series, evans, general, fiction",http://images.amazon.com/images/P/0684867818.01.MZZZZZZZ.jpg
0743406176,If Only It Were True,Marc Levy,2000,Atria,General Fiction,"Bibliographic summary: “If Only It Were True” is classified as General Fiction and was written by Marc Levy. It was published by Atria in 2000. Search and recommendation terms derived from the available metadata include: only, true, levy, general, fiction.",English,"only, true, levy, general, fiction",http://images.amazon.com/images/P/0743406176.01.MZZZZZZZ.jpg
0380978539,"Dear Stranger, Dearest Friend",Laney Katz Becker,2000,William Morrow & Company,General Fiction,"Bibliographic summary: “Dear Stranger, Dearest Friend” is classified as General Fiction and was written by Laney Katz Becker. It was published by William Morrow & Company in 2000. Search and recommendation terms derived from the available metadata include: dear, stranger, dearest, friend, becker, general, fiction.",English,"dear, stranger, dearest, friend, becker, general, fiction",http://images.amazon.com/images/P/0380978539.01.MZZZZZZZ.jpg
0679603352,The Cider House Rules: A Novel (Modern Library),John Irving,1999,Modern Library,General Fiction,"Bibliographic summary: “The Cider House Rules: A Novel (Modern Library)” is classified as General Fiction and was written by John Irving. It was published by Modern Library in 1999. Search and recommendation terms derived from the available metadata include: cider, house, rules, modern, library, irving, general, fiction.",English,"cider, house, rules, modern, library, irving, general, fiction",http://images.amazon.com/images/P/0679603352.01.MZZZZZZZ.jpg
0679410430,Lolita (Everyman's Library (Cloth)),VLADIMIR NABOKOV,1993,Everyman's Library,General Fiction,"Bibliographic summary: “Lolita (Everyman's Library (Cloth))” is classified as General Fiction and was written by VLADIMIR NABOKOV. It was published by Everyman's Library in 1993. Search and recommendation terms derived from the available metadata include: lolita, everyman's, library, cloth, nabokov, general, fiction.",English,"lolita, everyman's, library, cloth, nabokov, general, fiction",http://images.amazon.com/images/P/0679410430.01.MZZZZZZZ.jpg
0446523569,Message in a Bottle,Nicholas Sparks,1998,Warner Books,Romance,"Bibliographic summary: “Message in a Bottle” is classified as Romance and was written by Nicholas Sparks. It was published by Warner Books in 1998. Search and recommendation terms derived from the available metadata include: message, bottle, sparks, romance.",English,"message, bottle, sparks, romance",http://images.amazon.com/images/P/0446523569.01.MZZZZZZZ.jpg
0671042556,Blackbird: A Childhood Lost and Found,Jennifer Lauck,2000,Atria,Children & Young Adult,"Bibliographic summary: “Blackbird: A Childhood Lost and Found” is classified as Children & Young Adult and was written by Jennifer Lauck. It was published by Atria in 2000. Search and recommendation terms derived from the available metadata include: blackbird, childhood, lost, found, lauck, children, young, adult.",English,"blackbird, childhood, lost, found, lauck, children, young, adult",http://images.amazon.com/images/P/0671042556.01.MZZZZZZZ.jpg
0140107649,Blue Heaven (Contemporary American Fiction S.),Joe Keenan,1988,Penguin Books,General Fiction,"Bibliographic summary: “Blue Heaven (Contemporary American Fiction S.)” is classified as General Fiction and was written by Joe Keenan. It was published by Penguin Books in 1988. Search and recommendation terms derived from the available metadata include: blue, heaven, contemporary, american, fiction, keenan, general.",English,"blue, heaven, contemporary, american, fiction, keenan, general",http://images.amazon.com/images/P/0140107649.01.MZZZZZZZ.jpg
0609606727,Julie and Romeo,Jeanne Ray,2000,Harmony,General Fiction,"Bibliographic summary: “Julie and Romeo” is classified as General Fiction and was written by Jeanne Ray. It was published by Harmony in 2000. Search and recommendation terms derived from the available metadata include: julie, romeo, ray, general, fiction.",English,"julie, romeo, ray, general, fiction",http://images.amazon.com/images/P/0609606727.01.MZZZZZZZ.jpg
0446527793,The Guardian,Nicholas Sparks,2003,Warner Books,Romance,"Bibliographic summary: “The Guardian” is classified as Romance and was written by Nicholas Sparks. It was published by Warner Books in 2003. Search and recommendation terms derived from the available metadata include: guardian, sparks, romance.",English,"guardian, sparks, romance",http://images.amazon.com/images/P/0446527793.01.MZZZZZZZ.jpg
0446531332,Nights in Rodanthe,Nicholas Sparks,2002,Warner Books,Romance,"Bibliographic summary: “Nights in Rodanthe” is classified as Romance and was written by Nicholas Sparks. It was published by Warner Books in 2002. Search and recommendation terms derived from the available metadata include: nights, rodanthe, sparks, romance.",English,"nights, rodanthe, sparks, romance",http://images.amazon.com/images/P/0446531332.01.MZZZZZZZ.jpg
1570717257,Man and Boy,Tony Parsons,2001,Sourcebooks Landmark,General Fiction,"Bibliographic summary: “Man and Boy” is classified as General Fiction and was written by Tony Parsons. It was published by Sourcebooks Landmark in 2001. Search and recommendation terms derived from the available metadata include: man, boy, parsons, general, fiction.",English,"man, boy, parsons, general, fiction",http://images.amazon.com/images/P/1570717257.01.MZZZZZZZ.jpg
0060192631,One Heart,Jane McCafferty,1999,HarperCollins Publishers,Romance,"Bibliographic summary: “One Heart” is classified as Romance and was written by Jane McCafferty. It was published by HarperCollins Publishers in 1999. Search and recommendation terms derived from the available metadata include: one, heart, mccafferty, romance.",English,"one, heart, mccafferty, romance",http://images.amazon.com/images/P/0060192631.01.MZZZZZZZ.jpg
0385420161,"Like Water for Chocolate: A Novel in Monthly Installments, With Recipes, Romances, and Home Remedies",Laura Esquivel,1992,Doubleday Books,Romance,"Bibliographic summary: “Like Water for Chocolate: A Novel in Monthly Installments, With Recipes, Romances, and Home Remedies” is classified as Romance and was written by Laura Esquivel. It was published by Doubleday Books in 1992. Search and recommendation terms derived from the available metadata include: like, water, chocolate, monthly, installments, recipes, romances, home, remedies, esquivel.",English,"like, water, chocolate, monthly, installments, recipes, romances, home, remedies, esquivel",http://images.amazon.com/images/P/0385420161.01.MZZZZZZZ.jpg
0345339711,"The Two Towers (The Lord of the Rings, Part 2)",J.R.R. TOLKIEN,1986,Del Rey,Fantasy,"Bibliographic summary: “The Two Towers (The Lord of the Rings, Part 2)” is classified as Fantasy and was written by J.R.R. TOLKIEN. It was published by Del Rey in 1986. Search and recommendation terms derived from the available metadata include: two, towers, lord, rings, part, tolkien, fantasy.",English,"two, towers, lord, rings, part, tolkien, fantasy",http://images.amazon.com/images/P/0345339711.01.MZZZZZZZ.jpg
052594463X,All of Me: A Voluptuous Tale,Venise T. Berry,2000,Dutton Books,General Fiction,"Bibliographic summary: “All of Me: A Voluptuous Tale” is classified as General Fiction and was written by Venise T. Berry. It was published by Dutton Books in 2000. Search and recommendation terms derived from the available metadata include: all, voluptuous, tale, berry, general, fiction.",English,"all, voluptuous, tale, berry, general, fiction",http://images.amazon.com/images/P/052594463X.01.MZZZZZZZ.jpg
039304016X,The Perfect Storm: A True Story of Men Against the Sea,Sebastian Junger,1997,Little Brown and Company,Biography & Memoir,"Bibliographic summary: “The Perfect Storm: A True Story of Men Against the Sea” is classified as Biography & Memoir and was written by Sebastian Junger. It was published by Little Brown and Company in 1997. Search and recommendation terms derived from the available metadata include: perfect, storm, true, story, men, against, sea, junger, biography, memoir.",English,"perfect, storm, true, story, men, against, sea, junger, biography, memoir",http://images.amazon.com/images/P/039304016X.01.MZZZZZZZ.jpg
0399147128,The Villa,Nora Roberts,2001,Putnam Publishing Group,Romance,"Bibliographic summary: “The Villa” is classified as Romance and was written by Nora Roberts. It was published by Putnam Publishing Group in 2001. Search and recommendation terms derived from the available metadata include: villa, roberts, romance.",English,"villa, roberts, romance",http://images.amazon.com/images/P/0399147128.01.MZZZZZZZ.jpg
0670031046,In This Mountain,Jan Karon,2002,Viking Books,General Fiction,"Bibliographic summary: “In This Mountain” is classified as General Fiction and was written by Jan Karon. It was published by Viking Books in 2002. Search and recommendation terms derived from the available metadata include: mountain, karon, general, fiction.",English,"mountain, karon, general, fiction",http://images.amazon.com/images/P/0670031046.01.MZZZZZZZ.jpg
0394574745,"All the Pretty Horses (Border Trilogy, Vol 1)",Cormac McCarthy,1992,Alfred A. Knopf,Art & Photography,"Bibliographic summary: “All the Pretty Horses (Border Trilogy, Vol 1)” is classified as Art & Photography and was written by Cormac McCarthy. It was published by Alfred A. Knopf in 1992. Search and recommendation terms derived from the available metadata include: all, pretty, horses, border, trilogy, mccarthy, art, photography.",English,"all, pretty, horses, border, trilogy, mccarthy, art, photography",http://images.amazon.com/images/P/0394574745.01.MZZZZZZZ.jpg
0316969443,Suzanne's Diary for Nicholas,James Patterson,2001,"Little, Brown",Mystery & Thriller,"Bibliographic summary: “Suzanne's Diary for Nicholas” is classified as Mystery & Thriller and was written by James Patterson. It was published by Little, Brown in 2001. Search and recommendation terms derived from the available metadata include: suzanne's, diary, nicholas, patterson, mystery, thriller.",English,"suzanne's, diary, nicholas, patterson, mystery, thriller",http://images.amazon.com/images/P/0316969443.01.MZZZZZZZ.jpg
0743230051,He Sees You When You're Sleeping : A Novel,Mary Higgins Clark,2001,Scribner,Mystery & Thriller,"Bibliographic summary: “He Sees You When You're Sleeping : A Novel” is classified as Mystery & Thriller and was written by Mary Higgins Clark. It was published by Scribner in 2001. Search and recommendation terms derived from the available metadata include: sees, you, when, you're, sleeping, clark, mystery, thriller.",English,"sees, you, when, you're, sleeping, clark, mystery, thriller",http://images.amazon.com/images/P/0743230051.01.MZZZZZZZ.jpg
0316693200,2nd Chance,James Patterson,2002,"Little, Brown",Mystery & Thriller,"Bibliographic summary: “2nd Chance” is classified as Mystery & Thriller and was written by James Patterson. It was published by Little, Brown in 2002. Search and recommendation terms derived from the available metadata include: 2nd, chance, patterson, mystery, thriller.",English,"2nd, chance, patterson, mystery, thriller",http://images.amazon.com/images/P/0316693200.01.MZZZZZZZ.jpg
0684868911,The Carousel : A Novel,Richard Paul Evans,2000,Simon & Schuster,General Fiction,"Bibliographic summary: “The Carousel : A Novel” is classified as General Fiction and was written by Richard Paul Evans. It was published by Simon & Schuster in 2000. Search and recommendation terms derived from the available metadata include: carousel, evans, general, fiction.",English,"carousel, evans, general, fiction",http://images.amazon.com/images/P/0684868911.01.MZZZZZZZ.jpg
0842336214,The Promise Remains,Travis Thrasher,2000,Tyndale House Publishers,General Fiction,"Bibliographic summary: “The Promise Remains” is classified as General Fiction and was written by Travis Thrasher. It was published by Tyndale House Publishers in 2000. Search and recommendation terms derived from the available metadata include: promise, remains, thrasher, general, fiction.",English,"promise, remains, thrasher, general, fiction",http://images.amazon.com/images/P/0842336214.01.MZZZZZZZ.jpg
0399148582,You Cannot Be Serious,John McEnroe,2002,Putnam Publishing Group,General Fiction,"Bibliographic summary: “You Cannot Be Serious” is classified as General Fiction and was written by John McEnroe. It was published by Putnam Publishing Group in 2002. Search and recommendation terms derived from the available metadata include: you, cannot, serious, mcenroe, general, fiction.",English,"you, cannot, serious, mcenroe, general, fiction",http://images.amazon.com/images/P/0399148582.01.MZZZZZZZ.jpg
0684864320,LAKE NEWS : A Novel,Barbara Delinsky,1999,Simon & Schuster,General Fiction,"Bibliographic summary: “LAKE NEWS : A Novel” is classified as General Fiction and was written by Barbara Delinsky. It was published by Simon & Schuster in 1999. Search and recommendation terms derived from the available metadata include: lake, news, delinsky, general, fiction.",English,"lake, news, delinsky, general, fiction",http://images.amazon.com/images/P/0684864320.01.MZZZZZZZ.jpg
0525944834,Liar's Game,Eric Jerome Dickey,2000,Dutton Books,General Fiction,"Bibliographic summary: “Liar's Game” is classified as General Fiction and was written by Eric Jerome Dickey. It was published by Dutton Books in 2000. Search and recommendation terms derived from the available metadata include: liar's, game, dickey, general, fiction.",English,"liar's, game, dickey, general, fiction",http://images.amazon.com/images/P/0525944834.01.MZZZZZZZ.jpg
0345428900,Out of the Blue,Sally Mandel,2000,Ballantine Books,General Fiction,"Bibliographic summary: “Out of the Blue” is classified as General Fiction and was written by Sally Mandel. It was published by Ballantine Books in 2000. Search and recommendation terms derived from the available metadata include: out, blue, mandel, general, fiction.",English,"out, blue, mandel, general, fiction",http://images.amazon.com/images/P/0345428900.01.MZZZZZZZ.jpg
0451176812,Voice of the Eagle,Linda Lay Shuler,1993,Signet Book,General Fiction,"Bibliographic summary: “Voice of the Eagle” is classified as General Fiction and was written by Linda Lay Shuler. It was published by Signet Book in 1993. Search and recommendation terms derived from the available metadata include: voice, eagle, shuler, general, fiction.",English,"voice, eagle, shuler, general, fiction",http://images.amazon.com/images/P/0451176812.01.MZZZZZZZ.jpg
0671525794,The Kingdom by the Sea: A Journey Around Great Britain,Paul Theroux,1984,Pocket Books,Fantasy,"Bibliographic summary: “The Kingdom by the Sea: A Journey Around Great Britain” is classified as Fantasy and was written by Paul Theroux. It was published by Pocket Books in 1984. Search and recommendation terms derived from the available metadata include: kingdom, sea, journey, around, great, britain, theroux, fantasy.",English,"kingdom, sea, journey, around, great, britain, theroux, fantasy",http://images.amazon.com/images/P/0671525794.01.MZZZZZZZ.jpg
0446602086,The Proud and the Free,Janet Dailey,1995,Warner Vision,History,"Bibliographic summary: “The Proud and the Free” is classified as History and was written by Janet Dailey. It was published by Warner Vision in 1995. Search and recommendation terms derived from the available metadata include: proud, free, dailey, history.",English,"proud, free, dailey, history",http://images.amazon.com/images/P/0446602086.01.MZZZZZZZ.jpg
0394551427,Shoah,Claude Lanzmann,1985,Random House Inc,General Fiction,"Bibliographic summary: “Shoah” is classified as General Fiction and was written by Claude Lanzmann. It was published by Random House Inc in 1985. Search and recommendation terms derived from the available metadata include: shoah, lanzmann, general, fiction.",English,"shoah, lanzmann, general, fiction",http://images.amazon.com/images/P/0394551427.01.MZZZZZZZ.jpg
0064407667,"The Bad Beginning (A Series of Unfortunate Events, Book 1)",Lemony Snicket,1999,HarperCollins,General Fiction,"Bibliographic summary: “The Bad Beginning (A Series of Unfortunate Events, Book 1)” is classified as General Fiction and was written by Lemony Snicket. It was published by HarperCollins in 1999. Search and recommendation terms derived from the available metadata include: bad, beginning, series, unfortunate, events, snicket, general, fiction.",English,"bad, beginning, series, unfortunate, events, snicket, general, fiction",http://images.amazon.com/images/P/0064407667.01.MZZZZZZZ.jpg
0007100221,TERROR FIRMA,Matthew Thomas,2001,Trafalgar Square,Horror,"Bibliographic summary: “TERROR FIRMA” is classified as Horror and was written by Matthew Thomas. It was published by Trafalgar Square in 2001. Search and recommendation terms derived from the available metadata include: terror, firma, thomas, horror.",English,"terror, firma, thomas, horror",http://images.amazon.com/images/P/0007100221.01.MZZZZZZZ.jpg
2253148539,Le Loup-garou,Boris Vian,1999,LGF,General Fiction,"Bibliographic summary: “Le Loup-garou” is classified as General Fiction and was written by Boris Vian. It was published by LGF in 1999. Search and recommendation terms derived from the available metadata include: loup, garou, vian, general, fiction.",English,"loup, garou, vian, general, fiction",http://images.amazon.com/images/P/2253148539.01.MZZZZZZZ.jpg
2253043974,Chronique d'une mort annoncÃ?Â©e,Gabriel Garcia Marquez,1987,LGF,General Fiction,"Bibliographic summary: “Chronique d'une mort annoncÃ?Â©e” is classified as General Fiction and was written by Gabriel Garcia Marquez. It was published by LGF in 1987. Search and recommendation terms derived from the available metadata include: chronique, d'une, mort, annoncã, marquez, general, fiction.",French,"chronique, d'une, mort, annoncã, marquez, general, fiction",http://images.amazon.com/images/P/2253043974.01.MZZZZZZZ.jpg
2020315491,Le neveu d'AmÃ?Â©rique,Luis SepÃ?Âºlveda,1998,Seuil,General Fiction,"Bibliographic summary: “Le neveu d'AmÃ?Â©rique” is classified as General Fiction and was written by Luis SepÃ?Âºlveda. It was published by Seuil in 1998. Search and recommendation terms derived from the available metadata include: neveu, d'amã, rique, lveda, general, fiction.",French,"neveu, d'amã, rique, lveda, general, fiction",http://images.amazon.com/images/P/2020315491.01.MZZZZZZZ.jpg
0747549923,Last Exit to Brooklyn,Hubert Selby,2000,Bloomsbury Pub Ltd,General Fiction,"Bibliographic summary: “Last Exit to Brooklyn” is classified as General Fiction and was written by Hubert Selby. It was published by Bloomsbury Pub Ltd in 2000. Search and recommendation terms derived from the available metadata include: last, exit, brooklyn, selby, general, fiction.",English,"last, exit, brooklyn, selby, general, fiction",http://images.amazon.com/images/P/0747549923.01.MZZZZZZZ.jpg
0743462335,More George W. Bushisms: More Verbal Contortions from America's 43rd President,Jacob Weisberg,2002,Simon & Schuster (Trade Division),General Fiction,"Bibliographic summary: “More George W. Bushisms: More Verbal Contortions from America's 43rd President” is classified as General Fiction and was written by Jacob Weisberg. It was published by Simon & Schuster (Trade Division) in 2002. Search and recommendation terms derived from the available metadata include: more, george, bushisms, verbal, contortions, america's, 43rd, president, weisberg, general.",English,"more, george, bushisms, verbal, contortions, america's, 43rd, president, weisberg, general",http://images.amazon.com/images/P/0743462335.01.MZZZZZZZ.jpg
0140253580,Therapy,David Lodge,1996,Penguin Putnam~trade,Self-Help & Psychology,"Bibliographic summary: “Therapy” is classified as Self-Help & Psychology and was written by David Lodge. It was published by Penguin Putnam~trade in 1996. Search and recommendation terms derived from the available metadata include: therapy, lodge, self, help, psychology.",English,"therapy, lodge, self, help, psychology",http://images.amazon.com/images/P/0140253580.01.MZZZZZZZ.jpg
0947782141,Scottish Ghosts,Judy Hamilton,1999,Lomond Books,Horror,"Bibliographic summary: “Scottish Ghosts” is classified as Horror and was written by Judy Hamilton. It was published by Lomond Books in 1999. Search and recommendation terms derived from the available metadata include: scottish, ghosts, hamilton, horror.",English,"scottish, ghosts, hamilton, horror",http://images.amazon.com/images/P/0947782141.01.MZZZZZZZ.jpg
057120354X,Awful End (Eddie Dickens Trilogy S.),Philip Ardagh,2000,Faber Children's Books,Children & Young Adult,"Bibliographic summary: “Awful End (Eddie Dickens Trilogy S.)” is classified as Children & Young Adult and was written by Philip Ardagh. It was published by Faber Children's Books in 2000. Search and recommendation terms derived from the available metadata include: awful, end, eddie, dickens, trilogy, ardagh, children, young, adult.",English,"awful, end, eddie, dickens, trilogy, ardagh, children, young, adult",http://images.amazon.com/images/P/057120354X.01.MZZZZZZZ.jpg
0743222229,George W. Bushisms : The Slate Book of The Accidental Wit and Wisdom of our 43rd President,Jacob Weisberg,2001,Fireside,Philosophy,"Bibliographic summary: “George W. Bushisms : The Slate Book of The Accidental Wit and Wisdom of our 43rd President” is classified as Philosophy and was written by Jacob Weisberg. It was published by Fireside in 2001. Search and recommendation terms derived from the available metadata include: george, bushisms, slate, accidental, wit, wisdom, 43rd, president, weisberg, philosophy.",English,"george, bushisms, slate, accidental, wit, wisdom, 43rd, president, weisberg, philosophy",http://images.amazon.com/images/P/0743222229.01.MZZZZZZZ.jpg
185479549X,The World's Stupidest Laws,David Crombie,2000,Michael O'Mara Books,Politics & Society,"Bibliographic summary: “The World's Stupidest Laws” is classified as Politics & Society and was written by David Crombie. It was published by Michael O'Mara Books in 2000. Search and recommendation terms derived from the available metadata include: world's, stupidest, laws, crombie, politics, society.",English,"world's, stupidest, laws, crombie, politics, society",http://images.amazon.com/images/P/185479549X.01.MZZZZZZZ.jpg
0140292918,Of Mice and Men (Steinbeck \Essentials\")",John Steinbeck,2001,Penguin Books Ltd,General Fiction,"Bibliographic summary: “Of Mice and Men (Steinbeck \Essentials\"")""” is classified as General Fiction and was written by John Steinbeck. It was published by Penguin Books Ltd in 2001. Search and recommendation terms derived from the available metadata include: mice, men, steinbeck, essentials, general, fiction.",English,"mice, men, steinbeck, essentials, general, fiction",http://images.amazon.com/images/P/0140292918.01.MZZZZZZZ.jpg
1854795554,The World's Stupidest Signs,Michael O'Mara,2000,Michael O'Mara Books,General Fiction,"Bibliographic summary: “The World's Stupidest Signs” is classified as General Fiction and was written by Michael O'Mara. It was published by Michael O'Mara Books in 2000. Search and recommendation terms derived from the available metadata include: world's, stupidest, signs, o'mara, general, fiction.",English,"world's, stupidest, signs, o'mara, general, fiction",http://images.amazon.com/images/P/1854795554.01.MZZZZZZZ.jpg
1858813093,Nessie: The Loch Ness Monster,Richard Brassey,2003,Trafalgar Square Books,Horror,"Bibliographic summary: “Nessie: The Loch Ness Monster” is classified as Horror and was written by Richard Brassey. It was published by Trafalgar Square Books in 2003. Search and recommendation terms derived from the available metadata include: nessie, loch, ness, monster, brassey, horror.",English,"nessie, loch, ness, monster, brassey, horror",http://images.amazon.com/images/P/1858813093.01.MZZZZZZZ.jpg
2871290911,"XIII, tome 13, L'enquÃ?Âªte : the XIII mystery",Jean Van Hamme,1999,Dargaud,Mystery & Thriller,"Bibliographic summary: “XIII, tome 13, L'enquÃ?Âªte : the XIII mystery” is classified as Mystery & Thriller and was written by Jean Van Hamme. It was published by Dargaud in 1999. Search and recommendation terms derived from the available metadata include: xiii, tome, l'enquã, mystery, hamme, thriller.",French,"xiii, tome, l'enquã, mystery, hamme, thriller",http://images.amazon.com/images/P/2871290911.01.MZZZZZZZ.jpg
0198604025,How Not to Say What You Mean: A Dictionary of Euphemisms (Oxford Paperback Reference S.),R. W. Holder,2003,Oxford University Press,Education & Reference,"Bibliographic summary: “How Not to Say What You Mean: A Dictionary of Euphemisms (Oxford Paperback Reference S.)” is classified as Education & Reference and was written by R. W. Holder. It was published by Oxford University Press in 2003. Search and recommendation terms derived from the available metadata include: how, not, say, what, you, mean, dictionary, euphemisms, oxford, paperback.",English,"how, not, say, what, you, mean, dictionary, euphemisms, oxford, paperback",http://images.amazon.com/images/P/0198604025.01.MZZZZZZZ.jpg
1842151053,Cooking for One (Cook's Essentials),Valerie Ferguson,2000,Southwater Publishing,Cooking & Food,"Bibliographic summary: “Cooking for One (Cook's Essentials)” is classified as Cooking & Food and was written by Valerie Ferguson. It was published by Southwater Publishing in 2000. Search and recommendation terms derived from the available metadata include: cooking, one, cook's, essentials, ferguson, food.",English,"cooking, one, cook's, essentials, ferguson, food",http://images.amazon.com/images/P/1842151053.01.MZZZZZZZ.jpg
2253063339,Les Fourmis,Bernard Werber,2002,LGF,General Fiction,"Bibliographic summary: “Les Fourmis” is classified as General Fiction and was written by Bernard Werber. It was published by LGF in 2002. Search and recommendation terms derived from the available metadata include: les, fourmis, werber, general, fiction.",English,"les, fourmis, werber, general, fiction",http://images.amazon.com/images/P/2253063339.01.MZZZZZZZ.jpg
0767908473,The Sorcerer's Companion: A Guide to the Magical World of Harry Potter,ALLAN ZOLA KRONZEK,2001,Broadway,Fantasy,"Bibliographic summary: “The Sorcerer's Companion: A Guide to the Magical World of Harry Potter” is classified as Fantasy and was written by ALLAN ZOLA KRONZEK. It was published by Broadway in 2001. Search and recommendation terms derived from the available metadata include: sorcerer's, companion, guide, magical, world, harry, potter, kronzek, fantasy.",English,"sorcerer's, companion, guide, magical, world, harry, potter, kronzek, fantasy",http://images.amazon.com/images/P/0767908473.01.MZZZZZZZ.jpg
1842040154,Celtic Myths and Legends,Charles L. Squire,2000,Lomond Books,Fantasy,"Bibliographic summary: “Celtic Myths and Legends” is classified as Fantasy and was written by Charles L. Squire. It was published by Lomond Books in 2000. Search and recommendation terms derived from the available metadata include: celtic, myths, legends, squire, fantasy.",English,"celtic, myths, legends, squire, fantasy",http://images.amazon.com/images/P/1842040154.01.MZZZZZZZ.jpg
0140622063,Scottish Folk and Fairy Tales (Penguin Popular Classics),Gordon Jarvie,1997,Penguin Books Ltd,Children & Young Adult,"Bibliographic summary: “Scottish Folk and Fairy Tales (Penguin Popular Classics)” is classified as Children & Young Adult and was written by Gordon Jarvie. It was published by Penguin Books Ltd in 1997. Search and recommendation terms derived from the available metadata include: scottish, folk, fairy, tales, penguin, popular, classics, jarvie, children, young.",English,"scottish, folk, fairy, tales, penguin, popular, classics, jarvie, children, young",http://images.amazon.com/images/P/0140622063.01.MZZZZZZZ.jpg
0571209521,Terrible Times (Eddie Dickens Trilogy S.),Philip Ardagh,2002,Faber Children's Books,Children & Young Adult,"Bibliographic summary: “Terrible Times (Eddie Dickens Trilogy S.)” is classified as Children & Young Adult and was written by Philip Ardagh. It was published by Faber Children's Books in 2002. Search and recommendation terms derived from the available metadata include: terrible, times, eddie, dickens, trilogy, ardagh, children, young, adult.",English,"terrible, times, eddie, dickens, trilogy, ardagh, children, young, adult",http://images.amazon.com/images/P/0571209521.01.MZZZZZZZ.jpg
2264009306,CantilÃ¨nes en gelÃ©e ; Barnum's digest ; Vingt poÃ¨mes inÃ©dits (10/18 [i.e. Dix/dix-huit] ; 517),Boris Vian,1978,Union gÃ©nÃ©rale d'Ã©ditions,General Fiction,"Bibliographic summary: “CantilÃ¨nes en gelÃ©e ; Barnum's digest ; Vingt poÃ¨mes inÃ©dits (10/18 [i.e. Dix/dix-huit] ; 517)” is classified as General Fiction and was written by Boris Vian. It was published by Union gÃ©nÃ©rale d'Ã©ditions in 1978. Search and recommendation terms derived from the available metadata include: cantilã, nes, gelã, barnum's, digest, vingt, poã, mes, inã, dits.",Portuguese,"cantilã, nes, gelã, barnum's, digest, vingt, poã, mes, inã, dits",http://images.amazon.com/images/P/2264009306.01.MZZZZZZZ.jpg
1841952931,Glasgow Zen,Alan Spence,2002,Canongate Books Ltd,General Fiction,"Bibliographic summary: “Glasgow Zen” is classified as General Fiction and was written by Alan Spence. It was published by Canongate Books Ltd in 2002. Search and recommendation terms derived from the available metadata include: glasgow, zen, spence, general, fiction.",English,"glasgow, zen, spence, general, fiction",http://images.amazon.com/images/P/1841952931.01.MZZZZZZZ.jpg
0890877564,Totally Muffins Cookbook (Totally Cookbooks),Helene Siegel,1995,Celestial Arts,Cooking & Food,"Bibliographic summary: “Totally Muffins Cookbook (Totally Cookbooks)” is classified as Cooking & Food and was written by Helene Siegel. It was published by Celestial Arts in 1995. Search and recommendation terms derived from the available metadata include: totally, muffins, cookbook, cookbooks, siegel, cooking, food.",English,"totally, muffins, cookbook, cookbooks, siegel, cooking, food",http://images.amazon.com/images/P/0890877564.01.MZZZZZZZ.jpg
1405200677,Tigger's Little Book of Diet and Exercise,E.H. Shepard,2002,Egmont Childrens Books,Children & Young Adult,"Bibliographic summary: “Tigger's Little Book of Diet and Exercise” is classified as Children & Young Adult and was written by E.H. Shepard. It was published by Egmont Childrens Books in 2002. Search and recommendation terms derived from the available metadata include: tigger's, little, diet, exercise, shepard, children, young, adult.",English,"tigger's, little, diet, exercise, shepard, children, young, adult",http://images.amazon.com/images/P/1405200677.01.MZZZZZZZ.jpg
0416196772,Eeyore's Little Book of Gloom,Alan Alexander Milne,1999,Routledge,General Fiction,"Bibliographic summary: “Eeyore's Little Book of Gloom” is classified as General Fiction and was written by Alan Alexander Milne. It was published by Routledge in 1999. Search and recommendation terms derived from the available metadata include: eeyore's, little, gloom, milne, general, fiction.",English,"eeyore's, little, gloom, milne, general, fiction",http://images.amazon.com/images/P/0416196772.01.MZZZZZZZ.jpg
0747538069,The Adventures of Dougal,Eric Thompson,1998,Bloomsbury Publishing PLC,General Fiction,"Bibliographic summary: “The Adventures of Dougal” is classified as General Fiction and was written by Eric Thompson. It was published by Bloomsbury Publishing PLC in 1998. Search and recommendation terms derived from the available metadata include: adventures, dougal, thompson, general, fiction.",English,"adventures, dougal, thompson, general, fiction",http://images.amazon.com/images/P/0747538069.01.MZZZZZZZ.jpg
0375501347,Amy and Isabelle,Elizabeth Strout,1999,Random House Inc,General Fiction,"Bibliographic summary: “Amy and Isabelle” is classified as General Fiction and was written by Elizabeth Strout. It was published by Random House Inc in 1999. Search and recommendation terms derived from the available metadata include: amy, isabelle, strout, general, fiction.",English,"amy, isabelle, strout, general, fiction",http://images.amazon.com/images/P/0375501347.01.MZZZZZZZ.jpg
0060927240,"Rule of the Bone : Novel, A",Russell Banks,1996,Perennial,General Fiction,"Bibliographic summary: “Rule of the Bone : Novel, A” is classified as General Fiction and was written by Russell Banks. It was published by Perennial in 1996. Search and recommendation terms derived from the available metadata include: rule, bone, banks, general, fiction.",English,"rule, bone, banks, general, fiction",http://images.amazon.com/images/P/0060927240.01.MZZZZZZZ.jpg
0316776963,Me Talk Pretty One Day,David Sedaris,2001,Back Bay Books,General Fiction,"Bibliographic summary: “Me Talk Pretty One Day” is classified as General Fiction and was written by David Sedaris. It was published by Back Bay Books in 2001. Search and recommendation terms derived from the available metadata include: talk, pretty, one, day, sedaris, general, fiction.",English,"talk, pretty, one, day, sedaris, general, fiction",http://images.amazon.com/images/P/0316776963.01.MZZZZZZZ.jpg
156341029X,Stone Butch Blues,Leslie Feinberg,1993,Firebrand Books,General Fiction,"Bibliographic summary: “Stone Butch Blues” is classified as General Fiction and was written by Leslie Feinberg. It was published by Firebrand Books in 1993. Search and recommendation terms derived from the available metadata include: stone, butch, blues, feinberg, general, fiction.",English,"stone, butch, blues, feinberg, general, fiction",http://images.amazon.com/images/P/156341029X.01.MZZZZZZZ.jpg
0060934719,stardust,Neil Gaiman,2001,Perennial,General Fiction,"Bibliographic summary: “stardust” is classified as General Fiction and was written by Neil Gaiman. It was published by Perennial in 2001. Search and recommendation terms derived from the available metadata include: stardust, gaiman, general, fiction.",English,"stardust, gaiman, general, fiction",http://images.amazon.com/images/P/0060934719.01.MZZZZZZZ.jpg
1886383421,Fires of Aggar,Chris Anne Wolfe,2001,Windstorm Creative,General Fiction,"Bibliographic summary: “Fires of Aggar” is classified as General Fiction and was written by Chris Anne Wolfe. It was published by Windstorm Creative in 2001. Search and recommendation terms derived from the available metadata include: fires, aggar, wolfe, general, fiction.",English,"fires, aggar, wolfe, general, fiction",http://images.amazon.com/images/P/1886383421.01.MZZZZZZZ.jpg
1888451084,Kamikaze Lust,Lauren Sanders,2000,Akashic Books,General Fiction,"Bibliographic summary: “Kamikaze Lust” is classified as General Fiction and was written by Lauren Sanders. It was published by Akashic Books in 2000. Search and recommendation terms derived from the available metadata include: kamikaze, lust, sanders, general, fiction.",English,"kamikaze, lust, sanders, general, fiction",http://images.amazon.com/images/P/1888451084.01.MZZZZZZZ.jpg
0451450256,Gossamer Axe,Gael Baudino,1993,New Amer Library,General Fiction,"Bibliographic summary: “Gossamer Axe” is classified as General Fiction and was written by Gael Baudino. It was published by New Amer Library in 1993. Search and recommendation terms derived from the available metadata include: gossamer, axe, baudino, general, fiction.",English,"gossamer, axe, baudino, general, fiction",http://images.amazon.com/images/P/0451450256.01.MZZZZZZZ.jpg
1555835953,Witchfire,Lauren Maddison,2001,Alyson Books,Fantasy,"Bibliographic summary: “Witchfire” is classified as Fantasy and was written by Lauren Maddison. It was published by Alyson Books in 2001. Search and recommendation terms derived from the available metadata include: witchfire, maddison, fantasy.",English,"witchfire, maddison, fantasy",http://images.amazon.com/images/P/1555835953.01.MZZZZZZZ.jpg
0395877563,Seven Moves,Carol Anshaw,1997,Mariner Books,General Fiction,"Bibliographic summary: “Seven Moves” is classified as General Fiction and was written by Carol Anshaw. It was published by Mariner Books in 1997. Search and recommendation terms derived from the available metadata include: seven, moves, anshaw, general, fiction.",English,"seven, moves, anshaw, general, fiction",http://images.amazon.com/images/P/0395877563.01.MZZZZZZZ.jpg
0962893862,Return to Isis,Jean Stewart,1992,Rising Tide Press (AZ),History,"Bibliographic summary: “Return to Isis” is classified as History and was written by Jean Stewart. It was published by Rising Tide Press (AZ) in 1992. Search and recommendation terms derived from the available metadata include: return, isis, stewart, history.",English,"return, isis, stewart, history",http://images.amazon.com/images/P/0962893862.01.MZZZZZZZ.jpg
1555834531,Hood,Emma Donoghue,1998,Alyson Publications,General Fiction,"Bibliographic summary: “Hood” is classified as General Fiction and was written by Emma Donoghue. It was published by Alyson Publications in 1998. Search and recommendation terms derived from the available metadata include: hood, donoghue, general, fiction.",English,"hood, donoghue, general, fiction",http://images.amazon.com/images/P/1555834531.01.MZZZZZZZ.jpg
0393318435,Leaving Pipe Shop: Memories of Kin,Deborah McDowell,1998,W. W. Norton & Company,General Fiction,"Bibliographic summary: “Leaving Pipe Shop: Memories of Kin” is classified as General Fiction and was written by Deborah McDowell. It was published by W. W. Norton & Company in 1998. Search and recommendation terms derived from the available metadata include: leaving, pipe, shop, memories, kin, mcdowell, general, fiction.",English,"leaving, pipe, shop, memories, kin, mcdowell, general, fiction",http://images.amazon.com/images/P/0393318435.01.MZZZZZZZ.jpg
0889740828,Love Ruins Everything: A Novel,Karen X. Tulchinsky,1998,Press Gang Publishers,Romance,"Bibliographic summary: “Love Ruins Everything: A Novel” is classified as Romance and was written by Karen X. Tulchinsky. It was published by Press Gang Publishers in 1998. Search and recommendation terms derived from the available metadata include: love, ruins, everything, tulchinsky, romance.",English,"love, ruins, everything, tulchinsky, romance",http://images.amazon.com/images/P/0889740828.01.MZZZZZZZ.jpg
1563410443,"Skin: Talking About Sex, Class & Literature",Dorothy Allison,1994,Firebrand Books,General Fiction,"Bibliographic summary: “Skin: Talking About Sex, Class & Literature” is classified as General Fiction and was written by Dorothy Allison. It was published by Firebrand Books in 1994. Search and recommendation terms derived from the available metadata include: skin, talking, sex, class, literature, allison, general, fiction.",English,"skin, talking, sex, class, literature, allison, general, fiction",http://images.amazon.com/images/P/1563410443.01.MZZZZZZZ.jpg
1563899388,"Death: At Death's Door (Vertigo, Number 1)",Jill Thompson,2003,DC Comics,General Fiction,"Bibliographic summary: “Death: At Death's Door (Vertigo, Number 1)” is classified as General Fiction and was written by Jill Thompson. It was published by DC Comics in 2003. Search and recommendation terms derived from the available metadata include: death, death's, door, vertigo, number, thompson, general, fiction.",English,"death, death's, door, vertigo, number, thompson, general, fiction",http://images.amazon.com/images/P/1563899388.01.MZZZZZZZ.jpg
1563411148,The Second Coming of Curly Red,Jody Seay,1999,Firebrand Books,General Fiction,"Bibliographic summary: “The Second Coming of Curly Red” is classified as General Fiction and was written by Jody Seay. It was published by Firebrand Books in 1999. Search and recommendation terms derived from the available metadata include: second, coming, curly, red, seay, general, fiction.",English,"second, coming, curly, red, seay, general, fiction",http://images.amazon.com/images/P/1563411148.01.MZZZZZZZ.jpg
0553579681,Night Mares,Manda Scott,1999,Crimeline,Mystery & Thriller,"Bibliographic summary: “Night Mares” is classified as Mystery & Thriller and was written by Manda Scott. It was published by Crimeline in 1999. Search and recommendation terms derived from the available metadata include: night, mares, scott, mystery, thriller.",English,"night, mares, scott, mystery, thriller",http://images.amazon.com/images/P/0553579681.01.MZZZZZZZ.jpg
0553579673,Hen's Teeth,Manda Scott,1999,Bantam Books,General Fiction,"Bibliographic summary: “Hen's Teeth” is classified as General Fiction and was written by Manda Scott. It was published by Bantam Books in 1999. Search and recommendation terms derived from the available metadata include: hen's, teeth, scott, general, fiction.",English,"hen's, teeth, scott, general, fiction",http://images.amazon.com/images/P/0553579673.01.MZZZZZZZ.jpg
0451181379,The Door to December,Dean R. Koontz,1994,Signet Book,General Fiction,"Bibliographic summary: “The Door to December” is classified as General Fiction and was written by Dean R. Koontz. It was published by Signet Book in 1994. Search and recommendation terms derived from the available metadata include: door, december, koontz, general, fiction.",English,"door, december, koontz, general, fiction",http://images.amazon.com/images/P/0451181379.01.MZZZZZZZ.jpg
0786889160,"No Shirt, No Shoes, No Problem!",Jeff Foxworthy,1997,Warner Books (Mm),History,"Bibliographic summary: “No Shirt, No Shoes, No Problem!” is classified as History and was written by Jeff Foxworthy. It was published by Warner Books (Mm) in 1997. Search and recommendation terms derived from the available metadata include: shirt, shoes, problem, foxworthy, history.",English,"shirt, shoes, problem, foxworthy, history",http://images.amazon.com/images/P/0786889160.01.MZZZZZZZ.jpg
0345370740,The Scions of Shannara (Heritage of Shannara (Paperback)),Terry Brooks,1993,Del Rey Books,General Fiction,"Bibliographic summary: “The Scions of Shannara (Heritage of Shannara (Paperback))” is classified as General Fiction and was written by Terry Brooks. It was published by Del Rey Books in 1993. Search and recommendation terms derived from the available metadata include: scions, shannara, heritage, paperback, brooks, general, fiction.",English,"scions, shannara, heritage, paperback, brooks, general, fiction",http://images.amazon.com/images/P/0345370740.01.MZZZZZZZ.jpg
0553574175,Star Wars the Rebel Dawn: The Han Solo Trilogy (Star Wars: Han Solo Trilogy (Paperback)),A.C. Crispin,1998,Spectra Books,History,"Bibliographic summary: “Star Wars the Rebel Dawn: The Han Solo Trilogy (Star Wars: Han Solo Trilogy (Paperback))” is classified as History and was written by A.C. Crispin. It was published by Spectra Books in 1998. Search and recommendation terms derived from the available metadata include: star, wars, rebel, dawn, han, solo, trilogy, paperback, crispin, history.",English,"star, wars, rebel, dawn, han, solo, trilogy, paperback, crispin, history",http://images.amazon.com/images/P/0553574175.01.MZZZZZZZ.jpg
0553574167,"The Hutt Gambit (Star Wars: The Han Solo Trilogy, Vol. 2)",A. C. Crispin,1998,Bantam Books,History,"Bibliographic summary: “The Hutt Gambit (Star Wars: The Han Solo Trilogy, Vol. 2)” is classified as History and was written by A. C. Crispin. It was published by Bantam Books in 1998. Search and recommendation terms derived from the available metadata include: hutt, gambit, star, wars, han, solo, trilogy, crispin, history.",English,"hutt, gambit, star, wars, han, solo, trilogy, crispin, history",http://images.amazon.com/images/P/0553574167.01.MZZZZZZZ.jpg
0553574159,"The Paradise Snare (Star Wars: The Han Solo Trilogy, Volume 1)",A. C. Crispin,1998,Spectra Books,History,"Bibliographic summary: “The Paradise Snare (Star Wars: The Han Solo Trilogy, Volume 1)” is classified as History and was written by A. C. Crispin. It was published by Spectra Books in 1998. Search and recommendation terms derived from the available metadata include: paradise, snare, star, wars, han, solo, trilogy, crispin, history.",English,"paradise, snare, star, wars, han, solo, trilogy, crispin, history",http://images.amazon.com/images/P/0553574159.01.MZZZZZZZ.jpg
0312287240,A Year of Full Moons,Madelyn Arnold,2002,Stonewall Inn Editions,General Fiction,"Bibliographic summary: “A Year of Full Moons” is classified as General Fiction and was written by Madelyn Arnold. It was published by Stonewall Inn Editions in 2002. Search and recommendation terms derived from the available metadata include: year, full, moons, arnold, general, fiction.",English,"year, full, moons, arnold, general, fiction",http://images.amazon.com/images/P/0312287240.01.MZZZZZZZ.jpg
0679801146,Alanna: The First Adventure (Song of the Lioness (Paperback)),Tamora Pierce,1989,Random House Children's Books,Children & Young Adult,"Bibliographic summary: “Alanna: The First Adventure (Song of the Lioness (Paperback))” is classified as Children & Young Adult and was written by Tamora Pierce. It was published by Random House Children's Books in 1989. Search and recommendation terms derived from the available metadata include: alanna, first, adventure, song, lioness, paperback, pierce, children, young, adult.",English,"alanna, first, adventure, song, lioness, paperback, pierce, children, young, adult",http://images.amazon.com/images/P/0679801146.01.MZZZZZZZ.jpg
0446300101,"The Beans of Egypt, Maine",Carolyn Chute,1986,Warner Books,History,"Bibliographic summary: “The Beans of Egypt, Maine” is classified as History and was written by Carolyn Chute. It was published by Warner Books in 1986. Search and recommendation terms derived from the available metadata include: beans, egypt, maine, chute, history.",English,"beans, egypt, maine, chute, history",http://images.amazon.com/images/P/0446300101.01.MZZZZZZZ.jpg
0821750410,Warrior Moon,Sara Orwig,1995,Zebra Books,History,"Bibliographic summary: “Warrior Moon” is classified as History and was written by Sara Orwig. It was published by Zebra Books in 1995. Search and recommendation terms derived from the available metadata include: warrior, moon, orwig, history.",English,"warrior, moon, orwig, history",http://images.amazon.com/images/P/0821750410.01.MZZZZZZZ.jpg
0425142485,The Funhouse,Dean R. Koontz,1994,Berkley Publishing Group,General Fiction,"Bibliographic summary: “The Funhouse” is classified as General Fiction and was written by Dean R. Koontz. It was published by Berkley Publishing Group in 1994. Search and recommendation terms derived from the available metadata include: funhouse, koontz, general, fiction.",English,"funhouse, koontz, general, fiction",http://images.amazon.com/images/P/0425142485.01.MZZZZZZZ.jpg
0451456548,Cold Iron,Melisa Michaels,1997,Roc,General Fiction,"Bibliographic summary: “Cold Iron” is classified as General Fiction and was written by Melisa Michaels. It was published by Roc in 1997. Search and recommendation terms derived from the available metadata include: cold, iron, michaels, general, fiction.",English,"cold, iron, michaels, general, fiction",http://images.amazon.com/images/P/0451456548.01.MZZZZZZZ.jpg
0060006048,Circle of Three #12: Written in the Stars (Circle of Three),Isobel Bird,2001,Avon,General Fiction,"Bibliographic summary: “Circle of Three #12: Written in the Stars (Circle of Three)” is classified as General Fiction and was written by Isobel Bird. It was published by Avon in 2001. Search and recommendation terms derived from the available metadata include: circle, three, written, stars, bird, general, fiction.",English,"circle, three, written, stars, bird, general, fiction",http://images.amazon.com/images/P/0060006048.01.MZZZZZZZ.jpg
0312906552,The Space Merchants,Frederik Pohl,1987,St Martins Pr,Science Fiction,"Bibliographic summary: “The Space Merchants” is classified as Science Fiction and was written by Frederik Pohl. It was published by St Martins Pr in 1987. Search and recommendation terms derived from the available metadata include: space, merchants, pohl, science, fiction.",English,"space, merchants, pohl, science, fiction",http://images.amazon.com/images/P/0312906552.01.MZZZZZZZ.jpg
0440117291,DREAMSNAKE,VONDA MCINTYRE,1986,Dell,General Fiction,"Bibliographic summary: “DREAMSNAKE” is classified as General Fiction and was written by VONDA MCINTYRE. It was published by Dell in 1986. Search and recommendation terms derived from the available metadata include: dreamsnake, mcintyre, general, fiction.",English,"dreamsnake, mcintyre, general, fiction",http://images.amazon.com/images/P/0440117291.01.MZZZZZZZ.jpg
0425049981,Titan,John Varley,1980,Berkley Publishing Group,General Fiction,"Bibliographic summary: “Titan” is classified as General Fiction and was written by John Varley. It was published by Berkley Publishing Group in 1980. Search and recommendation terms derived from the available metadata include: titan, varley, general, fiction.",English,"titan, varley, general, fiction",http://images.amazon.com/images/P/0425049981.01.MZZZZZZZ.jpg
0374386676,The Year They Burned the Books,Nancy Garden,1999,Farrar Straus Giroux,General Fiction,"Bibliographic summary: “The Year They Burned the Books” is classified as General Fiction and was written by Nancy Garden. It was published by Farrar Straus Giroux in 1999. Search and recommendation terms derived from the available metadata include: year, they, burned, garden, general, fiction.",English,"year, they, burned, garden, general, fiction",http://images.amazon.com/images/P/0374386676.01.MZZZZZZZ.jpg
0786886463,A Density of Souls,Christopher Rice,2001,Miramax,Religion & Spirituality,"Bibliographic summary: “A Density of Souls” is classified as Religion & Spirituality and was written by Christopher Rice. It was published by Miramax in 2001. Search and recommendation terms derived from the available metadata include: density, souls, rice, religion, spirituality.",English,"density, souls, rice, religion, spirituality",http://images.amazon.com/images/P/0786886463.01.MZZZZZZZ.jpg
0345395379,Slow River,Nicola Griffith,1996,Ballantine Books,General Fiction,"Bibliographic summary: “Slow River” is classified as General Fiction and was written by Nicola Griffith. It was published by Ballantine Books in 1996. Search and recommendation terms derived from the available metadata include: slow, river, griffith, general, fiction.",English,"slow, river, griffith, general, fiction",http://images.amazon.com/images/P/0345395379.01.MZZZZZZZ.jpg
0380788497,Changer,Jane Lindskold,1998,Eos,General Fiction,"Bibliographic summary: “Changer” is classified as General Fiction and was written by Jane Lindskold. It was published by Eos in 1998. Search and recommendation terms derived from the available metadata include: changer, lindskold, general, fiction.",English,"changer, lindskold, general, fiction",http://images.amazon.com/images/P/0380788497.01.MZZZZZZZ.jpg
0307215342,Trixie Belden and the Mystery Off Glen Road (Mystery Off Glen Road),Julie Campbell,1977,Random House Childrens Books,Children & Young Adult,"Bibliographic summary: “Trixie Belden and the Mystery Off Glen Road (Mystery Off Glen Road)” is classified as Children & Young Adult and was written by Julie Campbell. It was published by Random House Childrens Books in 1977. Search and recommendation terms derived from the available metadata include: trixie, belden, mystery, off, glen, road, campbell, children, young, adult.",English,"trixie, belden, mystery, off, glen, road, campbell, children, young, adult",http://images.amazon.com/images/P/0307215342.01.MZZZZZZZ.jpg
0374343381,Lark in the Morning,Nancy Garden,1991,Farrar Straus & Giroux,General Fiction,"Bibliographic summary: “Lark in the Morning” is classified as General Fiction and was written by Nancy Garden. It was published by Farrar Straus & Giroux in 1991. Search and recommendation terms derived from the available metadata include: lark, morning, garden, general, fiction.",English,"lark, morning, garden, general, fiction",http://images.amazon.com/images/P/0374343381.01.MZZZZZZZ.jpg
0345403339,Saving Grace,LEE SMITH,1996,Ballantine Books,General Fiction,"Bibliographic summary: “Saving Grace” is classified as General Fiction and was written by LEE SMITH. It was published by Ballantine Books in 1996. Search and recommendation terms derived from the available metadata include: saving, grace, smith, general, fiction.",English,"saving, grace, smith, general, fiction",http://images.amazon.com/images/P/0345403339.01.MZZZZZZZ.jpg
0440226694,Lena (50 State Quarters),JACQUELINE WOODSON,2000,Laurel Leaf,Art & Photography,"Bibliographic summary: “Lena (50 State Quarters)” is classified as Art & Photography and was written by JACQUELINE WOODSON. It was published by Laurel Leaf in 2000. Search and recommendation terms derived from the available metadata include: lena, state, quarters, woodson, art, photography.",English,"lena, state, quarters, woodson, art, photography",http://images.amazon.com/images/P/0440226694.01.MZZZZZZZ.jpg
0440219604,I Hadn't Meant to Tell You This,Jacqueline Woodson,1995,Laurel-Leaf Books,General Fiction,"Bibliographic summary: “I Hadn't Meant to Tell You This” is classified as General Fiction and was written by Jacqueline Woodson. It was published by Laurel-Leaf Books in 1995. Search and recommendation terms derived from the available metadata include: hadn't, meant, tell, you, woodson, general, fiction.",English,"hadn't, meant, tell, you, woodson, general, fiction",http://images.amazon.com/images/P/0440219604.01.MZZZZZZZ.jpg
0767903285,Raise the Roof: The Inspiring Inside Story of the Tennessee Lady Vols' Undefeated 1997-98 Season,Pat Head Summitt,1998,Broadway Books,General Fiction,"Bibliographic summary: “Raise the Roof: The Inspiring Inside Story of the Tennessee Lady Vols' Undefeated 1997-98 Season” is classified as General Fiction and was written by Pat Head Summitt. It was published by Broadway Books in 1998. Search and recommendation terms derived from the available metadata include: raise, roof, inspiring, inside, story, tennessee, lady, vols, undefeated, 1997.",English,"raise, roof, inspiring, inside, story, tennessee, lady, vols, undefeated, 1997",http://images.amazon.com/images/P/0767903285.01.MZZZZZZZ.jpg
0345429176,"Ufos, JFK and Elvis: Conspiracies You Don't Have to Be Crazy to Believe",Richard Belzer,1999,Ballantine Books,General Fiction,"Bibliographic summary: “Ufos, JFK and Elvis: Conspiracies You Don't Have to Be Crazy to Believe” is classified as General Fiction and was written by Richard Belzer. It was published by Ballantine Books in 1999. Search and recommendation terms derived from the available metadata include: ufos, jfk, elvis, conspiracies, you, don't, have, crazy, believe, belzer.",English,"ufos, jfk, elvis, conspiracies, you, don't, have, crazy, believe, belzer",http://images.amazon.com/images/P/0345429176.01.MZZZZZZZ.jpg
1573229571,About a Boy (Movie Tie-In),Nick Hornby,2002,Riverhead Books,General Fiction,"Bibliographic summary: “About a Boy (Movie Tie-In)” is classified as General Fiction and was written by Nick Hornby. It was published by Riverhead Books in 2002. Search and recommendation terms derived from the available metadata include: boy, movie, tie, hornby, general, fiction.",English,"boy, movie, tie, hornby, general, fiction",http://images.amazon.com/images/P/1573229571.01.MZZZZZZZ.jpg
0517201658,The Thorn Birds (Modern Classics),Colleen McCullough,1998,Wings,General Fiction,"Bibliographic summary: “The Thorn Birds (Modern Classics)” is classified as General Fiction and was written by Colleen McCullough. It was published by Wings in 1998. Search and recommendation terms derived from the available metadata include: thorn, birds, modern, classics, mccullough, general, fiction.",English,"thorn, birds, modern, classics, mccullough, general, fiction",http://images.amazon.com/images/P/0517201658.01.MZZZZZZZ.jpg
0743211383,Dreamcatcher,Stephen King,2001,Scribner,Horror,"Bibliographic summary: “Dreamcatcher” is classified as Horror and was written by Stephen King. It was published by Scribner in 2001. Search and recommendation terms derived from the available metadata include: dreamcatcher, king, horror.",English,"dreamcatcher, king, horror",http://images.amazon.com/images/P/0743211383.01.MZZZZZZZ.jpg
039914370X,Sudden Mischief (Spenser Mysteries (Hardcover)),Robert B. Parker,1998,Putnam Pub Group,General Fiction,"Bibliographic summary: “Sudden Mischief (Spenser Mysteries (Hardcover))” is classified as General Fiction and was written by Robert B. Parker. It was published by Putnam Pub Group in 1998. Search and recommendation terms derived from the available metadata include: sudden, mischief, spenser, mysteries, hardcover, parker, general, fiction.",English,"sudden, mischief, spenser, mysteries, hardcover, parker, general, fiction",http://images.amazon.com/images/P/039914370X.01.MZZZZZZZ.jpg
1884777805,Elements of Programming With Perl,Andrew L. Johnson,1999,Manning Publications,Science & Technology,"Bibliographic summary: “Elements of Programming With Perl” is classified as Science & Technology and was written by Andrew L. Johnson. It was published by Manning Publications in 1999. Search and recommendation terms derived from the available metadata include: elements, programming, perl, johnson, science, technology.",English,"elements, programming, perl, johnson, science, technology",http://images.amazon.com/images/P/1884777805.01.MZZZZZZZ.jpg
0312977905,To Catch a Cat,Marian Babson,2002,St. Martin's Minotaur,Art & Photography,"Bibliographic summary: “To Catch a Cat” is classified as Art & Photography and was written by Marian Babson. It was published by St. Martin's Minotaur in 2002. Search and recommendation terms derived from the available metadata include: catch, cat, babson, art, photography.",English,"catch, cat, babson, art, photography",http://images.amazon.com/images/P/0312977905.01.MZZZZZZZ.jpg
0812521331,"People of the Wolf (The First North Americans series, Book 1)",W. Michael Gear,1992,Tor Books,General Fiction,"Bibliographic summary: “People of the Wolf (The First North Americans series, Book 1)” is classified as General Fiction and was written by W. Michael Gear. It was published by Tor Books in 1992. Search and recommendation terms derived from the available metadata include: people, wolf, first, north, americans, series, gear, general, fiction.",English,"people, wolf, first, north, americans, series, gear, general, fiction",http://images.amazon.com/images/P/0812521331.01.MZZZZZZZ.jpg
0894342789,College Majors and Careers: A Resource Guide for Effective Life Planning (College Majors and Careers),Paul Phifer,1999,Ferguson Publishing Company,General Fiction,"Bibliographic summary: “College Majors and Careers: A Resource Guide for Effective Life Planning (College Majors and Careers)” is classified as General Fiction and was written by Paul Phifer. It was published by Ferguson Publishing Company in 1999. Search and recommendation terms derived from the available metadata include: college, majors, careers, resource, guide, effective, life, planning, phifer, general.",English,"college, majors, careers, resource, guide, effective, life, planning, phifer, general",http://images.amazon.com/images/P/0894342789.01.MZZZZZZZ.jpg
0440218535,Smilla's Sense of Snow,Peter Hoeg,1997,Island,General Fiction,"Bibliographic summary: “Smilla's Sense of Snow” is classified as General Fiction and was written by Peter Hoeg. It was published by Island in 1997. Search and recommendation terms derived from the available metadata include: smilla's, sense, snow, hoeg, general, fiction.",English,"smilla's, sense, snow, hoeg, general, fiction",http://images.amazon.com/images/P/0440218535.01.MZZZZZZZ.jpg
0449207595,The Grass Is Always Greener over the Septic Tank,Erma Bombeck,1988,Fawcett Books,General Fiction,"Bibliographic summary: “The Grass Is Always Greener over the Septic Tank” is classified as General Fiction and was written by Erma Bombeck. It was published by Fawcett Books in 1988. Search and recommendation terms derived from the available metadata include: grass, always, greener, septic, tank, bombeck, general, fiction.",English,"grass, always, greener, septic, tank, bombeck, general, fiction",http://images.amazon.com/images/P/0449207595.01.MZZZZZZZ.jpg
8806142267,Viaggi del tempo immobile (I coralli),Roberto Vecchioni,1996,Einaudi,General Fiction,"Bibliographic summary: “Viaggi del tempo immobile (I coralli)” is classified as General Fiction and was written by Roberto Vecchioni. It was published by Einaudi in 1996. Search and recommendation terms derived from the available metadata include: viaggi, del, tempo, immobile, coralli, vecchioni, general, fiction.",English,"viaggi, del, tempo, immobile, coralli, vecchioni, general, fiction",http://images.amazon.com/images/P/8806142267.01.MZZZZZZZ.jpg
0670844594,Rumpole on Trial,John Mortimer,1992,Penguin USA,General Fiction,"Bibliographic summary: “Rumpole on Trial” is classified as General Fiction and was written by John Mortimer. It was published by Penguin USA in 1992. Search and recommendation terms derived from the available metadata include: rumpole, trial, mortimer, general, fiction.",English,"rumpole, trial, mortimer, general, fiction",http://images.amazon.com/images/P/0670844594.01.MZZZZZZZ.jpg
039457513X,Billy Bathgate,E. L. Doctorow,1989,Random House,Health & Medicine,"Bibliographic summary: “Billy Bathgate” is classified as Health & Medicine and was written by E. L. Doctorow. It was published by Random House in 1989. Search and recommendation terms derived from the available metadata include: billy, bathgate, doctorow, health, medicine.",English,"billy, bathgate, doctorow, health, medicine",http://images.amazon.com/images/P/039457513X.01.MZZZZZZZ.jpg
0394559487,Citizens: A Chronicle of the French Revolution,Simon Schama,1989,Random House Inc,History,"Bibliographic summary: “Citizens: A Chronicle of the French Revolution” is classified as History and was written by Simon Schama. It was published by Random House Inc in 1989. Search and recommendation terms derived from the available metadata include: citizens, chronicle, french, revolution, schama, history.",English,"citizens, chronicle, french, revolution, schama, history",http://images.amazon.com/images/P/0394559487.01.MZZZZZZZ.jpg
0804001944,The Man Who Killed the Deer,Frank Waters,1970,Ohio University Press,General Fiction,"Bibliographic summary: “The Man Who Killed the Deer” is classified as General Fiction and was written by Frank Waters. It was published by Ohio University Press in 1970. Search and recommendation terms derived from the available metadata include: man, who, killed, deer, waters, general, fiction.",English,"man, who, killed, deer, waters, general, fiction",http://images.amazon.com/images/P/0804001944.01.MZZZZZZZ.jpg
0590897985,The Music of Dolphins (Apple Signature Edition),Karen Hesse,1998,Hyperion Books for Children,Children & Young Adult,"Bibliographic summary: “The Music of Dolphins (Apple Signature Edition)” is classified as Children & Young Adult and was written by Karen Hesse. It was published by Hyperion Books for Children in 1998. Search and recommendation terms derived from the available metadata include: music, dolphins, apple, signature, hesse, children, young, adult.",English,"music, dolphins, apple, signature, hesse, children, young, adult",http://images.amazon.com/images/P/0590897985.01.MZZZZZZZ.jpg
0689832877,Sunwing (Aladdin Fantasy),Kenneth Oppel,2001,Aladdin,Fantasy,"Bibliographic summary: “Sunwing (Aladdin Fantasy)” is classified as Fantasy and was written by Kenneth Oppel. It was published by Aladdin in 2001. Search and recommendation terms derived from the available metadata include: sunwing, aladdin, fantasy, oppel.",English,"sunwing, aladdin, fantasy, oppel",http://images.amazon.com/images/P/0689832877.01.MZZZZZZZ.jpg
0689829698,Caddie Woodlawn - Newbery Promo '99 (Aladdin Fiction),Carol Ryrie Brink,1999,Aladdin,Politics & Society,"Bibliographic summary: “Caddie Woodlawn - Newbery Promo '99 (Aladdin Fiction)” is classified as Politics & Society and was written by Carol Ryrie Brink. It was published by Aladdin in 1999. Search and recommendation terms derived from the available metadata include: caddie, woodlawn, newbery, promo, aladdin, fiction, brink, politics, society.",English,"caddie, woodlawn, newbery, promo, aladdin, fiction, brink, politics, society",http://images.amazon.com/images/P/0689829698.01.MZZZZZZZ.jpg
0439042917,The Hork-Bajir Chronicles (Animorphs Series),K. A. Applegate,1998,Scholastic,General Fiction,"Bibliographic summary: “The Hork-Bajir Chronicles (Animorphs Series)” is classified as General Fiction and was written by K. A. Applegate. It was published by Scholastic in 1998. Search and recommendation terms derived from the available metadata include: hork, bajir, chronicles, animorphs, series, applegate, general, fiction.",English,"hork, bajir, chronicles, animorphs, series, applegate, general, fiction",http://images.amazon.com/images/P/0439042917.01.MZZZZZZZ.jpg
0064409457,The Silver Chair (full color) (Narnia),C. S. Lewis,2000,HarperTrophy,General Fiction,"Bibliographic summary: “The Silver Chair (full color) (Narnia)” is classified as General Fiction and was written by C. S. Lewis. It was published by HarperTrophy in 2000. Search and recommendation terms derived from the available metadata include: silver, chair, full, color, narnia, lewis, general, fiction.",English,"silver, chair, full, color, narnia, lewis, general, fiction",http://images.amazon.com/images/P/0064409457.01.MZZZZZZZ.jpg
0064405052,The Magician's Nephew (Narnia),C. S. Lewis,1994,HarperTrophy,Fantasy,"Bibliographic summary: “The Magician's Nephew (Narnia)” is classified as Fantasy and was written by C. S. Lewis. It was published by HarperTrophy in 1994. Search and recommendation terms derived from the available metadata include: magician's, nephew, narnia, lewis, fantasy.",English,"magician's, nephew, narnia, lewis, fantasy",http://images.amazon.com/images/P/0064405052.01.MZZZZZZZ.jpg
043922165X,"Circles in the Stream (Avalon: Web of Magic, 1)",Shelly R. Roberts,2001,Scholastic,Fantasy,"Bibliographic summary: “Circles in the Stream (Avalon: Web of Magic, 1)” is classified as Fantasy and was written by Shelly R. Roberts. It was published by Scholastic in 2001. Search and recommendation terms derived from the available metadata include: circles, stream, avalon, web, magic, roberts, fantasy.",English,"circles, stream, avalon, web, magic, roberts, fantasy",http://images.amazon.com/images/P/043922165X.01.MZZZZZZZ.jpg
0152162445,High Wizardry: The Third Book in the Young Wizards Series,Diane Duane,2001,Magic Carpet Books,Fantasy,"Bibliographic summary: “High Wizardry: The Third Book in the Young Wizards Series” is classified as Fantasy and was written by Diane Duane. It was published by Magic Carpet Books in 2001. Search and recommendation terms derived from the available metadata include: high, wizardry, third, young, wizards, series, duane, fantasy.",English,"high, wizardry, third, young, wizards, series, duane, fantasy",http://images.amazon.com/images/P/0152162445.01.MZZZZZZZ.jpg
0152162577,Deep Wizardry: The Second Book in the Young Wizards Series,Diane Duane,2001,Magic Carpet Books,Fantasy,"Bibliographic summary: “Deep Wizardry: The Second Book in the Young Wizards Series” is classified as Fantasy and was written by Diane Duane. It was published by Magic Carpet Books in 2001. Search and recommendation terms derived from the available metadata include: deep, wizardry, second, young, wizards, series, duane, fantasy.",English,"deep, wizardry, second, young, wizards, series, duane, fantasy",http://images.amazon.com/images/P/0152162577.01.MZZZZZZZ.jpg
015216250X,So You Want to Be a Wizard: The First Book in the Young Wizards Series,Diane Duane,2001,Magic Carpet Books,Fantasy,"Bibliographic summary: “So You Want to Be a Wizard: The First Book in the Young Wizards Series” is classified as Fantasy and was written by Diane Duane. It was published by Magic Carpet Books in 2001. Search and recommendation terms derived from the available metadata include: you, want, wizard, first, young, wizards, series, duane, fantasy.",English,"you, want, wizard, first, young, wizards, series, duane, fantasy",http://images.amazon.com/images/P/015216250X.01.MZZZZZZZ.jpg
1562477528,Going for Great (Ag Fiction (American Girl)),Carolee Brockmann,1999,Pleasant Company Publications,General Fiction,"Bibliographic summary: “Going for Great (Ag Fiction (American Girl))” is classified as General Fiction and was written by Carolee Brockmann. It was published by Pleasant Company Publications in 1999. Search and recommendation terms derived from the available metadata include: going, great, fiction, american, girl, brockmann, general.",English,"going, great, fiction, american, girl, brockmann, general",http://images.amazon.com/images/P/1562477528.01.MZZZZZZZ.jpg
0439221676,"All That Glitters (Avalon, 2)",Rachel Roberts,2001,Scholastic,General Fiction,"Bibliographic summary: “All That Glitters (Avalon, 2)” is classified as General Fiction and was written by Rachel Roberts. It was published by Scholastic in 2001. Search and recommendation terms derived from the available metadata include: all, glitters, avalon, roberts, general, fiction.",English,"all, glitters, avalon, roberts, general, fiction",http://images.amazon.com/images/P/0439221676.01.MZZZZZZZ.jpg
0439221684,"Cry of the Wolf (Avalon, 3)",Rachel Roberts,2001,Scholastic,General Fiction,"Bibliographic summary: “Cry of the Wolf (Avalon, 3)” is classified as General Fiction and was written by Rachel Roberts. It was published by Scholastic in 2001. Search and recommendation terms derived from the available metadata include: cry, wolf, avalon, roberts, general, fiction.",English,"cry, wolf, avalon, roberts, general, fiction",http://images.amazon.com/images/P/0439221684.01.MZZZZZZZ.jpg
0439221714,"The Secret of the Unicorn (Avalon Web of Magic, 4)",Rachel Roberts,2000,Scholastic Paperbacks,Fantasy,"Bibliographic summary: “The Secret of the Unicorn (Avalon Web of Magic, 4)” is classified as Fantasy and was written by Rachel Roberts. It was published by Scholastic Paperbacks in 2000. Search and recommendation terms derived from the available metadata include: secret, unicorn, avalon, web, magic, roberts, fantasy.",English,"secret, unicorn, avalon, web, magic, roberts, fantasy",http://images.amazon.com/images/P/0439221714.01.MZZZZZZZ.jpg
0439221706,Avalon: Web Of Magic #5: Spellsinger,Rachel Roberts,2002,Scholastic Paperbacks,Fantasy,"Bibliographic summary: “Avalon: Web Of Magic #5: Spellsinger” is classified as Fantasy and was written by Rachel Roberts. It was published by Scholastic Paperbacks in 2002. Search and recommendation terms derived from the available metadata include: avalon, web, magic, spellsinger, roberts, fantasy.",English,"avalon, web, magic, spellsinger, roberts, fantasy",http://images.amazon.com/images/P/0439221706.01.MZZZZZZZ.jpg
0439221730,Trial by Fire,Rachel Roberts,2002,Scholastic Paperbacks,General Fiction,"Bibliographic summary: “Trial by Fire” is classified as General Fiction and was written by Rachel Roberts. It was published by Scholastic Paperbacks in 2002. Search and recommendation terms derived from the available metadata include: trial, fire, roberts, general, fiction.",English,"trial, fire, roberts, general, fiction",http://images.amazon.com/images/P/0439221730.01.MZZZZZZZ.jpg
0440415993,"Ties That Bind, Ties That Break (Laurel-Leaf Books)",Lensey Namioka,2000,Laurel-Leaf Books,General Fiction,"Bibliographic summary: “Ties That Bind, Ties That Break (Laurel-Leaf Books)” is classified as General Fiction and was written by Lensey Namioka. It was published by Laurel-Leaf Books in 2000. Search and recommendation terms derived from the available metadata include: ties, bind, break, laurel, leaf, namioka, general, fiction.",English,"ties, bind, break, laurel, leaf, namioka, general, fiction",http://images.amazon.com/images/P/0440415993.01.MZZZZZZZ.jpg
0895872102,"The Hauntings of Williamsburg, Yorktown, and Jamestown",Jackie Eileen Behrend,1998,John F. Blair Publisher,General Fiction,"Bibliographic summary: “The Hauntings of Williamsburg, Yorktown, and Jamestown” is classified as General Fiction and was written by Jackie Eileen Behrend. It was published by John F. Blair Publisher in 1998. Search and recommendation terms derived from the available metadata include: hauntings, williamsburg, yorktown, jamestown, behrend, general, fiction.",English,"hauntings, williamsburg, yorktown, jamestown, behrend, general, fiction",http://images.amazon.com/images/P/0895872102.01.MZZZZZZZ.jpg
068983585X,The Janitor's Boy,Andrew Clements,2001,Aladdin,General Fiction,"Bibliographic summary: “The Janitor's Boy” is classified as General Fiction and was written by Andrew Clements. It was published by Aladdin in 2001. Search and recommendation terms derived from the available metadata include: janitor's, boy, clements, general, fiction.",English,"janitor's, boy, clements, general, fiction",http://images.amazon.com/images/P/068983585X.01.MZZZZZZZ.jpg
0440219078,The Giver (21st Century Reference),LOIS LOWRY,1994,Laure Leaf,History,"Bibliographic summary: “The Giver (21st Century Reference)” is classified as History and was written by LOIS LOWRY. It was published by Laure Leaf in 1994. Search and recommendation terms derived from the available metadata include: giver, 21st, century, reference, lowry, history.",English,"giver, 21st, century, reference, lowry, history",http://images.amazon.com/images/P/0440219078.01.MZZZZZZZ.jpg
185424597X,The Heavenly Man: The Remarkable True Story of Chinese Christian Brother Yun,Paul Hattaway,2003,Monarch Books,Biography & Memoir,"Bibliographic summary: “The Heavenly Man: The Remarkable True Story of Chinese Christian Brother Yun” is classified as Biography & Memoir and was written by Paul Hattaway. It was published by Monarch Books in 2003. Search and recommendation terms derived from the available metadata include: heavenly, man, remarkable, true, story, chinese, christian, brother, yun, hattaway.",English,"heavenly, man, remarkable, true, story, chinese, christian, brother, yun, hattaway",http://images.amazon.com/images/P/185424597X.01.MZZZZZZZ.jpg
2080105434,The Little Book of Chocolate (Little Book Of...(Flammarion)),Alain Stella,2001,Flammarion,General Fiction,"Bibliographic summary: “The Little Book of Chocolate (Little Book Of...(Flammarion))” is classified as General Fiction and was written by Alain Stella. It was published by Flammarion in 2001. Search and recommendation terms derived from the available metadata include: little, chocolate, flammarion, stella, general, fiction.",English,"little, chocolate, flammarion, stella, general, fiction",http://images.amazon.com/images/P/2080105434.01.MZZZZZZZ.jpg
349913358X,Das Schlampenbuch. ErzÃ?Â¤hlungen. ( neue frau).,Milena Moser,1993,Rowohlt Tb.,General Fiction,"Bibliographic summary: “Das Schlampenbuch. ErzÃ?Â¤hlungen. ( neue frau).” is classified as General Fiction and was written by Milena Moser. It was published by Rowohlt Tb. in 1993. Search and recommendation terms derived from the available metadata include: das, schlampenbuch, erzã, hlungen, neue, frau, moser, general, fiction.",French,"das, schlampenbuch, erzã, hlungen, neue, frau, moser, general, fiction",http://images.amazon.com/images/P/349913358X.01.MZZZZZZZ.jpg
3257201761,Die zwei Gesichter des Januars.,Patricia Highsmith,1974,Diogenes Verlag,General Fiction,"Bibliographic summary: “Die zwei Gesichter des Januars.” is classified as General Fiction and was written by Patricia Highsmith. It was published by Diogenes Verlag in 1974. Search and recommendation terms derived from the available metadata include: die, zwei, gesichter, des, januars, highsmith, general, fiction.",English,"die, zwei, gesichter, des, januars, highsmith, general, fiction",http://images.amazon.com/images/P/3257201761.01.MZZZZZZZ.jpg
3404121686,Nacht Ã?Â¼ber den Wassern.,Ken Follett,1994,LÃ?Â¼bbe,General Fiction,"Bibliographic summary: “Nacht Ã?Â¼ber den Wassern.” is classified as General Fiction and was written by Ken Follett. It was published by LÃ?Â¼bbe in 1994. Search and recommendation terms derived from the available metadata include: nacht, ber, den, wassern, follett, general, fiction.",French,"nacht, ber, den, wassern, follett, general, fiction",http://images.amazon.com/images/P/3404121686.01.MZZZZZZZ.jpg
3404118960,Die SÃ?Â¤ulen der Erde. Roman.,Ken Follett,1992,LÃ?Â¼bbe,General Fiction,"Bibliographic summary: “Die SÃ?Â¤ulen der Erde. Roman.” is classified as General Fiction and was written by Ken Follett. It was published by LÃ?Â¼bbe in 1992. Search and recommendation terms derived from the available metadata include: die, ulen, der, erde, roman, follett, general, fiction.",German,"die, ulen, der, erde, roman, follett, general, fiction",http://images.amazon.com/images/P/3404118960.01.MZZZZZZZ.jpg
0345356578,A Man Rides Through (Man Rides Through),Stephen Donaldson,1990,Del Rey Books,General Fiction,"Bibliographic summary: “A Man Rides Through (Man Rides Through)” is classified as General Fiction and was written by Stephen Donaldson. It was published by Del Rey Books in 1990. Search and recommendation terms derived from the available metadata include: man, rides, donaldson, general, fiction.",English,"man, rides, donaldson, general, fiction",http://images.amazon.com/images/P/0345356578.01.MZZZZZZZ.jpg
0345346971,Mirror of Her Dreams (Mordant's Need),STEPHEN R. DONALDSON,1987,Del Rey,General Fiction,"Bibliographic summary: “Mirror of Her Dreams (Mordant's Need)” is classified as General Fiction and was written by STEPHEN R. DONALDSON. It was published by Del Rey in 1987. Search and recommendation terms derived from the available metadata include: mirror, dreams, mordant's, need, donaldson, general, fiction.",English,"mirror, dreams, mordant's, need, donaldson, general, fiction",http://images.amazon.com/images/P/0345346971.01.MZZZZZZZ.jpg
0451155750,The Dead Zone,Stephen King,2004,Signet Book,Horror,"Bibliographic summary: “The Dead Zone” is classified as Horror and was written by Stephen King. It was published by Signet Book in 2004. Search and recommendation terms derived from the available metadata include: dead, zone, king, horror.",English,"dead, zone, king, horror",http://images.amazon.com/images/P/0451155750.01.MZZZZZZZ.jpg
0786890436,The Diary of Ellen Rimbauer: My Life at Rose Red,Ellen Rimbauer,2002,Hyperion Press,Biography & Memoir,"Bibliographic summary: “The Diary of Ellen Rimbauer: My Life at Rose Red” is classified as Biography & Memoir and was written by Ellen Rimbauer. It was published by Hyperion Press in 2002. Search and recommendation terms derived from the available metadata include: diary, ellen, rimbauer, life, rose, red, biography, memoir.",English,"diary, ellen, rimbauer, life, rose, red, biography, memoir",http://images.amazon.com/images/P/0786890436.01.MZZZZZZZ.jpg
0415928087,A New Germany in a New Europe,Todd Herzog,2000,Routledge,General Fiction,"Bibliographic summary: “A New Germany in a New Europe” is classified as General Fiction and was written by Todd Herzog. It was published by Routledge in 2000. Search and recommendation terms derived from the available metadata include: new, germany, europe, herzog, general, fiction.",English,"new, germany, europe, herzog, general, fiction",http://images.amazon.com/images/P/0415928087.01.MZZZZZZZ.jpg
0521427150,"Belonging in the Two Berlins : Kin, State, Nation (Cambridge Studies in Social and Cultural Anthropology)",John Borneman,1992,Cambridge University Press,Politics & Society,"Bibliographic summary: “Belonging in the Two Berlins : Kin, State, Nation (Cambridge Studies in Social and Cultural Anthropology)” is classified as Politics & Society and was written by John Borneman. It was published by Cambridge University Press in 1992. Search and recommendation terms derived from the available metadata include: belonging, two, berlins, kin, state, nation, cambridge, studies, social, cultural.",English,"belonging, two, berlins, kin, state, nation, cambridge, studies, social, cultural",http://images.amazon.com/images/P/0521427150.01.MZZZZZZZ.jpg
0812923278,The Great Depression : America 1929-1941,ROBERT S. MCELVAINE,1993,Three Rivers Press,General Fiction,"Bibliographic summary: “The Great Depression : America 1929-1941” is classified as General Fiction and was written by ROBERT S. MCELVAINE. It was published by Three Rivers Press in 1993. Search and recommendation terms derived from the available metadata include: great, depression, america, 1929, 1941, mcelvaine, general, fiction.",English,"great, depression, america, 1929, 1941, mcelvaine, general, fiction",http://images.amazon.com/images/P/0812923278.01.MZZZZZZZ.jpg
0884111342,Lady of the Shroud,Bram Stoker,1989,Amereon Limited,General Fiction,"Bibliographic summary: “Lady of the Shroud” is classified as General Fiction and was written by Bram Stoker. It was published by Amereon Limited in 1989. Search and recommendation terms derived from the available metadata include: lady, shroud, stoker, general, fiction.",English,"lady, shroud, stoker, general, fiction",http://images.amazon.com/images/P/0884111342.01.MZZZZZZZ.jpg
0345428544,"Dark Tide I: Onslaught (Star Wars: The New Jedi Order, Book 2)",Michael A. Stackpole,2000,Del Rey Books,History,"Bibliographic summary: “Dark Tide I: Onslaught (Star Wars: The New Jedi Order, Book 2)” is classified as History and was written by Michael A. Stackpole. It was published by Del Rey Books in 2000. Search and recommendation terms derived from the available metadata include: dark, tide, onslaught, star, wars, new, jedi, order, stackpole, history.",English,"dark, tide, onslaught, star, wars, new, jedi, order, stackpole, history",http://images.amazon.com/images/P/0345428544.01.MZZZZZZZ.jpg
0671694049,LONG DARK TEA TIME OF THE SOUL,Douglas Adams,1990,Pocket,Science Fiction,"Bibliographic summary: “LONG DARK TEA TIME OF THE SOUL” is classified as Science Fiction and was written by Douglas Adams. It was published by Pocket in 1990. Search and recommendation terms derived from the available metadata include: long, dark, tea, time, soul, adams, science, fiction.",English,"long, dark, tea, time, soul, adams, science, fiction",http://images.amazon.com/images/P/0671694049.01.MZZZZZZZ.jpg
080901582X,The Return of Simple,Langston Hughes,1995,Hill & Wang,General Fiction,"Bibliographic summary: “The Return of Simple” is classified as General Fiction and was written by Langston Hughes. It was published by Hill & Wang in 1995. Search and recommendation terms derived from the available metadata include: return, simple, hughes, general, fiction.",English,"return, simple, hughes, general, fiction",http://images.amazon.com/images/P/080901582X.01.MZZZZZZZ.jpg
0449006557,Half Moon Street (Charlotte & Thomas Pitt Novels (Paperback)),Anne Perry,2001,Ballantine Books,General Fiction,"Bibliographic summary: “Half Moon Street (Charlotte & Thomas Pitt Novels (Paperback))” is classified as General Fiction and was written by Anne Perry. It was published by Ballantine Books in 2001. Search and recommendation terms derived from the available metadata include: half, moon, street, charlotte, thomas, pitt, novels, paperback, perry, general.",English,"half, moon, street, charlotte, thomas, pitt, novels, paperback, perry, general",http://images.amazon.com/images/P/0449006557.01.MZZZZZZZ.jpg
0373250339,A Minor Indiscretion (Red Dress Ink (Paperback)),Carol Matthews,2003,Red Dress Ink,General Fiction,"Bibliographic summary: “A Minor Indiscretion (Red Dress Ink (Paperback))” is classified as General Fiction and was written by Carol Matthews. It was published by Red Dress Ink in 2003. Search and recommendation terms derived from the available metadata include: minor, indiscretion, red, dress, ink, paperback, matthews, general, fiction.",English,"minor, indiscretion, red, dress, ink, paperback, matthews, general, fiction",http://images.amazon.com/images/P/0373250339.01.MZZZZZZZ.jpg
0380820447,"For Better, for Worse: A Novel",Carole Matthews,2002,Avon Trade,General Fiction,"Bibliographic summary: “For Better, for Worse: A Novel” is classified as General Fiction and was written by Carole Matthews. It was published by Avon Trade in 2002. Search and recommendation terms derived from the available metadata include: better, worse, matthews, general, fiction.",English,"better, worse, matthews, general, fiction",http://images.amazon.com/images/P/0380820447.01.MZZZZZZZ.jpg
0385497679,Hidden in Plain View: A Secret Story of Quilts and the Underground Railroad,Jacqueline L. Tobin,2000,Anchor Pub,General Fiction,"Bibliographic summary: “Hidden in Plain View: A Secret Story of Quilts and the Underground Railroad” is classified as General Fiction and was written by Jacqueline L. Tobin. It was published by Anchor Pub in 2000. Search and recommendation terms derived from the available metadata include: hidden, plain, view, secret, story, quilts, underground, railroad, tobin, general.",English,"hidden, plain, view, secret, story, quilts, underground, railroad, tobin, general",http://images.amazon.com/images/P/0385497679.01.MZZZZZZZ.jpg
0451454243,The Forest House,Marion Zimmer Bradley,1995,Roc,General Fiction,"Bibliographic summary: “The Forest House” is classified as General Fiction and was written by Marion Zimmer Bradley. It was published by Roc in 1995. Search and recommendation terms derived from the available metadata include: forest, house, bradley, general, fiction.",English,"forest, house, bradley, general, fiction",http://images.amazon.com/images/P/0451454243.01.MZZZZZZZ.jpg
0941423042,American Poetry Since 1970: Up Late,Andrei Codrescu,1988,Four Walls Eight Windows,Poetry & Drama,"Bibliographic summary: “American Poetry Since 1970: Up Late” is classified as Poetry & Drama and was written by Andrei Codrescu. It was published by Four Walls Eight Windows in 1988. Search and recommendation terms derived from the available metadata include: american, poetry, since, 1970, late, codrescu, drama.",English,"american, poetry, since, 1970, late, codrescu, drama",http://images.amazon.com/images/P/0941423042.01.MZZZZZZZ.jpg
0373871562,Twin Blessings (Love Inspired (Numbered)),Carolyne Aarsen,2001,Steeple Hill,Romance,"Bibliographic summary: “Twin Blessings (Love Inspired (Numbered))” is classified as Romance and was written by Carolyne Aarsen. It was published by Steeple Hill in 2001. Search and recommendation terms derived from the available metadata include: twin, blessings, love, inspired, numbered, aarsen, romance.",English,"twin, blessings, love, inspired, numbered, aarsen, romance",http://images.amazon.com/images/P/0373871562.01.MZZZZZZZ.jpg
0553101439,West of Dodge: Frontier Stories,Louis L'Amour,1996,Bantam,General Fiction,"Bibliographic summary: “West of Dodge: Frontier Stories” is classified as General Fiction and was written by Louis L'Amour. It was published by Bantam in 1996. Search and recommendation terms derived from the available metadata include: west, dodge, frontier, stories, l'amour, general, fiction.",English,"west, dodge, frontier, stories, l'amour, general, fiction",http://images.amazon.com/images/P/0553101439.01.MZZZZZZZ.jpg
0898151910,"How to Make $1,000 a Minute: Negotiating Salaries and Raises",Jack Chapman,1987,Ten Speed Pr,General Fiction,"Bibliographic summary: “How to Make $1,000 a Minute: Negotiating Salaries and Raises” is classified as General Fiction and was written by Jack Chapman. It was published by Ten Speed Pr in 1987. Search and recommendation terms derived from the available metadata include: how, make, 000, minute, negotiating, salaries, raises, chapman, general, fiction.",English,"how, make, 000, minute, negotiating, salaries, raises, chapman, general, fiction",http://images.amazon.com/images/P/0898151910.01.MZZZZZZZ.jpg
0835949362,Non-manipulative selling,Anthony J Alessandra,1981,Reston Pub. Co,General Fiction,"Bibliographic summary: “Non-manipulative selling” is classified as General Fiction and was written by Anthony J Alessandra. It was published by Reston Pub. Co in 1981. Search and recommendation terms derived from the available metadata include: non, manipulative, selling, alessandra, general, fiction.",English,"non, manipulative, selling, alessandra, general, fiction",http://images.amazon.com/images/P/0835949362.01.MZZZZZZZ.jpg
0880701102,Come Before Winter and Share My Hope,Charles R. Swindoll,1985,Word Publishing,General Fiction,"Bibliographic summary: “Come Before Winter and Share My Hope” is classified as General Fiction and was written by Charles R. Swindoll. It was published by Word Publishing in 1985. Search and recommendation terms derived from the available metadata include: come, before, winter, share, hope, swindoll, general, fiction.",English,"come, before, winter, share, hope, swindoll, general, fiction",http://images.amazon.com/images/P/0880701102.01.MZZZZZZZ.jpg
039914563X,The Bear and the Dragon,Tom Clancy,2000,G. P. Putnam's Sons,Mystery & Thriller,"Bibliographic summary: “The Bear and the Dragon” is classified as Mystery & Thriller and was written by Tom Clancy. It was published by G. P. Putnam's Sons in 2000. Search and recommendation terms derived from the available metadata include: bear, dragon, clancy, mystery, thriller.",English,"bear, dragon, clancy, mystery, thriller",http://images.amazon.com/images/P/039914563X.01.MZZZZZZZ.jpg
0312853238,Ender's Game (Ender Wiggins Saga (Paperback)),Orson Scott Card,1992,Tor Books,General Fiction,"Bibliographic summary: “Ender's Game (Ender Wiggins Saga (Paperback))” is classified as General Fiction and was written by Orson Scott Card. It was published by Tor Books in 1992. Search and recommendation terms derived from the available metadata include: ender's, game, ender, wiggins, saga, paperback, card, general, fiction.",English,"ender's, game, ender, wiggins, saga, paperback, card, general, fiction",http://images.amazon.com/images/P/0312853238.01.MZZZZZZZ.jpg
0688048730,Thinking on paper,V. A Howard,1986,W. Morrow,History,"Bibliographic summary: “Thinking on paper” is classified as History and was written by V. A Howard. It was published by W. Morrow in 1986. Search and recommendation terms derived from the available metadata include: thinking, paper, howard, history.",English,"thinking, paper, howard, history",http://images.amazon.com/images/P/0688048730.01.MZZZZZZZ.jpg
0425161722,Net Force,Tom Clancy,1999,Berkley Publishing Group,Mystery & Thriller,"Bibliographic summary: “Net Force” is classified as Mystery & Thriller and was written by Tom Clancy. It was published by Berkley Publishing Group in 1999. Search and recommendation terms derived from the available metadata include: net, force, clancy, mystery, thriller.",English,"net, force, clancy, mystery, thriller",http://images.amazon.com/images/P/0425161722.01.MZZZZZZZ.jpg
0849916399,The Internet Church,Walter P. Wilson,2000,W Publishing Group,Religion & Spirituality,"Bibliographic summary: “The Internet Church” is classified as Religion & Spirituality and was written by Walter P. Wilson. It was published by W Publishing Group in 2000. Search and recommendation terms derived from the available metadata include: internet, church, wilson, religion, spirituality.",English,"internet, church, wilson, religion, spirituality",http://images.amazon.com/images/P/0849916399.01.MZZZZZZZ.jpg
1928791107,The Mp3 and Internet Audio Handbook: Your Guide to the Digital Music Revolution,Bruce Fries,2000,Teamcom Books,History,"Bibliographic summary: “The Mp3 and Internet Audio Handbook: Your Guide to the Digital Music Revolution” is classified as History and was written by Bruce Fries. It was published by Teamcom Books in 2000. Search and recommendation terms derived from the available metadata include: mp3, internet, audio, handbook, guide, digital, music, revolution, fries, history.",English,"mp3, internet, audio, handbook, guide, digital, music, revolution, fries, history",http://images.amazon.com/images/P/1928791107.01.MZZZZZZZ.jpg
067175145X,The Way Things Ought to Be,"Rush H., III Limbaugh",1992,Pocket Books,General Fiction,"Bibliographic summary: “The Way Things Ought to Be” is classified as General Fiction and was written by Rush H., III Limbaugh. It was published by Pocket Books in 1992. Search and recommendation terms derived from the available metadata include: way, things, ought, limbaugh, general, fiction.",English,"way, things, ought, limbaugh, general, fiction",http://images.amazon.com/images/P/067175145X.01.MZZZZZZZ.jpg
0440211727,A Time to Kill,JOHN GRISHAM,1992,Dell,Mystery & Thriller,"Bibliographic summary: “A Time to Kill” is classified as Mystery & Thriller and was written by JOHN GRISHAM. It was published by Dell in 1992. Search and recommendation terms derived from the available metadata include: time, kill, grisham, mystery, thriller.",English,"time, kill, grisham, mystery, thriller",http://images.amazon.com/images/P/0440211727.01.MZZZZZZZ.jpg
0877192820,The Truth About Texas: Who Needs to Brag? We'Ve Got the Facts,Anne Dingus,1995,Gulf Publishing Company,General Fiction,"Bibliographic summary: “The Truth About Texas: Who Needs to Brag? We'Ve Got the Facts” is classified as General Fiction and was written by Anne Dingus. It was published by Gulf Publishing Company in 1995. Search and recommendation terms derived from the available metadata include: truth, texas, who, needs, brag, we've, got, facts, dingus, general.",English,"truth, texas, who, needs, brag, we've, got, facts, dingus, general",http://images.amazon.com/images/P/0877192820.01.MZZZZZZZ.jpg
0380002450,Awakening,Kate Chopin,1982,Avon,General Fiction,"Bibliographic summary: “Awakening” is classified as General Fiction and was written by Kate Chopin. It was published by Avon in 1982. Search and recommendation terms derived from the available metadata include: awakening, chopin, general, fiction.",English,"awakening, chopin, general, fiction",http://images.amazon.com/images/P/0380002450.01.MZZZZZZZ.jpg
0793133955,Wall Street's Picks for 2000: An Insider's Guide to the Year's Best Stocks & Mutual Funds (Wall Street's Picks),Kirk Kazanjian,1999,Dearborn Financial Publishing,Travel & Geography,"Bibliographic summary: “Wall Street's Picks for 2000: An Insider's Guide to the Year's Best Stocks & Mutual Funds (Wall Street's Picks)” is classified as Travel & Geography and was written by Kirk Kazanjian. It was published by Dearborn Financial Publishing in 1999. Search and recommendation terms derived from the available metadata include: wall, street's, picks, 2000, insider's, guide, year's, best, stocks, mutual.",English,"wall, street's, picks, 2000, insider's, guide, year's, best, stocks, mutual",http://images.amazon.com/images/P/0793133955.01.MZZZZZZZ.jpg
0394178017,Poetics of the New American Poetry,Donald Merriam Allen,1974,Grove Press,Poetry & Drama,"Bibliographic summary: “Poetics of the New American Poetry” is classified as Poetry & Drama and was written by Donald Merriam Allen. It was published by Grove Press in 1974. Search and recommendation terms derived from the available metadata include: poetics, new, american, poetry, allen, drama.",English,"poetics, new, american, poetry, allen, drama",http://images.amazon.com/images/P/0394178017.01.MZZZZZZZ.jpg
0425134350,Patriot Games,Tom Clancy,1992,Berkley Publishing Group,Mystery & Thriller,"Bibliographic summary: “Patriot Games” is classified as Mystery & Thriller and was written by Tom Clancy. It was published by Berkley Publishing Group in 1992. Search and recommendation terms derived from the available metadata include: patriot, games, clancy, mystery, thriller.",English,"patriot, games, clancy, mystery, thriller",http://images.amazon.com/images/P/0425134350.01.MZZZZZZZ.jpg
0385479689,Dead Men Do Tell Tales: The Strange and Fascinating Cases of a Forensic Anthropologist,William Maples,1995,Main Street Books,General Fiction,"Bibliographic summary: “Dead Men Do Tell Tales: The Strange and Fascinating Cases of a Forensic Anthropologist” is classified as General Fiction and was written by William Maples. It was published by Main Street Books in 1995. Search and recommendation terms derived from the available metadata include: dead, men, tell, tales, strange, fascinating, cases, forensic, anthropologist, maples.",Portuguese,"dead, men, tell, tales, strange, fascinating, cases, forensic, anthropologist, maples",http://images.amazon.com/images/P/0385479689.01.MZZZZZZZ.jpg
0380754851,Moonlighting: 148 Great Ways to Make Money on the Side,Carl Hausman,1991,Harpercollins,Business & Economics,"Bibliographic summary: “Moonlighting: 148 Great Ways to Make Money on the Side” is classified as Business & Economics and was written by Carl Hausman. It was published by Harpercollins in 1991. Search and recommendation terms derived from the available metadata include: moonlighting, 148, great, ways, make, money, side, hausman, business, economics.",English,"moonlighting, 148, great, ways, make, money, side, hausman, business, economics",http://images.amazon.com/images/P/0380754851.01.MZZZZZZZ.jpg
0380538504,Amanda Miranda,Richard Peck,1981,Harper Mass Market Paperbacks (Mm),General Fiction,"Bibliographic summary: “Amanda Miranda” is classified as General Fiction and was written by Richard Peck. It was published by Harper Mass Market Paperbacks (Mm) in 1981. Search and recommendation terms derived from the available metadata include: amanda, miranda, peck, general, fiction.",English,"amanda, miranda, peck, general, fiction",http://images.amazon.com/images/P/0380538504.01.MZZZZZZZ.jpg
044661162X,Chasing the Dime,Michael Connelly,2003,Warner Books,History,"Bibliographic summary: “Chasing the Dime” is classified as History and was written by Michael Connelly. It was published by Warner Books in 2003. Search and recommendation terms derived from the available metadata include: chasing, dime, connelly, history.",English,"chasing, dime, connelly, history",http://images.amazon.com/images/P/044661162X.01.MZZZZZZZ.jpg
0671742566,Tender Triumph (Sonnet Books),Judith McNaught,1991,Pocket,Romance,"Bibliographic summary: “Tender Triumph (Sonnet Books)” is classified as Romance and was written by Judith McNaught. It was published by Pocket in 1991. Search and recommendation terms derived from the available metadata include: tender, triumph, sonnet, mcnaught, romance.",English,"tender, triumph, sonnet, mcnaught, romance",http://images.amazon.com/images/P/0671742566.01.MZZZZZZZ.jpg
0515122408,The Cat Who Tailed a Thief,Lilian Jackson Braun,1998,Jove Books,General Fiction,"Bibliographic summary: “The Cat Who Tailed a Thief” is classified as General Fiction and was written by Lilian Jackson Braun. It was published by Jove Books in 1998. Search and recommendation terms derived from the available metadata include: cat, who, tailed, thief, braun, general, fiction.",English,"cat, who, tailed, thief, braun, general, fiction",http://images.amazon.com/images/P/0515122408.01.MZZZZZZZ.jpg
0440222818,Guilt,John T. Lescroart,1998,Island,Art & Photography,"Bibliographic summary: “Guilt” is classified as Art & Photography and was written by John T. Lescroart. It was published by Island in 1998. Search and recommendation terms derived from the available metadata include: guilt, lescroart, art, photography.",English,"guilt, lescroart, art, photography",http://images.amazon.com/images/P/0440222818.01.MZZZZZZZ.jpg
0451204050,On Secret Service,John Jakes,2001,Signet Book,General Fiction,"Bibliographic summary: “On Secret Service” is classified as General Fiction and was written by John Jakes. It was published by Signet Book in 2001. Search and recommendation terms derived from the available metadata include: secret, service, jakes, general, fiction.",English,"secret, service, jakes, general, fiction",http://images.amazon.com/images/P/0451204050.01.MZZZZZZZ.jpg
038533334X,Charming Billy,Alice McDermott,1999,Delta,General Fiction,"Bibliographic summary: “Charming Billy” is classified as General Fiction and was written by Alice McDermott. It was published by Delta in 1999. Search and recommendation terms derived from the available metadata include: charming, billy, mcdermott, general, fiction.",English,"charming, billy, mcdermott, general, fiction",http://images.amazon.com/images/P/038533334X.01.MZZZZZZZ.jpg
0449131548,All the Days of My Life,Hilary Bailey,1986,Fawcett Books,Biography & Memoir,"Bibliographic summary: “All the Days of My Life” is classified as Biography & Memoir and was written by Hilary Bailey. It was published by Fawcett Books in 1986. Search and recommendation terms derived from the available metadata include: all, days, life, bailey, biography, memoir.",English,"all, days, life, bailey, biography, memoir",http://images.amazon.com/images/P/0449131548.01.MZZZZZZZ.jpg
0440120470,The Dinner Party,Howard Fast,1991,Dell Publishing Company,History,"Bibliographic summary: “The Dinner Party” is classified as History and was written by Howard Fast. It was published by Dell Publishing Company in 1991. Search and recommendation terms derived from the available metadata include: dinner, party, fast, history.",English,"dinner, party, fast, history",http://images.amazon.com/images/P/0440120470.01.MZZZZZZZ.jpg
0451188209,A Palette for Murder: Murder She Wrote (Murder She Wrote (Paperback)),Jessica Fletcher,1996,Signet Book,Mystery & Thriller,"Bibliographic summary: “A Palette for Murder: Murder She Wrote (Murder She Wrote (Paperback))” is classified as Mystery & Thriller and was written by Jessica Fletcher. It was published by Signet Book in 1996. Search and recommendation terms derived from the available metadata include: palette, murder, she, wrote, paperback, fletcher, mystery, thriller.",English,"palette, murder, she, wrote, paperback, fletcher, mystery, thriller",http://images.amazon.com/images/P/0451188209.01.MZZZZZZZ.jpg
0440130913,Golden Cup,Belva Plain,1987,Dell,General Fiction,"Bibliographic summary: “Golden Cup” is classified as General Fiction and was written by Belva Plain. It was published by Dell in 1987. Search and recommendation terms derived from the available metadata include: golden, cup, plain, general, fiction.",English,"golden, cup, plain, general, fiction",http://images.amazon.com/images/P/0440130913.01.MZZZZZZZ.jpg
0449001954,Murder at the Library of Congress (Capital Crimes (Paperback)),Margaret Truman,2001,Fawcett Books,Mystery & Thriller,"Bibliographic summary: “Murder at the Library of Congress (Capital Crimes (Paperback))” is classified as Mystery & Thriller and was written by Margaret Truman. It was published by Fawcett Books in 2001. Search and recommendation terms derived from the available metadata include: murder, library, congress, capital, crimes, paperback, truman, mystery, thriller.",English,"murder, library, congress, capital, crimes, paperback, truman, mystery, thriller",http://images.amazon.com/images/P/0449001954.01.MZZZZZZZ.jpg
0345404777,No Safe Place,RICHARD NORTH PATTERSON,1999,Ballantine Books,General Fiction,"Bibliographic summary: “No Safe Place” is classified as General Fiction and was written by RICHARD NORTH PATTERSON. It was published by Ballantine Books in 1999. Search and recommendation terms derived from the available metadata include: safe, place, patterson, general, fiction.",English,"safe, place, patterson, general, fiction",http://images.amazon.com/images/P/0345404777.01.MZZZZZZZ.jpg
0451185277,Thorns of Truth,Eileen Goudge,1999,Signet Book,General Fiction,"Bibliographic summary: “Thorns of Truth” is classified as General Fiction and was written by Eileen Goudge. It was published by Signet Book in 1999. Search and recommendation terms derived from the available metadata include: thorns, truth, goudge, general, fiction.",English,"thorns, truth, goudge, general, fiction",http://images.amazon.com/images/P/0451185277.01.MZZZZZZZ.jpg
0440224829,Granny Dan,DANIELLE STEEL,2000,"Random House, Inc.",Romance,"Bibliographic summary: “Granny Dan” is classified as Romance and was written by DANIELLE STEEL. It was published by Random House, Inc. in 2000. Search and recommendation terms derived from the available metadata include: granny, dan, steel, romance.",English,"granny, dan, steel, romance",http://images.amazon.com/images/P/0440224829.01.MZZZZZZZ.jpg
0671779338,Border Bride,Arnette Lamb,1993,Pocket,Romance,"Bibliographic summary: “Border Bride” is classified as Romance and was written by Arnette Lamb. It was published by Pocket in 1993. Search and recommendation terms derived from the available metadata include: border, bride, lamb, romance.",English,"border, bride, lamb, romance",http://images.amazon.com/images/P/0671779338.01.MZZZZZZZ.jpg
0515134368,The Penwyth Curse,Catherine Coulter,2004,Jove Books,General Fiction,"Bibliographic summary: “The Penwyth Curse” is classified as General Fiction and was written by Catherine Coulter. It was published by Jove Books in 2004. Search and recommendation terms derived from the available metadata include: penwyth, curse, coulter, general, fiction.",English,"penwyth, curse, coulter, general, fiction",http://images.amazon.com/images/P/0515134368.01.MZZZZZZZ.jpg
0380759497,Xanth 15: The Color of Her Panties,Piers Anthony,1992,Eos,General Fiction,"Bibliographic summary: “Xanth 15: The Color of Her Panties” is classified as General Fiction and was written by Piers Anthony. It was published by Eos in 1992. Search and recommendation terms derived from the available metadata include: xanth, color, panties, anthony, general, fiction.",English,"xanth, color, panties, anthony, general, fiction",http://images.amazon.com/images/P/0380759497.01.MZZZZZZZ.jpg
3442098424,Der FÃ?Â¼rst der Finsternis. Roman.,Anne Rice,1992,Goldmann,Fantasy,"Bibliographic summary: “Der FÃ?Â¼rst der Finsternis. Roman.” is classified as Fantasy and was written by Anne Rice. It was published by Goldmann in 1992. Search and recommendation terms derived from the available metadata include: der, rst, finsternis, roman, rice, fantasy.",French,"der, rst, finsternis, roman, rice, fantasy",http://images.amazon.com/images/P/3442098424.01.MZZZZZZZ.jpg
0394578791,A Reporter's Life,WALTER CRONKITE,1996,Knopf,General Fiction,"Bibliographic summary: “A Reporter's Life” is classified as General Fiction and was written by WALTER CRONKITE. It was published by Knopf in 1996. Search and recommendation terms derived from the available metadata include: reporter's, life, cronkite, general, fiction.",English,"reporter's, life, cronkite, general, fiction",http://images.amazon.com/images/P/0394578791.01.MZZZZZZZ.jpg
1558505377,Jacob Marley's Christmas Carol,Tom Mula,1995,Adams Media Corp,General Fiction,"Bibliographic summary: “Jacob Marley's Christmas Carol” is classified as General Fiction and was written by Tom Mula. It was published by Adams Media Corp in 1995. Search and recommendation terms derived from the available metadata include: jacob, marley's, christmas, carol, mula, general, fiction.",English,"jacob, marley's, christmas, carol, mula, general, fiction",http://images.amazon.com/images/P/1558505377.01.MZZZZZZZ.jpg
0373245696,"Practice Makes Pregnant   Manhattan Multiples (Silhouette Special Edition, 1569)",Lois Faye Dyer,2003,Silhouette,General Fiction,"Bibliographic summary: “Practice Makes Pregnant Manhattan Multiples (Silhouette Special Edition, 1569)” is classified as General Fiction and was written by Lois Faye Dyer. It was published by Silhouette in 2003. Search and recommendation terms derived from the available metadata include: practice, makes, pregnant, manhattan, multiples, silhouette, special, 1569, dyer, general.",English,"practice, makes, pregnant, manhattan, multiples, silhouette, special, 1569, dyer, general",http://images.amazon.com/images/P/0373245696.01.MZZZZZZZ.jpg
0743201078,"The Secret Lives of Girls: What Good Girls Really Do--Sex Play, Aggression, and Their Guilt",Sharon Lamb,2002,Free Press,Poetry & Drama,"Bibliographic summary: “The Secret Lives of Girls: What Good Girls Really Do--Sex Play, Aggression, and Their Guilt” is classified as Poetry & Drama and was written by Sharon Lamb. It was published by Free Press in 2002. Search and recommendation terms derived from the available metadata include: secret, lives, girls, what, good, really, sex, play, aggression, guilt.",English,"secret, lives, girls, what, good, really, sex, play, aggression, guilt",http://images.amazon.com/images/P/0743201078.01.MZZZZZZZ.jpg
068983571X,Hound of the Baskervilles (Aladdin Classics),Sir Arthur Conan Doyle,2000,Aladdin,Art & Photography,"Bibliographic summary: “Hound of the Baskervilles (Aladdin Classics)” is classified as Art & Photography and was written by Sir Arthur Conan Doyle. It was published by Aladdin in 2000. Search and recommendation terms derived from the available metadata include: hound, baskervilles, aladdin, classics, doyle, art, photography.",English,"hound, baskervilles, aladdin, classics, doyle, art, photography",http://images.amazon.com/images/P/068983571X.01.MZZZZZZZ.jpg
0553256785,SLEEPING MURDER,AGATHA CHRISTIE,1983,Bantam,Mystery & Thriller,"Bibliographic summary: “SLEEPING MURDER” is classified as Mystery & Thriller and was written by AGATHA CHRISTIE. It was published by Bantam in 1983. Search and recommendation terms derived from the available metadata include: sleeping, murder, christie, mystery, thriller.",English,"sleeping, murder, christie, mystery, thriller",http://images.amazon.com/images/P/0553256785.01.MZZZZZZZ.jpg
0892967994,The Fractal Murders (Pepper Keane Mysteries),Mark Cohen,2004,Mysterious Press,Mystery & Thriller,"Bibliographic summary: “The Fractal Murders (Pepper Keane Mysteries)” is classified as Mystery & Thriller and was written by Mark Cohen. It was published by Mysterious Press in 2004. Search and recommendation terms derived from the available metadata include: fractal, murders, pepper, keane, mysteries, cohen, mystery, thriller.",English,"fractal, murders, pepper, keane, mysteries, cohen, mystery, thriller",http://images.amazon.com/images/P/0892967994.01.MZZZZZZZ.jpg
0061064505,"Blowtorch Psycho.Com (Bone Chillers, No 18)",Sherry Shahan,1997,Harpercollins Juvenile Books,Children & Young Adult,"Bibliographic summary: “Blowtorch Psycho.Com (Bone Chillers, No 18)” is classified as Children & Young Adult and was written by Sherry Shahan. It was published by Harpercollins Juvenile Books in 1997. Search and recommendation terms derived from the available metadata include: blowtorch, psycho, com, bone, chillers, shahan, children, young, adult.",English,"blowtorch, psycho, com, bone, chillers, shahan, children, young, adult",http://images.amazon.com/images/P/0061064505.01.MZZZZZZZ.jpg
1551668785,Final Stand,Helen Myers,2002,Mira,General Fiction,"Bibliographic summary: “Final Stand” is classified as General Fiction and was written by Helen Myers. It was published by Mira in 2002. Search and recommendation terms derived from the available metadata include: final, stand, myers, general, fiction.",English,"final, stand, myers, general, fiction",http://images.amazon.com/images/P/1551668785.01.MZZZZZZZ.jpg
0836230868,Christmas : A Holiday Treasury,Della Rowland,1994,Andrews McMeel Publishing,General Fiction,"Bibliographic summary: “Christmas : A Holiday Treasury” is classified as General Fiction and was written by Della Rowland. It was published by Andrews McMeel Publishing in 1994. Search and recommendation terms derived from the available metadata include: christmas, holiday, treasury, rowland, general, fiction.",English,"christmas, holiday, treasury, rowland, general, fiction",http://images.amazon.com/images/P/0836230868.01.MZZZZZZZ.jpg
0381999866,Magic House of Numbers.,Irving. Adler,1974,Harpercollins Library,Fantasy,"Bibliographic summary: “Magic House of Numbers.” is classified as Fantasy and was written by Irving. Adler. It was published by Harpercollins Library in 1974. Search and recommendation terms derived from the available metadata include: magic, house, numbers, adler, fantasy.",English,"magic, house, numbers, adler, fantasy",http://images.amazon.com/images/P/0381999866.01.MZZZZZZZ.jpg
0380817144,Lord of the Silent: A Novel of Suspense,Elizabeth Peters,2002,Avon,Mystery & Thriller,"Bibliographic summary: “Lord of the Silent: A Novel of Suspense” is classified as Mystery & Thriller and was written by Elizabeth Peters. It was published by Avon in 2002. Search and recommendation terms derived from the available metadata include: lord, silent, suspense, peters, mystery, thriller.",English,"lord, silent, suspense, peters, mystery, thriller",http://images.amazon.com/images/P/0380817144.01.MZZZZZZZ.jpg
0380752115,Whisper to Me of Love,Shirlee Busbee,1991,Harper Mass Market Paperbacks,Romance,"Bibliographic summary: “Whisper to Me of Love” is classified as Romance and was written by Shirlee Busbee. It was published by Harper Mass Market Paperbacks in 1991. Search and recommendation terms derived from the available metadata include: whisper, love, busbee, romance.",English,"whisper, love, busbee, romance",http://images.amazon.com/images/P/0380752115.01.MZZZZZZZ.jpg
0553212583,Wuthering Heights,EMILY BRONTE,1983,Bantam,General Fiction,"Bibliographic summary: “Wuthering Heights” is classified as General Fiction and was written by EMILY BRONTE. It was published by Bantam in 1983. Search and recommendation terms derived from the available metadata include: wuthering, heights, bronte, general, fiction.",English,"wuthering, heights, bronte, general, fiction",http://images.amazon.com/images/P/0553212583.01.MZZZZZZZ.jpg
0446364762,The Stars Shine Down,Sidney Sheldon,1993,Warner Books,History,"Bibliographic summary: “The Stars Shine Down” is classified as History and was written by Sidney Sheldon. It was published by Warner Books in 1993. Search and recommendation terms derived from the available metadata include: stars, shine, down, sheldon, history.",English,"stars, shine, down, sheldon, history",http://images.amazon.com/images/P/0446364762.01.MZZZZZZZ.jpg
0425166619,Toxin,Robin Cook,1999,Berkley Publishing Group,Cooking & Food,"Bibliographic summary: “Toxin” is classified as Cooking & Food and was written by Robin Cook. It was published by Berkley Publishing Group in 1999. Search and recommendation terms derived from the available metadata include: toxin, cook, cooking, food.",English,"toxin, cook, cooking, food",http://images.amazon.com/images/P/0425166619.01.MZZZZZZZ.jpg
061312975X,This Present Darkness,Frank E. Peretti,1999,Sagebrush Bound,General Fiction,"Bibliographic summary: “This Present Darkness” is classified as General Fiction and was written by Frank E. Peretti. It was published by Sagebrush Bound in 1999. Search and recommendation terms derived from the available metadata include: present, darkness, peretti, general, fiction.",English,"present, darkness, peretti, general, fiction",http://images.amazon.com/images/P/061312975X.01.MZZZZZZZ.jpg
0765341972,The Mothman Prophecies,John A. Keel,2002,Tor Books,General Fiction,"Bibliographic summary: “The Mothman Prophecies” is classified as General Fiction and was written by John A. Keel. It was published by Tor Books in 2002. Search and recommendation terms derived from the available metadata include: mothman, prophecies, keel, general, fiction.",English,"mothman, prophecies, keel, general, fiction",http://images.amazon.com/images/P/0765341972.01.MZZZZZZZ.jpg
0590514776,Meet the Stars of Buffy the Vampire Slayer,Stefanie Scott,1998,Scholastic,Fantasy,"Bibliographic summary: “Meet the Stars of Buffy the Vampire Slayer” is classified as Fantasy and was written by Stefanie Scott. It was published by Scholastic in 1998. Search and recommendation terms derived from the available metadata include: meet, stars, buffy, vampire, slayer, scott, fantasy.",English,"meet, stars, buffy, vampire, slayer, scott, fantasy",http://images.amazon.com/images/P/0590514776.01.MZZZZZZZ.jpg
0373037430,Rush to the Altar  (Twin Brides),Rebecca Winters,2003,Harlequin,Romance,"Bibliographic summary: “Rush to the Altar (Twin Brides)” is classified as Romance and was written by Rebecca Winters. It was published by Harlequin in 2003. Search and recommendation terms derived from the available metadata include: rush, altar, twin, brides, winters, romance.",English,"rush, altar, twin, brides, winters, romance",http://images.amazon.com/images/P/0373037430.01.MZZZZZZZ.jpg
0064472779,All-American Girl,Meg Cabot,2003,HarperTrophy,General Fiction,"Bibliographic summary: “All-American Girl” is classified as General Fiction and was written by Meg Cabot. It was published by HarperTrophy in 2003. Search and recommendation terms derived from the available metadata include: all, american, girl, cabot, general, fiction.",English,"all, american, girl, cabot, general, fiction",http://images.amazon.com/images/P/0064472779.01.MZZZZZZZ.jpg
0553581279,The Silver Metal Lover,Tanith Lee,1999,Spectra Books,Romance,"Bibliographic summary: “The Silver Metal Lover” is classified as Romance and was written by Tanith Lee. It was published by Spectra Books in 1999. Search and recommendation terms derived from the available metadata include: silver, metal, lover, lee, romance.",English,"silver, metal, lover, lee, romance",http://images.amazon.com/images/P/0553581279.01.MZZZZZZZ.jpg
0373750013,"The Virgin's Secret Marriage   The Brides Of Holly Springs (Harlequin American Romance, No. 997)",Cathy Gillen Thacker,2003,Harlequin,Romance,"Bibliographic summary: “The Virgin's Secret Marriage The Brides Of Holly Springs (Harlequin American Romance, No. 997)” is classified as Romance and was written by Cathy Gillen Thacker. It was published by Harlequin in 2003. Search and recommendation terms derived from the available metadata include: virgin's, secret, marriage, brides, holly, springs, harlequin, american, romance, 997.",English,"virgin's, secret, marriage, brides, holly, springs, harlequin, american, romance, 997",http://images.amazon.com/images/P/0373750013.01.MZZZZZZZ.jpg
0393030342,A Christmas Story,Richard Burton,1991,W W Norton & Co Inc,General Fiction,"Bibliographic summary: “A Christmas Story” is classified as General Fiction and was written by Richard Burton. It was published by W W Norton & Co Inc in 1991. Search and recommendation terms derived from the available metadata include: christmas, story, burton, general, fiction.",English,"christmas, story, burton, general, fiction",http://images.amazon.com/images/P/0393030342.01.MZZZZZZZ.jpg
0553561618,Dark Paradise,TAMI HOAG,1994,Bantam,General Fiction,"Bibliographic summary: “Dark Paradise” is classified as General Fiction and was written by TAMI HOAG. It was published by Bantam in 1994. Search and recommendation terms derived from the available metadata include: dark, paradise, hoag, general, fiction.",English,"dark, paradise, hoag, general, fiction",http://images.amazon.com/images/P/0553561618.01.MZZZZZZZ.jpg
0312422156,Middlesex: A Novel,Jeffrey Eugenides,2003,Picador,General Fiction,"Bibliographic summary: “Middlesex: A Novel” is classified as General Fiction and was written by Jeffrey Eugenides. It was published by Picador in 2003. Search and recommendation terms derived from the available metadata include: middlesex, eugenides, general, fiction.",English,"middlesex, eugenides, general, fiction",http://images.amazon.com/images/P/0312422156.01.MZZZZZZZ.jpg
0425139069,Somebody Help Me,Beverly Hastings,1993,Berkley Publishing Group,General Fiction,"Bibliographic summary: “Somebody Help Me” is classified as General Fiction and was written by Beverly Hastings. It was published by Berkley Publishing Group in 1993. Search and recommendation terms derived from the available metadata include: somebody, help, hastings, general, fiction.",English,"somebody, help, hastings, general, fiction",http://images.amazon.com/images/P/0425139069.01.MZZZZZZZ.jpg
0450029956,Other worlds: The comical history of the states and empires of the moon and sun (Science fiction master series),Cyrano de Bergerac,1976,New English Library,Science Fiction,"Bibliographic summary: “Other worlds: The comical history of the states and empires of the moon and sun (Science fiction master series)” is classified as Science Fiction and was written by Cyrano de Bergerac. It was published by New English Library in 1976. Search and recommendation terms derived from the available metadata include: other, worlds, comical, history, states, empires, moon, sun, science, fiction.",English,"other, worlds, comical, history, states, empires, moon, sun, science, fiction",http://images.amazon.com/images/P/0450029956.01.MZZZZZZZ.jpg
0130139165,Introduction to Fire Prevention (5th Edition),James C. Robertson,2000,Pearson Education,Education & Reference,"Bibliographic summary: “Introduction to Fire Prevention (5th Edition)” is classified as Education & Reference and was written by James C. Robertson. It was published by Pearson Education in 2000. Search and recommendation terms derived from the available metadata include: introduction, fire, prevention, 5th, robertson, education, reference.",English,"introduction, fire, prevention, 5th, robertson, education, reference",http://images.amazon.com/images/P/0130139165.01.MZZZZZZZ.jpg
0373196741,To Catch A Sheik  (Desert Brides),Teresa Southwick,2003,Silhouette,Romance,"Bibliographic summary: “To Catch A Sheik (Desert Brides)” is classified as Romance and was written by Teresa Southwick. It was published by Silhouette in 2003. Search and recommendation terms derived from the available metadata include: catch, sheik, desert, brides, southwick, romance.",English,"catch, sheik, desert, brides, southwick, romance",http://images.amazon.com/images/P/0373196741.01.MZZZZZZZ.jpg
0451524489,The Awakening and Selected Stories of Kate Chopin (Signet Classic),Kate Chopin,1995,Signet Book,General Fiction,"Bibliographic summary: “The Awakening and Selected Stories of Kate Chopin (Signet Classic)” is classified as General Fiction and was written by Kate Chopin. It was published by Signet Book in 1995. Search and recommendation terms derived from the available metadata include: awakening, selected, stories, kate, chopin, signet, classic, general, fiction.",English,"awakening, selected, stories, kate, chopin, signet, classic, general, fiction",http://images.amazon.com/images/P/0451524489.01.MZZZZZZZ.jpg
0140065172,Ordinary People,Judith Guest,1993,Penguin Books,General Fiction,"Bibliographic summary: “Ordinary People” is classified as General Fiction and was written by Judith Guest. It was published by Penguin Books in 1993. Search and recommendation terms derived from the available metadata include: ordinary, people, guest, general, fiction.",English,"ordinary, people, guest, general, fiction",http://images.amazon.com/images/P/0140065172.01.MZZZZZZZ.jpg
044022165X,The Rainmaker,JOHN GRISHAM,1996,Dell,Mystery & Thriller,"Bibliographic summary: “The Rainmaker” is classified as Mystery & Thriller and was written by JOHN GRISHAM. It was published by Dell in 1996. Search and recommendation terms derived from the available metadata include: rainmaker, grisham, mystery, thriller.",English,"rainmaker, grisham, mystery, thriller",http://images.amazon.com/images/P/044022165X.01.MZZZZZZZ.jpg
0373123485,"On The Tycoon's Terms   Do Not Disturb! (Harlequin Presents, 2348)",Sandra Field,2003,Harlequin,General Fiction,"Bibliographic summary: “On The Tycoon's Terms Do Not Disturb! (Harlequin Presents, 2348)” is classified as General Fiction and was written by Sandra Field. It was published by Harlequin in 2003. Search and recommendation terms derived from the available metadata include: tycoon's, terms, not, disturb, harlequin, presents, 2348, field, general, fiction.",English,"tycoon's, terms, not, disturb, harlequin, presents, 2348, field, general, fiction",http://images.amazon.com/images/P/0373123485.01.MZZZZZZZ.jpg
0373123108,Sleeping Partners  (Nine to Five),Helen Brooks,2003,Harlequin,Art & Photography,"Bibliographic summary: “Sleeping Partners (Nine to Five)” is classified as Art & Photography and was written by Helen Brooks. It was published by Harlequin in 2003. Search and recommendation terms derived from the available metadata include: sleeping, partners, nine, five, brooks, art, photography.",English,"sleeping, partners, nine, five, brooks, art, photography",http://images.amazon.com/images/P/0373123108.01.MZZZZZZZ.jpg
0590225170,The Real Mother Goose,Blanche Fisher Wright,1994,Scholastic,General Fiction,"Bibliographic summary: “The Real Mother Goose” is classified as General Fiction and was written by Blanche Fisher Wright. It was published by Scholastic in 1994. Search and recommendation terms derived from the available metadata include: real, mother, goose, wright, general, fiction.",English,"real, mother, goose, wright, general, fiction",http://images.amazon.com/images/P/0590225170.01.MZZZZZZZ.jpg
044132231X,Heathcliff Gone Fishing,George Gately,1985,Diamond Books (NY),General Fiction,"Bibliographic summary: “Heathcliff Gone Fishing” is classified as General Fiction and was written by George Gately. It was published by Diamond Books (NY) in 1985. Search and recommendation terms derived from the available metadata include: heathcliff, gone, fishing, gately, general, fiction.",English,"heathcliff, gone, fishing, gately, general, fiction",http://images.amazon.com/images/P/044132231X.01.MZZZZZZZ.jpg
0425124347,The Bad Place,Dean R. Koontz,1994,Berkley Publishing Group,General Fiction,"Bibliographic summary: “The Bad Place” is classified as General Fiction and was written by Dean R. Koontz. It was published by Berkley Publishing Group in 1994. Search and recommendation terms derived from the available metadata include: bad, place, koontz, general, fiction.",English,"bad, place, koontz, general, fiction",http://images.amazon.com/images/P/0425124347.01.MZZZZZZZ.jpg
0786889705,Two for Texas,James Lee Burke,2000,Hyperion,General Fiction,"Bibliographic summary: “Two for Texas” is classified as General Fiction and was written by James Lee Burke. It was published by Hyperion in 2000. Search and recommendation terms derived from the available metadata include: two, texas, burke, general, fiction.",English,"two, texas, burke, general, fiction",http://images.amazon.com/images/P/0786889705.01.MZZZZZZZ.jpg
0312282990,The Amazing Adventures of Kavalier & Clay,Michael Chabon,2001,Picador,General Fiction,"Bibliographic summary: “The Amazing Adventures of Kavalier & Clay” is classified as General Fiction and was written by Michael Chabon. It was published by Picador in 2001. Search and recommendation terms derived from the available metadata include: amazing, adventures, kavalier, clay, chabon, general, fiction.",English,"amazing, adventures, kavalier, clay, chabon, general, fiction",http://images.amazon.com/images/P/0312282990.01.MZZZZZZZ.jpg
0425137945,Greygallows,Barbara Michaels,1993,Berkley Publishing Group,General Fiction,"Bibliographic summary: “Greygallows” is classified as General Fiction and was written by Barbara Michaels. It was published by Berkley Publishing Group in 1993. Search and recommendation terms derived from the available metadata include: greygallows, michaels, general, fiction.",English,"greygallows, michaels, general, fiction",http://images.amazon.com/images/P/0425137945.01.MZZZZZZZ.jpg
042512892X,Into the Darkness,Barbara Michaels,1996,Berkley Publishing Group,General Fiction,"Bibliographic summary: “Into the Darkness” is classified as General Fiction and was written by Barbara Michaels. It was published by Berkley Publishing Group in 1996. Search and recommendation terms derived from the available metadata include: darkness, michaels, general, fiction.",English,"darkness, michaels, general, fiction",http://images.amazon.com/images/P/042512892X.01.MZZZZZZZ.jpg
0425113892,Someone in the House,Barbara Michaels,1989,Berkley Publishing Group,General Fiction,"Bibliographic summary: “Someone in the House” is classified as General Fiction and was written by Barbara Michaels. It was published by Berkley Publishing Group in 1989. Search and recommendation terms derived from the available metadata include: someone, house, michaels, general, fiction.",English,"someone, house, michaels, general, fiction",http://images.amazon.com/images/P/0425113892.01.MZZZZZZZ.jpg
0394820371,The Phantom Tollbooth,Norton Juster,1993,Yearling Books,General Fiction,"Bibliographic summary: “The Phantom Tollbooth” is classified as General Fiction and was written by Norton Juster. It was published by Yearling Books in 1993. Search and recommendation terms derived from the available metadata include: phantom, tollbooth, juster, general, fiction.",English,"phantom, tollbooth, juster, general, fiction",http://images.amazon.com/images/P/0394820371.01.MZZZZZZZ.jpg
0449134482,Dances With Wolves,Michael Blake,1990,Fawcett Books,General Fiction,"Bibliographic summary: “Dances With Wolves” is classified as General Fiction and was written by Michael Blake. It was published by Fawcett Books in 1990. Search and recommendation terms derived from the available metadata include: dances, wolves, blake, general, fiction.",English,"dances, wolves, blake, general, fiction",http://images.amazon.com/images/P/0449134482.01.MZZZZZZZ.jpg
014036336X,The House With a Clock in Its Walls,John Bellairs,1993,Puffin Books,General Fiction,"Bibliographic summary: “The House With a Clock in Its Walls” is classified as General Fiction and was written by John Bellairs. It was published by Puffin Books in 1993. Search and recommendation terms derived from the available metadata include: house, clock, walls, bellairs, general, fiction.",English,"house, clock, walls, bellairs, general, fiction",http://images.amazon.com/images/P/014036336X.01.MZZZZZZZ.jpg
0375821813,Hoot (Newbery Honor Book),CARL HIAASEN,2002,Knopf Books for Young Readers,General Fiction,"Bibliographic summary: “Hoot (Newbery Honor Book)” is classified as General Fiction and was written by CARL HIAASEN. It was published by Knopf Books for Young Readers in 2002. Search and recommendation terms derived from the available metadata include: hoot, newbery, honor, hiaasen, general, fiction.",English,"hoot, newbery, honor, hiaasen, general, fiction",http://images.amazon.com/images/P/0375821813.01.MZZZZZZZ.jpg
0812516826,Catnap : A Midnight Louie Mystery (A Midnight Louie Mystery),Carole Nelson Douglas,1993,Forge Books,Mystery & Thriller,"Bibliographic summary: “Catnap : A Midnight Louie Mystery (A Midnight Louie Mystery)” is classified as Mystery & Thriller and was written by Carole Nelson Douglas. It was published by Forge Books in 1993. Search and recommendation terms derived from the available metadata include: catnap, midnight, louie, mystery, douglas, thriller.",English,"catnap, midnight, louie, mystery, douglas, thriller",http://images.amazon.com/images/P/0812516826.01.MZZZZZZZ.jpg
0345348036,The Princess Bride: S Morgenstern's Classic Tale of True Love and High Adventure,WILLIAM GOLDMAN,1987,Del Rey,Romance,"Bibliographic summary: “The Princess Bride: S Morgenstern's Classic Tale of True Love and High Adventure” is classified as Romance and was written by WILLIAM GOLDMAN. It was published by Del Rey in 1987. Search and recommendation terms derived from the available metadata include: princess, bride, morgenstern's, classic, tale, true, love, high, adventure, goldman.",English,"princess, bride, morgenstern's, classic, tale, true, love, high, adventure, goldman",http://images.amazon.com/images/P/0345348036.01.MZZZZZZZ.jpg
0679420118,A Dangerous Place: California's Unsettling Fate (Images of America),Marc Reisner,2003,Pantheon Books,General Fiction,"Bibliographic summary: “A Dangerous Place: California's Unsettling Fate (Images of America)” is classified as General Fiction and was written by Marc Reisner. It was published by Pantheon Books in 2003. Search and recommendation terms derived from the available metadata include: dangerous, place, california's, unsettling, fate, images, america, reisner, general, fiction.",English,"dangerous, place, california's, unsettling, fate, images, america, reisner, general, fiction",http://images.amazon.com/images/P/0679420118.01.MZZZZZZZ.jpg
0871137380,Black Hawk Down: A Story of Modern War,Mark Bowden,1999,Atlantic Monthly Press,History,"Bibliographic summary: “Black Hawk Down: A Story of Modern War” is classified as History and was written by Mark Bowden. It was published by Atlantic Monthly Press in 1999. Search and recommendation terms derived from the available metadata include: black, hawk, down, story, modern, war, bowden, history.",English,"black, hawk, down, story, modern, war, bowden, history",http://images.amazon.com/images/P/0871137380.01.MZZZZZZZ.jpg
