"User_ID","ISBN","Rating"
"U0001","0195153448","5"
"U0002","0002005018","6"
"U0003","0060973129","3"
"U0004","0374157065","5"
"U0005","0393045218","5"
"U0006","0399135782","9"
"U0007","0425176428","5"
"U0008","0671870432","5"
"U0009","0679425608","7"
"U0010","074322678X","5"
"U0011","0771074670","8"
"U0012","080652121X","5"
"U0013","0887841740","4"
"U0014","1552041778","6"
"U0015","1558746218","3"
"U0016","1567407781","7"
"U0017","1575663937","9"
"U0018","1881320189","3"
"U0019","0440234743","5"
"U0020","0452264464","6"
"U0021","0609804618","4"
"U0022","1841721522","8"
"U0023","1879384493","9"
"U0024","0061076031","7"
"U0025","0439095026","10"
"U0026","0689821166","4"
"U0027","0971880107","3"
"U0028","0345402871","3"
"U0029","0345417623","4"
"U0030","0684823802","6"
"U0031","0375759778","3"
"U0032","0425163091","6"
"U0033","3404921038","4"
"U0034","3442353866","3"
"U0035","3442410665","3"
"U0036","3442446937","7"
"U0037","0375406328","6"
"U0038","0446310786","6"
"U0039","0449005615","4"
"U0040","0060168013","6"
"U0041","038078243X","3"
"U0042","055321215X","7"
"U0043","067176537X","4"
"U0044","0061099686","8"
"U0045","0553582909","8"
"U0046","0671888587","7"
"U0047","0553582747","5"
"U0048","0425182908","5"
"U0049","042518630X","9"
"U0050","0440223571","8"
"U0051","0812523873","4"
"U0052","0842342702","3"
"U0053","0440225701","5"
"U0054","0060914068","4"
"U0055","0156047624","3"
"U0056","0245542957","7"
"U0057","0380715899","6"
"U0058","0553280333","5"
"U0059","0961769947","5"
"U0060","0964778319","3"
"U0061","0671623249","9"
"U0062","0679810307","5"
"U0063","0679865691","3"
"U0064","2070423204","4"
"U0065","0345260317","4"
"U0066","0394743741","5"
"U0067","042511774X","4"
"U0068","0804106304","4"
"U0069","1853262404","6"
"U0070","0312970242","6"
"U0071","1853260053","7"
"U0072","1414035004","8"
"U0073","0060938412","9"
"U0074","0140067477","9"
"U0075","0345465083","5"
"U0076","0451625889","7"
"U0077","1558531025","7"
"U0078","0441783589","3"
"U0079","0394895894","8"
"U0080","1569871213","5"
"U0081","0375410538","9"
"U0082","0966986105","8"
"U0083","087113375X","3"
"U0084","0340767936","5"
"U0085","0743403843","4"
"U0086","0060930365","3"
"U0087","0060177586","3"
"U0088","0071416331","3"
"U0089","0375509038","9"
"U0090","0553062042","6"
"U0091","0316769487","3"
"U0092","8445071408","3"
"U0093","8445071769","3"
"U0094","8445071777","3"
"U0095","0679429220","6"
"U0096","0671867156","7"
"U0097","0312252617","6"
"U0098","0312261594","9"
"U0099","0316748641","6"
"U0100","0316973742","6"
"U0101","0385235941","6"
"U0102","0446677450","4"
"U0103","0451166892","10"
"U0104","0553347594","6"
"U0105","0671621009","7"
"U0106","067976397X","10"
"U0107","0684822733","4"
"U0108","0786868716","6"
"U0109","8472238822","8"
"U0110","0671864769","6"
"U0111","0671521519","9"
"U0112","0440222303","6"
"U0113","0312953453","7"
"U0114","0446608653","9"
"U0115","0446612545","4"
"U0116","0446612618","4"
"U0117","0451208080","4"
"U0118","0553584383","7"
"U0119","0671027360","9"
"U0120","0812575954","4"
"U0121","0316735736","4"
"U0122","0743439740","4"
"U0123","0345372700","4"
"U0124","0380619458","10"
"U0125","0446325805","6"
"U0126","0451406923","3"
"U0127","0671042858","5"
"U0128","0743249992","8"
"U0129","0840734530","5"
"U0130","0425184226","9"
"U0131","0375500766","3"
"U0132","9724119378","7"
"U0133","0451205197","6"
"U0134","0060929790","5"
"U0135","0060976845","9"
"U0136","0061099325","8"
"U0137","0671004573","8"
"U0138","0446601640","9"
"U0139","0330484516","8"
"U0140","038572179X","8"
"U0141","0393020371","8"
"U0142","1900850303","7"
"U0143","1903019699","4"
"U0144","0345425294","5"
"U0145","0451410319","6"
"U0146","0553583468","6"
"U0147","8420639133","6"
"U0148","8476409419","3"
"U0149","0380778556","10"
"U0150","0451525221","5"
"U0151","0002740230","5"
"U0152","0385336772","8"
"U0153","0440949424","3"
"U0154","0505524996","4"
"U0155","0140252800","4"
"U0156","0451452755","4"
"U0157","0812575482","9"
"U0158","044651747X","9"
"U0159","0060801263","9"
"U0160","0061030147","7"
"U0161","0140250964","6"
"U0162","0446527165","6"
"U0163","0671461494","4"
"U0164","0385337639","3"
"U0165","039575514X","5"
"U0166","0451206673","5"
"U0167","0330332775","9"
"U0168","0486284735","4"
"U0169","0671021745","7"
"U0170","0671047612","6"
"U0171","0671504282","5"
"U0172","0399138684","7"
"U0173","0785263292","9"
"U0174","0830714014","7"
"U0175","0345354931","6"
"U0176","0553278223","7"
"U0177","3257203659","9"
"U0178","3257207522","8"
"U0179","3257208626","6"
"U0180","3257208634","9"
"U0181","3257208669","6"
"U0182","3257210450","4"
"U0183","3257212054","8"
"U0184","3257212429","9"
"U0185","3257214154","5"
"U0186","3257216416","5"
"U0187","3257233051","9"
"U0188","3423116714","4"
"U0189","3423241489","3"
"U0190","3426605686","7"
"U0191","3453212150","8"
"U0192","3462021095","9"
"U0193","3492045642","8"
"U0194","3498020862","7"
"U0195","3499110695","9"
"U0196","3499151502","5"
"U0197","3518111000","5"
"U0198","3548254268","7"
"U0199","3570300099","3"
"U0200","3596292646","4"
"U0201","0060977493","7"
"U0202","0312872682","5"
"U0203","0316602906","3"
"U0204","0316693006","6"
"U0205","0345311396","9"
"U0206","0345378490","8"
"U0207","0345404793","8"
"U0208","0345433173","5"
"U0209","0375400117","8"
"U0210","0375705856","7"
"U0211","0380717018","5"
"U0212","0380718332","3"
"U0213","0380754509","6"
"U0214","038076654X","9"
"U0215","0380807866","4"
"U0216","0385316895","4"
"U0217","0385497466","7"
"U0218","0385508042","4"
"U0219","0385509456","8"
"U0220","0385511612","3"
"U0221","0385730586","7"
"U0222","0425164403","7"
"U0223","0440234964","3"
"U0224","0446605484","5"
"U0225","0446610399","7"
"U0226","0449006522","6"
"U0227","0449911004","10"
"U0228","0451162072","9"
"U0229","0451186648","8"
"U0230","0452282152","7"
"U0231","051513290X","4"
"U0232","0553580388","8"
"U0233","0590598848","8"
"U0234","0590629719","4"
"U0235","0671023616","5"
"U0236","0671027387","4"
"U0237","0684848783","4"
"U0238","0786863986","5"
"U0239","0803251718","3"
"U0240","0804117934","6"
"U0241","140003180X","6"
"U0242","155874262X","4"
"U0243","0060987103","6"
"U0244","0151008116","6"
"U0245","0375704965","5"
"U0246","0525947647","7"
"U0247","0804111359","6"
"U0248","1558744150","8"
"U0249","0435272683","9"
"U0250","0316782505","7"
"U0251","006102063X","8"
"U0252","0060013117","4"
"U0253","0060199563","5"
"U0254","006052779X","9"
"U0255","0060563079","9"
"U0256","0060809027","3"
"U0257","0061040967","4"
"U0258","0061050474","7"
"U0259","0061052515","8"
"U0260","0061052523","6"
"U0261","0064472264","9"
"U0262","0140620664","9"
"U0263","0312148267","7"
"U0264","0312156960","8"
"U0265","0312890044","6"
"U0266","034543191X","6"
"U0267","0373836023","5"
"U0268","0375751513","4"
"U0269","0375801677","7"
"U0270","0375814248","3"
"U0271","0375823352","3"
"U0272","037582345X","4"
"U0273","0375823468","3"
"U0274","0380730448","4"
"U0275","0380973839","7"
"U0276","0385327773","5"
"U0277","0394586239","4"
"U0278","0439510112","7"
"U0279","0440241413","3"
"U0280","0451409256","3"
"U0281","0451523415","3"
"U0282","0451526279","3"
"U0283","0451526341","9"
"U0284","0486415864","4"
"U0285","0553280589","5"
"U0286","0670035262","10"
"U0287","0679423079","6"
"U0288","0679751343","9"
"U0289","0684833395","7"
"U0290","0743245024","5"
"U0291","0749748001","9"
"U0292","0749748028","7"
"U0293","0963094424","7"
"U0294","1401201172","6"
"U0295","1563892278","7"
"U0296","1563898586","6"
"U0297","156971620X","7"
"U0298","1592571301","8"
"U0299","0374270325","3"
"U0300","0375719180","9"
"U0001","0440235502","5"
"U0002","044023722X","4"
"U0003","1573225487","4"
"U0004","1853260673","9"
"U0005","0060977477","6"
"U0006","0345391691","6"
"U0007","0520011171","3"
"U0008","0553278746","3"
"U0009","0670856045","4"
"U0010","0872200760","3"
"U0011","0937858994","9"
"U0012","0671649949","6"
"U0013","0590431110","6"
"U0014","0064470113","8"
"U0015","0553571486","6"
"U0016","0972044205","8"
"U0017","0312963009","9"
"U0018","0345430476","6"
"U0019","0345435869","5"
"U0020","0380728729","6"
"U0021","038081840X","9"
"U0022","0449912302","5"
"U0023","055329198X","7"
"U0024","0671018930","5"
"U0025","0812541642","7"
"U0026","0312988699","6"
"U0027","0486282112","7"
"U0028","8483007010","7"
"U0029","0670815373","7"
"U0030","0385313748","7"
"U0031","1575843366","8"
"U0032","0684193957","6"
"U0033","0345371984","9"
"U0034","0380730138","4"
"U0035","1573228737","7"
"U0036","9681500555","8"
"U0037","0380711109","9"
"U0038","0452283914","3"
"U0039","0425120279","7"
"U0040","067153484X","8"
"U0041","0380728273","8"
"U0042","8433914545","5"
"U0043","8484509141","7"
"U0044","0446606197","6"
"U0045","0771076002","5"
"U0046","0771088191","6"
"U0047","1559703237","3"
"U0048","0062770500","8"
"U0049","0671847546","3"
"U0050","0060188731","8"
"U0051","0142001740","7"
"U0052","0195086295","3"
"U0053","0312995423","5"
"U0054","0380704587","6"
"U0055","0380815923","9"
"U0056","0385416342","10"
"U0057","0385418493","7"
"U0058","038542471X","8"
"U0059","0425098109","9"
"U0060","0449005410","3"
"U0061","0449202631","9"
"U0062","0449207544","6"
"U0063","0515128554","6"
"U0064","0517577402","3"
"U0065","0590450875","5"
"U0066","0590481371","6"
"U0067","067103619X","9"
"U0068","0684177730","5"
"U0069","0684180200","3"
"U0070","0743411269","7"
"U0071","0743470389","10"
"U0072","076218857X","9"
"U0073","0767905938","9"
"U0074","0800706544","7"
"U0075","0801096677","9"
"U0076","0849953014","7"
"U0077","0891091963","8"
"U0078","0915811537","3"
"U0079","0927545373","9"
"U0080","1575024179","7"
"U0081","1880185008","8"
"U0082","0140345809","8"
"U0083","0156528207","6"
"U0084","0380012863","8"
"U0085","0451154916","6"
"U0086","0785815147","7"
"U0087","0875421288","3"
"U0088","1567184294","3"
"U0089","156718796X","4"
"U0090","1862047626","8"
"U0091","0020437501","4"
"U0092","0198320264","3"
"U0093","0373196989","4"
"U0094","0373245580","6"
"U0095","0451527747","9"
"U0096","0671867113","5"
"U0097","0812504208","9"
"U0098","0060173289","7"
"U0099","0060973897","4"
"U0100","0140104682","9"
"U0101","0312143370","6"
"U0102","0316666343","7"
"U0103","039456894X","7"
"U0104","0440224675","6"
"U0105","0449002632","3"
"U0106","0449213773","9"
"U0107","0452279690","4"
"U0108","0553569058","8"
"U0109","0679427430","9"
"U0110","0679725393","5"
"U0111","0802114369","4"
"U0112","0803233019","6"
"U0113","0819154946","10"
"U0114","0897322339","5"
"U0115","0940322978","7"
"U0116","1573225126","3"
"U0117","1579651658","3"
"U0118","1878424319","8"
"U0119","8401351421","6"
"U0120","8423324311","7"
"U0121","8427007450","5"
"U0122","8429734996","8"
"U0123","8429736131","4"
"U0124","8440616252","8"
"U0125","8472224260","5"
"U0126","8472227421","7"
"U0127","8474103347","7"
"U0128","8475960936","6"
"U0129","8477830029","7"
"U0130","8478091246","4"
"U0131","8478097732","7"
"U0132","8478098267","4"
"U0133","8478800336","8"
"U0134","8478884963","9"
"U0135","8483002523","3"
"U0136","8486433193","8"
"U0137","0600586898","4"
"U0138","1853260622","7"
"U0139","1857938011","8"
"U0140","0060804157","8"
"U0141","8466601090","6"
"U0142","0140382658","5"
"U0143","0152012966","3"
"U0144","0312283784","9"
"U0145","0345297709","6"
"U0146","0345313097","8"
"U0147","0345335465","4"
"U0148","0345416848","9"
"U0149","0385333404","10"
"U0150","0449212084","9"
"U0151","0553582682","5"
"U0152","0590947257","4"
"U0153","074345829X","3"
"U0154","0786913878","7"
"U0155","0801491827","7"
"U0156","0816729913","7"
"U0157","0843136685","6"
"U0158","0866119531","4"
"U0159","0866119566","3"
"U0160","0870441663","5"
"U0161","1561561428","3"
"U0162","0553210092","8"
"U0163","0553258524","3"
"U0164","0688163726","7"
"U0165","1569471096","7"
"U0166","055358099X","3"
"U0167","0316168815","7"
"U0168","0316314927","3"
"U0169","0345424719","4"
"U0170","0375414746","9"
"U0171","0375726403","8"
"U0172","0385503857","3"
"U0173","0425156842","9"
"U0174","0440226104","7"
"U0175","0452277337","3"
"U0176","0553802488","3"
"U0177","0671021001","8"
"U0178","0767903579","4"
"U0179","0805063897","8"
"U0180","0679777431","7"
"U0181","0553285343","6"
"U0182","0486285529","8"
"U0183","0671002481","7"
"U0184","0812523385","8"
"U0185","0895774666","10"
"U0186","0020199090","9"
"U0187","0385495145","7"
"U0188","0679733825","4"
"U0189","0842329129","5"
"U0190","0345451260","5"
"U0191","0740700235","5"
"U0192","0380973545","9"
"U0193","0393321576","9"
"U0194","0743424425","5"
"U0195","0786868015","8"
"U0196","0446610178","8"
"U0197","0684854953","4"
"U0198","0743229878","6"
"U0199","0380617625","4"
"U0200","0380732335","6"
"U0201","0385337132","3"
"U0202","0440235057","4"
"U0203","0445402040","7"
"U0204","0618119760","8"
"U0205","0871138646","3"
"U0206","0026329859","5"
"U0207","0060621257","4"
"U0208","0060915544","5"
"U0209","0060917016","6"
"U0210","0060925000","7"
"U0211","0060932759","9"
"U0212","0061000280","4"
"U0213","0192815318","5"
"U0214","0312195516","6"
"U0215","0380792664","8"
"U0216","0393048977","5"
"U0217","0399137807","3"
"U0218","039914739X","5"
"U0219","0451203046","7"
"U0220","0451410556","4"
"U0221","0451523318","9"
"U0222","0486281965","5"
"U0223","0486292940","7"
"U0224","051762639X","8"
"U0225","0684824442","7"
"U0226","0743458303","9"
"U0227","081296666X","7"
"U0228","0819215635","7"
"U0229","0880011025","9"
"U0230","1561011525","5"
"U0231","1877727083","8"
"U0232","0486206173","5"
"U0233","0312278586","3"
"U0234","887641486X","5"
"U0235","0140370900","6"
"U0236","0674511255","5"
"U0237","0030096189","3"
"U0238","0312965745","10"
"U0239","0345374657","9"
"U0240","0395710901","7"
"U0241","080521061X","5"
"U0242","0823032612","7"
"U0243","0679310002","8"
"U0244","0312288115","7"
"U0245","0316171107","6"
"U0246","0380710218","3"
"U0247","0515118656","6"
"U0248","0553289063","5"
"U0249","0671000306","7"
"U0250","0671673688","6"
"U0251","1561672033","9"
"U0252","0425178242","9"
"U0253","0618173870","8"
"U0254","0375403582","3"
"U0255","0385721420","9"
"U0256","0451202341","7"
"U0257","0743418190","6"
"U0258","0385335407","8"
"U0259","0965746828","4"
"U0260","0060923245","3"
"U0261","0486272664","4"
"U0262","0786015276","7"
"U0263","0060913509","6"
"U0264","0553272837","3"
"U0265","0440225078","9"
"U0266","0312145543","7"
"U0267","0425181111","4"
"U0268","0380732688","3"
"U0269","0140286276","9"
"U0270","0373484100","6"
"U0271","0449907481","4"
"U0272","0553107305","4"
"U0273","080213825X","7"
"U0274","0515127833","3"
"U0275","0345441133","8"
"U0276","0515134279","4"
"U0277","0945586051","6"
"U0278","0385424728","3"
"U0279","0312980388","5"
"U0280","0590419625","6"
"U0281","0385472951","6"
"U0282","0451195663","8"
"U0283","0425182878","3"
"U0284","0553564528","5"
"U0285","055356451X","7"
"U0286","0743412621","8"
"U0287","0849943728","6"
"U0288","0849943450","3"
"U0289","084994371X","8"
"U0290","0590406019","9"
"U0291","0020442408","8"
"U0292","0553225987","4"
"U0293","042517736X","7"
"U0294","0671868713","7"
"U0295","038549825X","6"
"U0296","0553202294","8"
"U0297","0345313860","3"
"U0298","0345369947","8"
"U0299","067170124X","8"
"U0300","0345353625","8"
"U0001","0308102282","9"
"U0002","006017143X","5"
"U0003","0805056491","5"
"U0004","0679401377","3"
"U0005","1562827049","4"
"U0006","0385306032","6"
"U0007","0816152446","5"
"U0008","0821772953","7"
"U0009","0345379454","4"
"U0010","0553576925","4"
"U0011","0743206053","3"
"U0012","0688169678","6"
"U0013","0439319552","6"
"U0014","0590870157","7"
"U0015","0307001164","7"
"U0016","0440441501","5"
"U0017","0590687301","7"
"U0018","0439061644","4"
"U0019","0439569842","6"
"U0020","0307118703","3"
"U0021","0590418858","3"
"U0022","030720152X","3"
"U0023","0816728739","5"
"U0024","0865050880","3"
"U0025","0812519655","9"
"U0026","0812524853","9"
"U0027","0449211770","6"
"U0028","193072229X","9"
"U0029","0812521129","6"
"U0030","1400077826","7"
"U0031","0312995431","4"
"U0032","0312312628","8"
"U0033","0446394521","4"
"U0034","068484267X","6"
"U0035","0553578693","7"
"U0036","0380709260","3"
"U0037","0807565288","5"
"U0038","0312986769","9"
"U0039","0061096091","3"
"U0040","0345369068","4"
"U0041","0451184718","6"
"U0042","0449209121","9"
"U0043","0060938455","8"
"U0044","080411952X","6"
"U0045","0060575808","8"
"U0046","0060558865","5"
"U0047","0767912918","8"
"U0048","0553298860","3"
"U0049","0385335679","3"
"U0050","0440122090","3"
"U0051","0671525832","3"
"U0052","0553279572","9"
"U0053","0061009059","5"
"U0054","0060930187","7"
"U0055","0516076272","8"
"U0056","0679450432","8"
"U0057","0821775863","7"
"U0058","0821770209","5"
"U0059","0670855758","5"
"U0060","0553562819","5"
"U0061","0446364193","9"
"U0062","0446519138","6"
"U0063","0425179672","3"
"U0064","0061042943","3"
"U0065","0399144463","3"
"U0066","0965404560","4"
"U0067","006015781X","4"
"U0068","0060930705","9"
"U0069","0312206763","3"
"U0070","0316116025","6"
"U0071","0156013967","7"
"U0072","0385314019","7"
"U0073","0743444167","3"
"U0074","0618231617","5"
"U0075","1567920047","7"
"U0076","0811203220","4"
"U0077","1573229148","5"
"U0078","0787955671","8"
"U0079","0425174484","4"
"U0080","0385496907","5"
"U0081","0446523992","4"
"U0082","0140185216","6"
"U0083","0684717255","9"
"U0084","0486272745","6"
"U0085","8807120194","9"
"U0086","0062507249","4"
"U0087","0684801221","6"
"U0088","1576737357","6"
"U0089","0060083298","8"
"U0090","0446672211","8"
"U0091","0140293248","9"
"U0092","0807070718","9"
"U0093","0743213831","7"
"U0094","0345305477","8"
"U0095","0061080519","4"
"U0096","0142000205","3"
"U0097","0316735027","8"
"U0098","193156146X","7"
"U0099","015600710X","5"
"U0100","0062517856","6"
"U0101","0679767789","4"
"U0102","0449911683","9"
"U0103","0425169626","9"
"U0104","0449207757","6"
"U0105","0449245691","9"
"U0106","0140029400","8"
"U0107","0140021566","9"
"U0108","2253004022","3"
"U0109","2253005274","3"
"U0110","225300670X","7"
"U0111","2266084372","6"
"U0112","2266029460","4"
"U0113","2253007102","4"
"U0114","2070417743","9"
"U0115","2070384349","3"
"U0116","207053880X","6"
"U0117","2290314951","6"
"U0118","229000510X","7"
"U0119","3492207006","3"
"U0120","3499177757","9"
"U0121","3889774016","8"
"U0122","3502670005","7"
"U0123","0905762487","4"
"U0124","3499222604","7"
"U0125","3746670055","6"
"U0126","0140620427","3"
"U0127","3596144434","9"
"U0128","3442724686","4"
"U0129","0385504209","3"
"U0130","0385500769","7"
"U0131","0399147012","6"
"U0132","0670892963","7"
"U0133","0688180639","6"
"U0134","0316789089","7"
"U0135","0451197275","3"
"U0136","0425184129","5"
"U0137","0151001006","6"
"U0138","0385505833","5"
"U0139","0679442790","6"
"U0140","0525943862","9"
"U0141","0609605925","5"
"U0142","0060191929","6"
"U0143","0743206045","6"
"U0144","0684864843","4"
"U0145","0684867818","5"
"U0146","0743406176","8"
"U0147","0380978539","8"
"U0148","0679603352","8"
"U0149","0679410430","9"
"U0150","0446523569","7"
"U0151","0671042556","6"
"U0152","0140107649","3"
"U0153","0609606727","7"
"U0154","0446527793","6"
"U0155","0446531332","8"
"U0156","1570717257","7"
"U0157","0060192631","7"
"U0158","0385420161","8"
"U0159","0345339711","9"
"U0160","052594463X","8"
"U0161","039304016X","6"
"U0162","0399147128","7"
"U0163","0670031046","9"
"U0164","0394574745","6"
"U0165","0316969443","4"
"U0166","0743230051","8"
"U0167","0316693200","8"
"U0168","0684868911","6"
"U0169","0842336214","8"
"U0170","0399148582","8"
"U0171","0684864320","3"
"U0172","0525944834","3"
"U0173","0345428900","3"
"U0174","0451176812","7"
"U0175","0671525794","7"
"U0176","0446602086","4"
"U0177","0394551427","3"
"U0178","0064407667","3"
"U0179","0007100221","9"
"U0180","2253148539","8"
"U0181","2253043974","5"
"U0182","2020315491","4"
"U0183","0747549923","6"
"U0184","0743462335","6"
"U0185","0140253580","3"
"U0186","0947782141","5"
"U0187","057120354X","3"
"U0188","0743222229","9"
"U0189","185479549X","9"
"U0190","0140292918","6"
"U0191","1854795554","7"
"U0192","1858813093","8"
"U0193","2871290911","6"
"U0194","0198604025","7"
"U0195","1842151053","9"
"U0196","2253063339","7"
"U0197","0767908473","7"
"U0198","1842040154","9"
"U0199","0140622063","3"
"U0200","0571209521","6"
"U0201","2264009306","9"
"U0202","1841952931","5"
"U0203","0890877564","9"
"U0204","1405200677","9"
"U0205","0416196772","7"
"U0206","0747538069","5"
"U0207","0375501347","3"
"U0208","0060927240","9"
"U0209","0316776963","8"
"U0210","156341029X","7"
"U0211","0060934719","6"
"U0212","1886383421","7"
"U0213","1888451084","9"
"U0214","0451450256","3"
"U0215","1555835953","6"
"U0216","0395877563","4"
"U0217","0962893862","3"
"U0218","1555834531","5"
"U0219","0393318435","5"
"U0220","0889740828","8"
"U0221","1563410443","8"
"U0222","1563899388","9"
"U0223","1563411148","6"
"U0224","0553579681","5"
"U0225","0553579673","3"
"U0226","0451181379","5"
"U0227","0786889160","7"
"U0228","0345370740","5"
"U0229","0553574175","7"
"U0230","0553574167","9"
"U0231","0553574159","7"
"U0232","0312287240","3"
"U0233","0679801146","9"
"U0234","0446300101","5"
"U0235","0821750410","9"
"U0236","0425142485","9"
"U0237","0451456548","5"
"U0238","0060006048","7"
"U0239","0312906552","10"
"U0240","0440117291","8"
"U0241","0425049981","4"
"U0242","0374386676","3"
"U0243","0786886463","3"
"U0244","0345395379","8"
"U0245","0380788497","9"
"U0246","0307215342","9"
"U0247","0374343381","8"
"U0248","0345403339","5"
"U0249","0440226694","4"
"U0250","0440219604","7"
"U0251","0767903285","9"
"U0252","0345429176","4"
"U0253","1573229571","7"
"U0254","0517201658","4"
"U0255","0743211383","8"
"U0256","039914370X","3"
"U0257","1884777805","8"
"U0258","0312977905","7"
"U0259","0812521331","8"
"U0260","0894342789","5"
"U0261","0440218535","7"
"U0262","0449207595","7"
"U0263","8806142267","5"
"U0264","0670844594","9"
"U0265","039457513X","9"
"U0266","0394559487","5"
"U0267","0804001944","7"
"U0268","0590897985","6"
"U0269","0689832877","4"
"U0270","0689829698","6"
"U0271","0439042917","9"
"U0272","0064409457","6"
"U0273","0064405052","6"
"U0274","043922165X","7"
"U0275","0152162445","7"
"U0276","0152162577","7"
"U0277","015216250X","8"
"U0278","1562477528","4"
"U0279","0439221676","5"
"U0280","0439221684","4"
"U0281","0439221714","6"
"U0282","0439221706","5"
"U0283","0439221730","4"
"U0284","0440415993","9"
"U0285","0895872102","4"
"U0286","068983585X","5"
"U0287","0440219078","6"
"U0288","185424597X","8"
"U0289","2080105434","7"
"U0290","349913358X","9"
"U0291","3257201761","4"
"U0292","3404121686","8"
"U0293","3404118960","8"
"U0294","0345356578","6"
"U0295","0345346971","3"
"U0296","0451155750","7"
"U0297","0786890436","8"
"U0298","0415928087","4"
"U0299","0521427150","5"
"U0300","0812923278","7"
"U0001","0884111342","4"
"U0002","0345428544","8"
"U0003","0671694049","4"
"U0004","080901582X","7"
"U0005","0449006557","8"
"U0006","0373250339","4"
"U0007","0380820447","7"
"U0008","0385497679","9"
"U0009","0451454243","7"
"U0010","0941423042","3"
"U0011","0373871562","8"
"U0012","0553101439","6"
"U0013","0898151910","4"
"U0014","0835949362","7"
"U0015","0880701102","9"
"U0016","039914563X","5"
"U0017","0312853238","6"
"U0018","0688048730","5"
"U0019","0425161722","7"
"U0020","0849916399","7"
"U0021","1928791107","9"
"U0022","067175145X","9"
"U0023","0440211727","9"
"U0024","0877192820","4"
"U0025","0380002450","8"
"U0026","0793133955","4"
"U0027","0394178017","7"
"U0028","0425134350","3"
"U0029","0385479689","6"
"U0030","0380754851","9"
"U0031","0380538504","9"
"U0032","044661162X","6"
"U0033","0671742566","9"
"U0034","0515122408","8"
"U0035","0440222818","9"
"U0036","0451204050","4"
"U0037","038533334X","4"
"U0038","0449131548","6"
"U0039","0440120470","4"
"U0040","0451188209","3"
"U0041","0440130913","8"
"U0042","0449001954","6"
"U0043","0345404777","4"
"U0044","0451185277","6"
"U0045","0440224829","7"
"U0046","0671779338","9"
"U0047","0515134368","6"
"U0048","0380759497","4"
"U0049","3442098424","7"
"U0050","0394578791","8"
"U0051","1558505377","4"
"U0052","0373245696","5"
"U0053","0743201078","6"
"U0054","068983571X","7"
"U0055","0553256785","8"
"U0056","0892967994","8"
"U0057","0061064505","5"
"U0058","1551668785","9"
"U0059","0836230868","5"
"U0060","0381999866","6"
"U0061","0380817144","7"
"U0062","0380752115","6"
"U0063","0553212583","6"
"U0064","0446364762","7"
"U0065","0425166619","3"
"U0066","061312975X","8"
"U0067","0765341972","6"
"U0068","0590514776","6"
"U0069","0373037430","7"
"U0070","0064472779","8"
"U0071","0553581279","3"
"U0072","0373750013","9"
"U0073","0393030342","4"
"U0074","0553561618","7"
"U0075","0312422156","9"
"U0076","0425139069","5"
"U0077","0450029956","7"
"U0078","0130139165","5"
"U0079","0373196741","7"
"U0080","0451524489","7"
"U0081","0140065172","10"
"U0082","044022165X","5"
"U0083","0373123485","6"
"U0084","0373123108","7"
"U0085","0590225170","8"
"U0086","044132231X","7"
"U0087","0425124347","3"
"U0088","0786889705","4"
"U0089","0312282990","3"
"U0090","0425137945","7"
"U0091","042512892X","8"
"U0092","0425113892","5"
"U0093","0394820371","4"
"U0094","0449134482","7"
"U0095","014036336X","5"
"U0096","0375821813","4"
"U0097","0812516826","3"
"U0098","0345348036","7"
"U0099","0679420118","5"
"U0100","0871137380","9"
"U0001","0451185277","8"
"U0001","0385505833","3"
"U0001","0345370740","8"
"U0001","0516076272","2"
"U0001","0312206763","7"
"U0001","0345465083","9"
"U0001","0451203046","6"
"U0001","0425156842","4"
"U0001","0684864320","7"
"U0001","0435272683","6"
"U0001","0061099686","9"
"U0001","0345374657","9"
"U0001","0590418858","9"
"U0001","0945586051","4"
"U0001","0553298860","10"
"U0001","3889774016","9"
"U0001","1563410443","2"
"U0001","0440234964","10"
"U0001","0151008116","8"
"U0001","042517736X","10"
"U0001","0553564528","5"
"U0001","1903019699","3"
"U0001","0679865691","6"
"U0001","0393030342","6"
"U0001","0439221714","4"
"U0002","0385497679","7"
"U0002","0060809027","7"
"U0002","0440117291","3"
"U0002","0553280333","3"
"U0002","1573225126","8"
"U0002","0002740230","9"
"U0002","1567407781","4"
"U0002","0312890044","6"
"U0002","0670855758","5"
"U0002","0345403339","7"
"U0002","8433914545","9"
"U0002","0767908473","9"
"U0002","1561672033","6"
"U0002","0452277337","6"
"U0002","0679310002","3"
"U0002","0373750013","4"
"U0002","0812521129","6"
"U0002","0451454243","4"
"U0002","1842151053","6"
"U0002","0486272745","7"
"U0002","0446523992","10"
"U0002","0399137807","10"
"U0002","0875421288","4"
"U0002","0312906552","7"
"U0002","8445071769","8"
"U0002","0385335679","5"
"U0002","0553285343","10"
"U0002","0156047624","7"
"U0002","0385511612","5"
"U0002","8478884963","6"
"U0002","006052779X","6"
"U0002","0060168013","8"
"U0002","0618173870","9"
"U0002","0425120279","4"
"U0002","0380709260","7"
"U0002","0743462335","6"
"U0002","0425182878","3"
"U0003","156341029X","9"
"U0003","8474103347","8"
"U0003","044023722X","2"
"U0003","0609606727","9"
"U0003","055356451X","6"
"U0003","0060914068","4"
"U0003","0312252617","3"
"U0003","1903019699","9"
"U0003","8423324311","5"
"U0003","8478098267","3"
"U0003","0440225701","3"
"U0003","0684193957","5"
"U0003","0840734530","3"
"U0003","0007100221","7"
"U0003","0156047624","6"
"U0003","0440234743","9"
"U0003","042518630X","6"
"U0003","0425142485","3"
"U0003","057120354X","8"
"U0003","055321215X","2"
"U0003","0020199090","10"
"U0003","0380752115","8"
"U0003","0425164403","5"
"U0003","0446364193","10"
"U0003","0345430476","7"
"U0003","0071416331","8"
"U0003","1558746218","5"
"U0003","015600710X","6"
"U0003","0590431110","3"
"U0003","0375759778","7"
"U0003","0671867156","2"
"U0003","0553581279","6"
"U0003","0140622063","3"
"U0003","0451524489","9"
"U0003","2253063339","5"
"U0003","0345354931","5"
"U0003","0684864320","4"
"U0003","0743424425","3"
"U0003","1567920047","8"
"U0003","0671888587","7"
"U0003","1854795554","5"
"U0003","0898151910","7"
"U0003","0345441133","6"
"U0003","0889740828","9"
"U0003","0812521331","3"
"U0003","2253148539","10"
"U0003","0812523873","4"
"U0003","0060173289","4"
"U0003","006017143X","3"
"U0003","156971620X","5"
"U0003","0312283784","3"
"U0003","0385306032","4"
"U0003","1563411148","8"
"U0003","0061042943","9"
"U0004","0553578693","8"
"U0004","0345346971","9"
"U0004","0375821813","6"
"U0004","0373196989","9"
"U0004","0688169678","10"
"U0004","067175145X","5"
"U0004","1877727083","3"
"U0004","2070417743","9"
"U0004","0316693200","2"
"U0004","0553580388","6"
"U0004","0451197275","6"
"U0004","2290314951","8"
"U0004","0553279572","5"
"U0004","1842040154","9"
"U0004","0767912918","9"
"U0004","0440122090","5"
"U0004","055321215X","6"
"U0004","8476409419","5"
"U0004","3442446937","8"
"U0004","0840734530","8"
"U0004","0316969443","8"
"U0004","0670855758","7"
"U0004","0812516826","6"
"U0004","0440222818","10"
"U0004","0439510112","6"
"U0004","042518630X","4"
"U0004","0679410430","4"
"U0004","0894342789","3"
"U0004","2080105434","7"
"U0004","0553582747","9"
"U0004","0380730448","8"
"U0004","0394820371","9"
"U0004","0330484516","2"
"U0004","0891091963","8"
"U0004","0679427430","4"
"U0004","0060083298","3"
"U0004","0517201658","4"
"U0004","0771074670","2"
"U0004","0345441133","4"
"U0004","1414035004","9"
"U0004","038076654X","10"
"U0004","030720152X","6"
"U0005","0670035262","7"
"U0005","0373871562","5"
"U0005","076218857X","7"
"U0005","0553582682","7"
"U0005","3596292646","5"
"U0005","3492045642","9"
"U0005","0312148267","7"
"U0005","8401351421","8"
"U0005","042511774X","4"
"U0005","0385337639","9"
"U0005","0743222229","6"
"U0005","8486433193","9"
"U0005","0345430476","4"
"U0005","0786868716","8"
"U0005","207053880X","6"
"U0005","0679442790","6"
"U0005","0394578791","9"
"U0005","0060930187","5"
"U0005","0394551427","10"
"U0005","0345395379","9"
"U0005","0375400117","5"
"U0005","0061042943","2"
"U0005","0316969443","7"
"U0005","0152162577","7"
"U0005","0451452755","10"
"U0005","0425169626","3"
"U0005","0670815373","9"
"U0005","0380807866","4"
"U0005","0060929790","4"
"U0005","0553562819","10"
"U0006","0446606197","6"
"U0006","0674511255","3"
"U0006","0195153448","7"
"U0006","081296666X","9"
"U0006","0140382658","9"
"U0006","0671867156","4"
"U0006","0345429176","4"
"U0006","1576737357","5"
"U0006","0425174484","10"
"U0006","0156528207","8"
"U0006","0425049981","6"
"U0006","0684717255","6"
"U0006","0749748001","3"
"U0006","0590450875","8"
"U0006","3257208626","5"
"U0006","1575663937","4"
"U0006","0380730448","3"
"U0006","0684823802","4"
"U0006","0140253580","5"
"U0006","0553574175","6"
"U0006","080521061X","7"
"U0006","0375726403","5"
"U0006","0399144463","4"
"U0006","0380728729","4"
"U0006","0865050880","5"
"U0006","0894342789","6"
"U0006","2070417743","4"
"U0006","0440234964","3"
"U0006","0380973545","8"
"U0006","1592571301","8"
"U0006","038533334X","7"
"U0006","0670031046","7"
"U0007","2253004022","10"
"U0007","0312995423","10"
"U0007","068983571X","3"
"U0007","0452279690","9"
"U0007","0793133955","7"
"U0007","0446612545","3"
"U0007","0345435869","5"
"U0007","0451524489","6"
"U0007","0684177730","4"
"U0007","0380012863","6"
"U0007","0440218535","5"
"U0007","0345433173","8"
"U0007","1884777805","8"
"U0007","0312988699","3"
"U0007","0553582682","6"
"U0007","8477830029","9"
"U0007","0140253580","5"
"U0007","0684854953","7"
"U0007","0871138646","8"
"U0007","074345829X","10"
"U0007","0553280589","6"
"U0007","0380788497","6"
"U0007","0380717018","7"
"U0007","0446394521","4"
"U0007","0345369068","9"
"U0007","0451456548","5"
"U0007","0425174484","8"
"U0007","3499110695","6"
"U0007","0312288115","6"
"U0007","0521427150","6"
"U0007","0440234743","6"
"U0007","185424597X","3"
"U0007","193156146X","8"
"U0007","0671649949","3"
"U0007","055329198X","3"
"U0007","0374270325","9"
"U0007","0451527747","6"
"U0007","0801491827","7"
"U0007","0895774666","4"
"U0007","1575024179","4"
"U0007","039914739X","4"
"U0007","0140067477","8"
"U0007","0380710218","9"
"U0007","2253043974","4"
"U0008","067103619X","9"
"U0008","0064409457","5"
"U0008","0375704965","6"
"U0008","0618119760","4"
"U0008","0553272837","8"
"U0008","0440224675","9"
"U0008","0345430476","6"
"U0008","1842151053","8"
"U0008","0316782505","5"
"U0008","0446527793","3"
"U0008","0307001164","5"
"U0008","0373836023","4"
"U0008","0385495145","4"
"U0008","0671023616","4"
"U0008","0060929790","9"
"U0008","0060013117","2"
"U0008","0743462335","4"
"U0008","0486284735","8"
"U0008","0061000280","8"
"U0008","0385420161","8"
"U0008","0451454243","6"
"U0008","0553579681","9"
"U0008","0316171107","4"
"U0008","8483002523","10"
"U0008","0375509038","2"
"U0008","0195153448","6"
"U0008","0312148267","9"
"U0009","0064472779","8"
"U0009","0345335465","7"
"U0009","0446531332","8"
"U0009","0385504209","7"
"U0009","0486282112","5"
"U0009","0937858994","9"
"U0009","2253004022","9"
"U0009","0060188731","5"
"U0009","1569871213","8"
"U0009","0061000280","10"
"U0009","0446610178","7"
"U0009","0345356578","6"
"U0009","0312156960","7"
"U0009","0440415993","6"
"U0009","0849916399","3"
"U0009","0425156842","9"
"U0009","0140620427","4"
"U0009","0140292918","6"
"U0009","1881320189","6"
"U0009","0749748028","6"
"U0009","0151008116","10"
"U0010","0553581279","4"
"U0010","067176537X","6"
"U0010","0671021001","8"
"U0010","0380754509","7"
"U0010","0151008116","3"
"U0010","044022165X","8"
"U0010","0786015276","7"
"U0010","1573228737","8"
"U0010","0345428544","6"
"U0010","0451625889","8"
"U0010","0374270325","5"
"U0010","0553256785","3"
"U0010","0671018930","6"
"U0010","1853260673","6"
"U0010","0316168815","6"
"U0010","3462021095","2"
"U0010","039304016X","9"
"U0010","0866119531","4"
"U0010","0880011025","7"
"U0010","0385335407","2"
"U0010","0316666343","7"
"U0010","0835949362","2"
"U0010","0684833395","8"
"U0010","0670855758","4"
"U0010","0061052515","10"
"U0010","0590406019","8"
"U0010","1569471096","6"
"U0010","156341029X","6"
"U0010","044132231X","7"
"U0011","8474103347","7"
"U0011","0743230051","7"
"U0011","0451162072","4"
"U0011","0671023616","6"
"U0011","0439221730","7"
"U0011","8478800336","5"
"U0011","0553347594","8"
"U0011","0440120470","7"
"U0011","8445071777","5"
"U0011","034543191X","2"
"U0011","0804111359","2"
"U0011","0553582682","9"
"U0011","0425178242","9"
"U0011","0941423042","3"
"U0011","0345435869","7"
"U0011","3498020862","8"
"U0011","0060932759","4"
"U0011","0060973129","6"
"U0011","039304016X","7"
"U0011","1853260053","8"
"U0011","038076654X","5"
"U0011","0140370900","4"
"U0011","0380538504","9"
"U0011","1853260622","4"
"U0011","0140067477","9"
"U0011","0446601640","9"
"U0011","0805056491","7"
"U0011","0345311396","7"
"U0011","0375821813","2"
"U0011","0801096677","6"
"U0011","0385730586","5"
"U0011","0804106304","4"
"U0011","080411952X","4"
"U0011","0671867113","7"
"U0011","0195153448","3"
"U0011","0385479689","7"
"U0011","0865050880","8"
"U0011","0345424719","2"
"U0011","074322678X","7"
"U0011","0395710901","4"
"U0011","0743418190","4"
"U0011","0385497466","6"
"U0011","0399135782","9"
"U0011","0373484100","8"
"U0011","0609605925","8"
"U0011","0316735736","7"
"U0011","8427007450","6"
"U0011","0451166892","6"
"U0011","0425182908","6"
"U0011","0374157065","4"
"U0011","0671649949","4"
"U0012","0679410430","10"
"U0012","0451162072","9"
"U0012","0380732688","10"
"U0012","1592571301","4"
"U0012","0553574175","5"
"U0012","0684854953","8"
"U0012","0743406176","7"
"U0012","0380754851","2"
"U0012","0380728273","8"
"U0012","0486292940","3"
"U0012","0963094424","2"
"U0012","3518111000","3"
"U0012","2070423204","9"
"U0012","0440225078","3"
"U0012","039914739X","5"
"U0012","0380617625","8"
"U0012","3257207522","4"
"U0012","0877192820","9"
"U0012","080411952X","4"
"U0012","0679767789","8"
"U0012","0590431110","4"
"U0012","0449207757","2"
"U0012","0486272745","6"
"U0012","0140292918","7"
"U0012","3257208669","7"
"U0012","0803233019","7"
"U0012","0786886463","5"
"U0012","0771076002","10"
"U0012","0684180200","4"
"U0012","0618173870","3"
"U0012","0517577402","3"
"U0012","0060199563","4"
"U0012","1555835953","5"
"U0012","0312282990","7"
"U0012","0312287240","6"
"U0012","0671047612","8"
"U0012","0804106304","5"
"U0012","0451188209","7"
"U0013","0380759497","8"
"U0013","0061030147","4"
"U0013","887641486X","4"
"U0013","0064470113","9"
"U0013","8440616252","7"
"U0013","0670815373","2"
"U0013","0316748641","8"
"U0013","087113375X","5"
"U0013","0380815923","8"
"U0013","3423241489","7"
"U0013","0030096189","8"
"U0013","0375501347","9"
"U0013","0064472779","8"
"U0013","0425142485","9"
"U0013","0515122408","8"
"U0013","0446602086","4"
"U0013","8478098267","3"
"U0013","0007100221","6"
"U0013","0380710218","9"
"U0013","0446677450","7"
"U0013","0380728273","4"
"U0013","0061080519","7"
"U0013","0671742566","8"
"U0013","0312970242","8"
"U0013","0800706544","3"
"U0013","0451166892","8"
"U0013","0380778556","4"
"U0013","0312980388","6"
"U0013","0060192631","5"
"U0013","0385420161","6"
"U0013","0140620664","2"
"U0013","0590897985","8"
"U0013","0786868015","6"
"U0013","0803251718","3"
"U0013","0345395379","6"
"U0013","0515128554","9"
"U0013","081296666X","4"
"U0013","0812575482","9"
"U0013","014036336X","5"
"U0013","1884777805","8"
"U0013","0061042943","4"
"U0013","0385316895","6"
"U0013","0449006557","6"
"U0013","0590406019","8"
"U0013","0671694049","9"
"U0013","0156013967","9"
"U0014","0373245580","7"
"U0014","051513290X","3"
"U0014","0671621009","3"
"U0014","0064405052","8"
"U0014","0061096091","10"
"U0014","0345441133","3"
"U0014","193072229X","5"
"U0014","0866119566","4"
"U0014","0449131548","4"
"U0014","006052779X","8"
"U0014","0671018930","7"
"U0014","0684801221","3"
"U0014","0380973839","9"
"U0014","038572179X","4"
"U0014","3442724686","8"
"U0014","0446394521","4"
"U0014","9681500555","4"
"U0014","8472238822","6"
"U0014","0451204050","3"
"U0014","0963094424","7"
"U0014","0767903285","6"
"U0014","0671673688","2"
"U0014","0373245696","9"
"U0014","0440235502","5"
"U0014","0679733825","2"
"U0014","0399147012","7"
"U0014","0345391691","4"
"U0015","0375726403","3"
"U0015","0140345809","4"
"U0015","0064472264","7"
"U0015","0446610178","8"
"U0015","0312143370","8"
"U0015","1853262404","8"
"U0015","3257207522","9"
"U0015","3442446937","2"
"U0015","0590418858","6"
"U0015","0345311396","5"
"U0015","0425124347","6"
"U0015","0385505833","2"
"U0015","0345430476","9"
"U0015","0345429176","7"
"U0015","1563892278","7"
"U0015","0891091963","6"
"U0015","0553272837","7"
"U0015","0743222229","3"
"U0015","0486272745","5"
"U0015","0446310786","9"
"U0015","0516076272","2"
"U0015","1551668785","6"
"U0015","0843136685","8"
"U0015","0439221676","7"
"U0015","0140021566","5"
"U0016","0609605925","4"
"U0016","0375704965","7"
"U0016","0451184718","8"
"U0016","3596292646","5"
"U0016","0060914068","6"
"U0016","0451523415","10"
"U0016","3518111000","5"
"U0016","0380711109","5"
"U0016","0849916399","7"
"U0016","0385730586","8"
"U0016","0449212084","4"
"U0016","0440120470","5"
"U0016","0140292918","9"
"U0016","0345417623","5"
"U0016","0375414746","4"
"U0016","0590897985","4"
"U0016","0140345809","8"
"U0016","1575663937","7"
"U0016","0394895894","8"
"U0016","038572179X","5"
"U0016","2253063339","4"
"U0016","0374343381","2"
"U0016","0905762487","6"
"U0016","0439221676","5"
"U0016","0671021001","10"
"U0016","0425113892","5"
"U0016","0440211727","9"
"U0016","0812504208","9"
"U0016","0812523385","6"
"U0016","0439061644","9"
"U0016","0749748001","7"
"U0016","3462021095","4"
"U0016","0870441663","6"
"U0016","3453212150","5"
"U0016","0743406176","6"
"U0016","0812523873","7"
"U0016","0345435869","3"
"U0016","8486433193","5"
"U0017","0140104682","3"
"U0017","0515128554","8"
"U0017","0671621009","6"
"U0017","0849943450","6"
"U0017","0670035262","8"
"U0017","0312278586","8"
"U0017","0670892963","8"
"U0017","0671525832","5"
"U0017","8478884963","9"
"U0017","0375719180","9"
"U0017","0743211383","7"
"U0017","0965746828","10"
"U0017","0451406923","5"
"U0017","051762639X","4"
"U0017","0871138646","5"
"U0017","3502670005","8"
"U0017","0440225701","8"
"U0017","0553280333","7"
"U0017","0152162577","9"
"U0017","0684854953","10"
"U0017","3257210450","8"
"U0017","0671525794","7"
"U0017","0849953014","9"
"U0017","0142001740","2"
"U0017","0380807866","5"
"U0017","0060199563","5"
"U0017","0890877564","8"
"U0017","0345369068","6"
"U0017","0385508042","6"
"U0017","3442098424","8"
"U0017","0743403843","5"
"U0017","0345371984","6"
"U0017","0671027387","8"
"U0017","3257212054","6"
"U0017","0819215635","4"
"U0017","1561561428","8"
"U0017","3257208634","5"
"U0017","067153484X","7"
"U0017","0345451260","4"
"U0017","0671847546","5"
"U0017","0515134279","6"
"U0017","0061099686","7"
"U0017","0440949424","9"
"U0018","0020437501","6"
"U0018","0803251718","6"
"U0018","0440222303","6"
"U0018","0385420161","10"
"U0018","0399148582","3"
"U0018","0743406176","7"
"U0018","0786886463","6"
"U0018","185424597X","5"
"U0018","0816152446","5"
"U0018","0895774666","5"
"U0018","0553278746","9"
"U0018","0812575954","8"
"U0018","0812504208","4"
"U0018","0312206763","2"
"U0018","0380012863","6"
"U0018","0884111342","6"
"U0018","0373123108","2"
"U0018","0373250339","4"
"U0018","055358099X","5"
"U0018","0312980388","6"
"U0018","0835949362","6"
"U0018","080213825X","5"
"U0018","0142000205","6"
"U0019","0671847546","8"
"U0019","0345354931","5"
"U0019","0618119760","7"
"U0019","0140029400","7"
"U0019","0440235057","4"
"U0019","0316666343","6"
"U0019","0060930187","5"
"U0019","1555834531","6"
"U0019","1570717257","5"
"U0019","1886383421","3"
"U0019","0345378490","8"
"U0019","0393020371","8"
"U0019","0425166619","5"
"U0019","0871137380","4"
"U0019","0394178017","6"
"U0019","0451406923","7"
"U0019","0425182908","7"
"U0019","0812516826","8"
"U0019","0486206173","10"
"U0019","8401351421","2"
"U0019","0743213831","5"
"U0019","0385337132","7"
"U0019","0449202631","7"
"U0019","0380012863","7"
"U0019","0743229878","7"
"U0019","8475960936","7"
"U0019","0937858994","5"
"U0019","0385313748","4"
"U0019","0684824442","9"
"U0019","0380792664","5"
"U0019","0553571486","6"
"U0019","0743249992","6"
"U0019","0380718332","6"
"U0019","0316969443","2"
"U0019","0061042943","8"
"U0019","0380732335","5"
"U0019","0553347594","4"
"U0019","8472238822","8"
"U0019","0515128554","6"
"U0019","0425139069","9"
"U0019","0374343381","5"
"U0019","0312970242","2"
"U0019","0743411269","3"
"U0019","0385497466","5"
"U0019","0671504282","6"
"U0019","0385509456","6"
"U0019","0767905938","4"
"U0019","0451181379","3"
"U0019","0060987103","7"
"U0019","0684717255","9"
"U0019","0553582682","8"
"U0020","0684717255","6"
"U0020","0684868911","7"
"U0020","0425184226","3"
"U0020","185424597X","2"
"U0020","0440120470","5"
"U0020","0345425294","10"
"U0020","0446325805","7"
"U0020","0060934719","7"
"U0020","0771088191","5"
"U0020","1573229148","8"
"U0020","0684801221","7"
"U0020","0553562819","9"
"U0020","2253043974","10"
"U0020","0515134368","9"
"U0020","0140622063","9"
"U0020","0393318435","8"
"U0020","0140620664","7"
"U0020","0679423079","7"
"U0020","0312890044","9"
"U0020","039914739X","9"
"U0020","2264009306","9"
"U0020","0891091963","8"
"U0020","0819154946","9"
"U0020","3257233051","10"
"U0020","0316769487","9"
"U0020","0312283784","9"
"U0020","0399138684","8"
"U0020","0553569058","9"
"U0020","0451206673","8"
"U0020","0345403339","8"
"U0020","1592571301","7"
"U0020","1842151053","7"
"U0020","0679425608","7"
"U0020","0812521331","10"
"U0020","0345313097","10"
"U0020","067153484X","8"
"U0020","887641486X","9"
"U0020","0553210092","9"
"U0020","039575514X","9"
"U0020","0307001164","10"
"U0020","0449213773","7"
"U0020","0671742566","7"
"U0020","0373245696","9"
"U0020","1573225126","8"
"U0020","0671673688","5"
"U0020","0385337639","3"
"U0020","0425134350","10"
"U0020","0452277337","8"
"U0020","0679801146","4"
"U0020","0866119531","9"
"U0020","1888451084","9"
"U0020","0312980388","7"
"U0020","0816728739","8"
"U0020","0451410319","7"
"U0021","0156013967","9"
"U0021","0684823802","2"
"U0021","0380012863","4"
"U0021","0440225078","4"
"U0021","0684848783","9"
"U0021","0446606197","8"
"U0021","3257212054","6"
"U0021","0440223571","4"
"U0021","0805056491","4"
"U0021","0804001944","10"
"U0021","0821750410","2"
"U0021","0316116025","5"
"U0021","0961769947","8"
"U0021","0345403339","5"
"U0021","1853262404","5"
"U0021","8423324311","5"
"U0021","0394574745","8"
"U0021","0767903285","9"
"U0021","0679310002","8"
"U0021","0198604025","6"
"U0021","080901582X","8"
"U0021","0964778319","10"
"U0021","0060013117","5"
"U0021","0553107305","8"
"U0021","0316666343","7"
"U0021","0399137807","6"
"U0021","0440117291","5"
"U0021","0451197275","9"
"U0021","0688048730","5"
"U0021","1414035004","7"
"U0022","9724119378","7"
"U0022","0451185277","8"
"U0022","074322678X","7"
"U0022","0486284735","4"
"U0022","3492045642","4"
"U0022","0449212084","4"
"U0022","0971880107","4"
"U0022","068983571X","2"
"U0022","0671047612","3"
"U0022","1900850303","9"
"U0022","3257208634","8"
"U0022","0380759497","9"
"U0022","0870441663","8"
"U0022","1567407781","6"
"U0022","156971620X","3"
"U0022","039914370X","7"
"U0022","0399138684","8"
"U0022","0385504209","6"
"U0022","0060932759","4"
"U0022","015600710X","10"
"U0022","0525943862","10"
"U0022","0440219604","9"
"U0022","0373245580","3"
"U0022","0553571486","10"
"U0022","0553289063","5"
"U0022","3404121686","4"
"U0022","0152162577","3"
"U0022","0061000280","8"
"U0022","0441783589","3"
"U0022","0060977493","3"
"U0022","0671673688","7"
"U0022","0451454243","2"
"U0022","0060923245","3"
"U0022","0380730448","7"
"U0022","0749748028","6"
"U0022","0140021566","3"
"U0022","0486281965","6"
"U0022","0451410556","6"
"U0022","1561561428","3"
"U0022","0786890436","9"
"U0022","0030096189","3"
"U0022","0375501347","8"
"U0022","0452282152","7"
"U0023","0684193957","3"
"U0023","006017143X","7"
"U0023","0385730586","4"
"U0023","076218857X","7"
"U0023","0385496907","4"
"U0023","0375759778","8"
"U0023","0345416848","10"
"U0023","0425179672","5"
"U0023","0385505833","6"
"U0023","0895774666","9"
"U0023","0767903579","7"
"U0023","0515134279","4"
"U0023","0590481371","10"
"U0023","0446602086","2"
"U0023","0345425294","6"
"U0023","044023722X","7"
"U0023","0440122090","8"
"U0023","044022165X","4"
"U0023","0345311396","8"
"U0023","0140382658","8"
"U0023","0449911004","7"
"U0023","0842342702","8"
"U0023","8486433193","4"
"U0023","0060938412","6"
"U0023","0061050474","8"
"U0023","8478098267","7"
"U0023","3502670005","7"
"U0023","0807565288","7"
"U0023","0446610178","4"
"U0023","0140029400","5"
"U0023","1567407781","9"
"U0023","0375814248","2"
"U0023","0026329859","9"
"U0023","0802114369","8"
"U0023","0312970242","7"
"U0023","0451203046","8"
"U0023","0451525221","4"
"U0023","8475960936","3"
"U0023","0345428544","4"
"U0023","0060973897","8"
"U0023","0670892963","5"
"U0023","0609605925","2"
"U0023","0345372700","6"
"U0023","8477830029","6"
"U0023","0449907481","7"
"U0023","038078243X","8"
"U0023","0517201658","6"
"U0023","0743418190","2"
"U0023","0849943450","9"
"U0023","0684180200","2"
"U0023","0684822733","10"
"U0023","0385424728","6"
"U0023","0940322978","5"
"U0023","0553347594","7"
"U0023","2070384349","9"
"U0024","2264009306","6"
"U0024","0375704965","6"
"U0024","0380709260","4"
"U0024","0425049981","6"
"U0024","0440226104","3"
"U0024","0385316895","3"
"U0024","1558531025","10"
"U0024","0380718332","8"
"U0024","0316782505","5"
"U0024","0449212084","4"
"U0024","0590481371","7"
"U0024","156971620X","5"
"U0024","0961769947","9"
"U0024","0439221684","3"
"U0024","039457513X","9"
"U0024","0440120470","8"
"U0024","0439221730","4"
"U0024","055358099X","8"
"U0024","0140185216","6"
"U0024","0553278746","8"
"U0024","0375403582","3"
"U0024","1562477528","5"
"U0024","0380978539","3"
"U0024","0743229878","3"
"U0024","0684864320","5"
"U0024","0449912302","6"
"U0024","0425161722","5"
"U0024","0446610399","7"
"U0024","0449207544","10"
"U0024","0316693200","7"
"U0024","0385496907","9"
"U0024","0385497466","6"
"U0024","0486206173","9"
"U0024","2266084372","5"
"U0024","0452282152","4"
"U0024","0486284735","7"
"U0024","0440222303","4"
"U0024","0140620664","6"
"U0024","0312287240","5"
"U0024","0060801263","6"
"U0025","0140065172","9"
"U0025","8478098267","10"
"U0025","0449002632","5"
"U0025","0064409457","10"
"U0025","0140292918","8"
"U0025","8466601090","7"
"U0025","0812575954","9"
"U0025","0375821813","7"
"U0025","0679603352","7"
"U0025","0345311396","8"
"U0025","0516076272","3"
"U0025","8401351421","8"
"U0025","0140620664","8"
"U0025","0812516826","4"
"U0025","0375414746","10"
"U0025","039456894X","7"
"U0025","3499110695","10"
"U0025","0380732688","9"
"U0025","0416196772","7"
"U0025","0821772953","7"
"U0025","0553107305","10"
"U0025","1563410443","7"
"U0025","0553272837","4"
"U0025","8486433193","8"
"U0025","055329198X","8"
"U0025","080652121X","4"
"U0025","0316973742","8"
"U0025","067176537X","7"
"U0025","0671021745","10"
"U0025","1573225126","10"
"U0025","0747538069","10"
"U0025","0486285529","4"
"U0026","1862047626","4"
"U0026","0395710901","7"
"U0026","067170124X","5"
"U0026","0452282152","8"
"U0026","0380752115","4"
"U0026","0020437501","10"
"U0026","015600710X","4"
"U0026","0425169626","10"
"U0026","0385416342","5"
"U0026","8476409419","5"
"U0026","1567920047","4"
"U0026","067103619X","8"
"U0026","055329198X","8"
"U0026","0767912918","9"
"U0026","0440224675","8"
"U0026","0836230868","7"
"U0026","0385327773","4"
"U0026","038549825X","6"
"U0026","0451154916","6"
"U0026","1551668785","4"
"U0026","0316168815","7"
"U0026","067176537X","6"
"U0027","0553202294","3"
"U0027","0804106304","2"
"U0027","0440225701","6"
"U0027","0375719180","3"
"U0027","0060173289","6"
"U0027","0064405052","10"
"U0027","068484267X","3"
"U0027","0767905938","8"
"U0027","0385508042","5"
"U0027","0671867156","4"
"U0027","0380715899","5"
"U0027","0446672211","10"
"U0027","1877727083","4"
"U0027","067175145X","5"
"U0027","1569871213","7"
"U0027","0245542957","7"
"U0027","0345370740","4"
"U0027","0307215342","5"
"U0027","068983585X","7"
"U0027","0373037430","10"
"U0027","0380617625","7"
"U0027","1881320189","9"
"U0027","0671525832","8"
"U0027","0786886463","8"
"U0027","0439319552","8"
"U0027","3498020862","5"
"U0027","1884777805","5"
"U0027","1555835953","8"
"U0027","0553256785","7"
"U0027","0373245696","10"
"U0027","0684180200","4"
"U0027","0937858994","7"
"U0027","039575514X","6"
"U0027","0449212084","5"
"U0027","067103619X","9"
"U0027","3257201761","5"
"U0027","3746670055","6"
"U0027","0385511612","4"
"U0027","0446602086","8"
"U0027","0688048730","4"
"U0027","0425124347","7"
"U0027","0345369947","7"
"U0027","0915811537","8"
"U0027","055356451X","6"
"U0027","0671000306","6"
"U0027","0312963009","5"
"U0027","8466601090","10"
"U0027","0060563079","3"
"U0027","0439095026","6"
"U0027","0689829698","7"
"U0027","0679450432","7"
"U0027","0688163726","7"
"U0027","0553571486","5"
"U0027","0312195516","4"
"U0027","038572179X","2"
"U0027","0156013967","8"
"U0028","0671027387","7"
"U0028","067103619X","7"
"U0028","0385721420","10"
"U0028","0515127833","8"
"U0028","0312261594","5"
"U0028","0425166619","4"
"U0028","0451185277","4"
"U0028","0060929790","8"
"U0028","0684177730","8"
"U0028","0671888587","4"
"U0028","0380815923","8"
"U0028","0803233019","6"
"U0028","3257208626","7"
"U0028","0670892963","4"
"U0028","0972044205","9"
"U0028","0316789089","5"
"U0028","0889740828","4"
"U0028","0600586898","9"
"U0028","3596144434","4"
"U0028","0440224675","10"
"U0028","068983585X","7"
"U0028","0375759778","5"
"U0028","0446601640","6"
"U0028","0743444167","9"
"U0028","0452277337","5"
"U0028","0961769947","7"
"U0028","0449213773","7"
"U0028","0425124347","5"
"U0028","0440235502","10"
"U0028","0590225170","9"
"U0028","0316666343","10"
"U0028","0449212084","10"
"U0028","0805056491","7"
"U0028","038549825X","8"
"U0028","0671002481","7"
"U0028","0380728729","8"
"U0028","0671000306","10"
"U0029","0312986769","9"
"U0029","044023722X","8"
"U0029","0671742566","7"
"U0029","0373037430","4"
"U0029","0060938455","7"
"U0029","039914739X","6"
"U0029","0891091963","4"
"U0029","0679733825","6"
"U0029","0964778319","3"
"U0029","0439061644","8"
"U0029","8486433193","8"
"U0029","0451208080","6"
"U0029","0340767936","8"
"U0029","0380728729","9"
"U0029","1563892278","7"
"U0029","0553285343","4"
"U0029","0670856045","4"
"U0029","3257210450","6"
"U0029","0609606727","3"
"U0029","0385313748","5"
"U0029","0345311396","4"
"U0029","0771076002","6"
"U0029","044132231X","6"
"U0029","0590629719","7"
"U0029","8423324311","3"
"U0029","0130139165","5"
"U0029","2264009306","8"
"U0029","0811203220","5"
"U0029","0375403582","4"
"U0029","0679401377","4"
"U0029","0375414746","8"
"U0030","0446612618","6"
"U0030","0394578791","7"
"U0030","0316693200","6"
"U0030","0451625889","9"
"U0030","0870441663","8"
"U0030","0375759778","9"
"U0030","0517577402","6"
"U0030","0316789089","5"
"U0030","2070417743","7"
"U0030","0375509038","8"
"U0030","0446527165","6"
"U0030","0446523992","5"
"U0030","0449001954","8"
"U0030","0151008116","7"
"U0030","087113375X","8"
"U0030","3596144434","7"
"U0030","0060930705","7"
"U0030","0380973545","10"
"U0030","0515127833","6"
"U0030","0684822733","5"
"U0030","0895774666","9"
"U0030","1561672033","9"
"U0030","0060801263","10"
"U0030","0425174484","3"
"U0030","0380709260","8"
"U0030","1853262404","9"
"U0030","0060932759","7"
"U0030","0440234964","9"
"U0031","0743424425","7"
"U0031","1841952931","7"
"U0031","193156146X","7"
"U0031","0316776963","6"
"U0031","0821775863","7"
"U0031","229000510X","4"
"U0031","0374386676","4"
"U0031","0385418493","10"
"U0031","8445071408","9"
"U0031","0345378490","9"
"U0031","0743411269","5"
"U0031","0452277337","7"
"U0031","0316748641","9"
"U0031","0965404560","5"
"U0031","0451203046","6"
"U0031","0871138646","7"
"U0031","0439095026","7"
"U0031","0425134350","5"
"U0031","0821750410","3"
"U0031","0743458303","8"
"U0031","0345335465","7"
"U0031","0060191929","5"
"U0031","0553562819","5"
"U0031","0385505833","7"
"U0031","0380732335","4"
"U0031","0060930187","8"
"U0031","0515134368","6"
"U0031","044132231X","3"
"U0031","0312148267","7"
"U0031","0345395379","7"
"U0031","0312195516","6"
"U0031","0877192820","5"
"U0031","0684833395","9"
"U0031","2253004022","8"
"U0031","3404118960","4"
"U0031","0743412621","5"
"U0031","0060973129","3"
"U0031","0394578791","6"
"U0031","0849943450","5"
"U0031","0684868911","7"
"U0031","0425164403","8"
"U0031","0451406923","3"
"U0031","0446610178","8"
"U0032","0590481371","4"
"U0032","0804117934","9"
"U0032","8445071777","10"
"U0032","1573229148","4"
"U0032","0374386676","5"
"U0032","0440225078","10"
"U0032","0380711109","8"
"U0032","0451523318","6"
"U0032","0020199090","4"
"U0032","0316693200","2"
"U0032","0316769487","7"
"U0032","0771088191","7"
"U0032","0385336772","8"
"U0032","0156528207","8"
"U0032","8423324311","10"
"U0032","044132231X","7"
"U0032","0340767936","8"
"U0032","0842342702","5"
"U0032","3596292646","4"
"U0032","039304016X","10"
"U0032","0446527793","8"
"U0032","0486282112","9"
"U0032","0849943728","4"
"U0032","0446610178","6"
"U0032","0819154946","7"
"U0032","0823032612","4"
"U0032","030720152X","7"
"U0032","0061099686","4"
"U0032","0449131548","8"
"U0032","0446325805","6"
"U0032","042518630X","6"
"U0032","0805063897","4"
"U0032","0156013967","8"
"U0032","0590406019","3"
"U0032","0451181379","9"
"U0032","8466601090","7"
"U0032","0060173289","10"
"U0032","0316776963","7"
"U0032","0312890044","4"
"U0032","0670855758","3"
"U0032","8472227421","5"
"U0032","0316171107","5"
"U0032","0743444167","6"
"U0032","0312970242","9"
"U0033","0553298860","4"
"U0033","0380715899","3"
"U0033","0449213773","3"
"U0033","3442724686","7"
"U0033","140003180X","8"
"U0033","0380807866","5"
"U0033","0887841740","9"
"U0033","039575514X","6"
"U0033","0451523415","4"
"U0033","0842336214","3"
"U0033","8483007010","2"
"U0033","0866119566","4"
"U0033","0373123108","9"
"U0033","0743403843","6"
"U0033","0375801677","8"
"U0033","193072229X","4"
"U0033","0877192820","4"
"U0033","3498020862","10"
"U0033","193156146X","8"
"U0033","0525944834","4"
"U0033","225300670X","4"
"U0033","0064472779","3"
"U0033","0895774666","9"
"U0033","0316314927","8"
"U0033","3257210450","8"
"U0033","0425134350","5"
"U0033","0451155750","9"
"U0033","0060930187","5"
"U0033","0380788497","7"
"U0033","0060929790","4"
"U0033","039304016X","6"
"U0033","0152162577","5"
"U0033","0374386676","8"
"U0034","8466601090","10"
"U0034","0553258524","4"
"U0034","0451205197","9"
"U0034","0061064505","4"
"U0034","0849943450","9"
"U0034","0345372700","6"
"U0034","2871290911","2"
"U0034","034543191X","5"
"U0034","1841721522","9"
"U0034","0385416342","9"
"U0034","0060177586","4"
"U0034","0385504209","6"
"U0034","0812521331","8"
"U0034","0062517856","3"
"U0034","140003180X","9"
"U0034","0553582909","3"
"U0034","8445071769","5"
"U0034","3257212054","2"
"U0034","0553278223","7"
"U0034","0312890044","4"
"U0034","0439042917","7"
"U0034","1853260053","4"
"U0034","0553576925","6"
"U0034","1888451084","9"
"U0034","0060804157","8"
"U0034","0553582747","6"
"U0034","1858813093","9"
"U0035","0312252617","7"
"U0035","0961769947","6"
"U0035","0002005018","5"
"U0035","0060973897","9"
"U0035","8483007010","8"
"U0035","067175145X","4"
"U0035","0870441663","9"
"U0035","0684824442","5"
"U0035","0811203220","3"
"U0035","0670855758","10"
"U0035","0440226104","5"
"U0035","0345348036","4"
"U0035","0425134350","2"
"U0035","8472227421","8"
"U0035","0674511255","4"
"U0035","039914739X","5"
"U0035","1877727083","3"
"U0035","0743411269","2"
"U0035","0553107305","5"
"U0035","0380012863","4"
"U0035","0446606197","7"
"U0035","0793133955","5"
"U0035","1575843366","4"
"U0035","014036336X","6"
"U0035","0679810307","4"
"U0035","0451406923","2"
"U0035","0743213831","10"
"U0035","0446602086","10"
"U0035","0670031046","10"
"U0035","0553212583","3"
"U0035","0312906552","5"
"U0035","0385336772","4"
"U0035","0060930187","5"
"U0035","0449212084","7"
"U0035","0679450432","4"
"U0035","0553561618","6"
"U0035","1886383421","5"
"U0035","0061099325","4"
"U0035","0553225987","3"
"U0035","037582345X","5"
"U0035","0312890044","10"
"U0035","0312953453","8"
"U0035","0849916399","8"
"U0035","8478097732","7"
"U0035","0671623249","7"
"U0035","0871137380","4"
"U0035","193156146X","8"
"U0035","0373250339","4"
"U0035","0671004573","5"
"U0035","039914563X","7"
"U0035","0375759778","5"
"U0035","0440234964","4"
"U0036","0679310002","7"
"U0036","0060914068","8"
"U0036","0140345809","5"
"U0036","0345465083","8"
"U0036","042517736X","7"
"U0036","0345441133","5"
"U0036","0425098109","7"
"U0036","0450029956","6"
"U0036","0393045218","3"
"U0036","0140104682","6"
"U0036","0312906552","4"
"U0036","044661162X","8"
"U0036","1573228737","9"
"U0036","0486285529","9"
"U0036","0312853238","3"
"U0036","0061000280","9"
"U0036","0553212583","7"
"U0036","1555834531","9"
"U0036","1854795554","5"
"U0036","0821770209","3"
"U0036","0449006522","8"
"U0036","0553107305","4"
"U0036","0451410319","6"
"U0037","140003180X","7"
"U0037","015216250X","9"
"U0037","0964778319","4"
"U0037","0393321576","4"
"U0037","1853260622","7"
"U0037","1841721522","6"
"U0037","0393020371","3"
"U0037","0787955671","10"
"U0037","0061040967","9"
"U0037","0771088191","10"
"U0037","0684177730","5"
"U0037","0446531332","6"
"U0037","0440218535","10"
"U0037","1862047626","5"
"U0037","0380619458","5"
"U0037","0307001164","5"
"U0037","0385416342","5"
"U0037","207053880X","5"
"U0037","0440122090","6"
"U0037","0345417623","6"
"U0037","0743206053","7"
"U0037","0374386676","4"
"U0037","0060977493","7"
"U0037","0061050474","4"
"U0037","0445402040","8"
"U0037","0553258524","5"
"U0037","0312206763","6"
"U0037","1561011525","10"
"U0038","0061009059","8"
"U0038","067976397X","8"
"U0038","0679801146","6"
"U0038","2253148539","9"
"U0038","0451526279","5"
"U0038","0940322978","10"
"U0038","0312261594","3"
"U0038","0380754509","8"
"U0038","3257233051","2"
"U0038","0449005410","10"
"U0038","0375410538","8"
"U0038","0671621009","5"
"U0038","0804001944","7"
"U0038","0521427150","4"
"U0038","0812524853","10"
"U0038","0312312628","5"
"U0038","0446606197","4"
"U0038","193156146X","10"
"U0038","0385416342","5"
"U0038","039914370X","10"
"U0038","0394895894","6"
"U0038","0393020371","6"
"U0038","156971620X","5"
"U0038","3492045642","5"
"U0038","0684848783","5"
"U0038","0446601640","9"
"U0038","1842040154","7"
"U0038","0385505833","4"
"U0038","0140107649","5"
"U0038","0894342789","7"
"U0038","0316748641","3"
"U0038","0525944834","9"
"U0038","0345346971","5"
"U0038","0425184129","4"
"U0038","0380538504","5"
"U0038","0330332775","7"
"U0038","0394578791","5"
"U0038","3257208669","4"
"U0038","0062507249","6"
"U0038","0743211383","4"
"U0038","1853260622","8"
"U0038","0380002450","3"
"U0038","0449211770","6"
"U0038","0689829698","3"
"U0038","0684824442","8"
"U0038","080411952X","7"
"U0038","1414035004","4"
"U0039","0373871562","5"
"U0039","8806142267","7"
"U0039","0062507249","3"
"U0039","1563898586","8"
"U0039","0380732335","9"
"U0039","0399135782","2"
"U0039","080521061X","8"
"U0039","0375410538","10"
"U0039","2266029460","3"
"U0039","0152012966","4"
"U0039","0819215635","8"
"U0039","0312252617","7"
"U0039","0684864843","5"
"U0039","0345371984","7"
"U0039","0345424719","9"
"U0039","0425181111","5"
"U0039","0373196741","7"
"U0039","0380754851","8"
"U0039","0553579673","8"
"U0039","8478097732","4"
"U0039","0451525221","5"
"U0039","0060934719","9"
"U0039","0312145543","5"
"U0039","0316969443","5"
"U0039","8483002523","3"
"U0039","1853260053","6"
"U0040","0553583468","9"
"U0040","0688163726","9"
"U0040","0345369947","4"
"U0040","037582345X","7"
"U0040","0590431110","2"
"U0040","3257212429","5"
"U0040","0670855758","4"
"U0040","0002005018","4"
"U0040","038076654X","5"
"U0040","0446610178","6"
"U0040","0446531332","4"
"U0040","0440949424","4"
"U0040","8483007010","7"
"U0040","0345417623","5"
"U0040","0312261594","4"
"U0040","8423324311","10"
"U0040","0345430476","4"
"U0040","0385505833","10"
"U0040","0679767789","5"
"U0040","0689829698","4"
"U0040","1842040154","4"
"U0040","052594463X","6"
"U0040","0889740828","3"
"U0040","0312988699","9"
"U0040","3423116714","6"
"U0040","0312906552","10"
"U0040","0440241413","7"
"U0040","155874262X","4"
"U0040","0345402871","2"
"U0040","0425174484","7"
"U0040","0684823802","6"
"U0041","0553580388","4"
"U0041","0425120279","6"
"U0041","0345353625","8"
"U0041","0425113892","5"
"U0041","0671673688","6"
"U0041","0449207595","5"
"U0041","0553225987","5"
"U0041","0743418190","9"
"U0041","0688180639","5"
"U0041","1900850303","6"
"U0041","156971620X","4"
"U0041","0307001164","6"
"U0041","0439221730","5"
"U0041","0340767936","4"
"U0041","0345441133","3"
"U0041","067976397X","7"
"U0041","0425049981","7"
"U0041","0345354931","8"
"U0041","0525947647","6"
"U0041","0451523318","6"
"U0041","044022165X","5"
"U0041","0449212084","8"
"U0041","0807070718","10"
"U0041","0451155750","10"
"U0041","0440225078","5"
"U0041","043922165X","10"
"U0041","0061040967","6"
"U0041","0375823468","4"
"U0041","0345313860","3"
"U0041","044651747X","6"
"U0041","2264009306","6"
"U0041","0553278223","7"
"U0041","0151001006","4"
"U0041","0740700235","5"
"U0041","887641486X","4"
"U0041","0688169678","9"
"U0041","0425098109","10"
"U0041","0767905938","7"
"U0041","0312890044","8"
"U0041","225300670X","5"
"U0041","0517201658","6"
"U0042","0312145543","3"
"U0042","0439061644","8"
"U0042","0449213773","6"
"U0042","1884777805","7"
"U0042","0345403339","4"
"U0042","0061040967","5"
"U0042","0553279572","5"
"U0042","0771076002","8"
"U0042","0060173289","4"
"U0042","0316769487","5"
"U0042","039456894X","5"
"U0042","0671021745","10"
"U0042","1555835953","9"
"U0042","0452282152","5"
"U0042","0743245024","10"
"U0042","0505524996","6"
"U0042","0849943450","7"
"U0042","1569471096","3"
"U0042","0804106304","4"
"U0042","0671504282","7"
"U0042","0688180639","4"
"U0042","0451185277","3"
"U0042","0684193957","7"
"U0042","1561011525","6"
"U0042","0060925000","4"
"U0042","0385511612","2"
"U0042","3499110695","5"
"U0042","0385509456","7"
"U0042","0394551427","8"
"U0042","0312977905","4"
"U0042","0312143370","6"
"U0042","0452277337","7"
"U0042","0451188209","6"
"U0042","0060013117","9"
"U0042","8475960936","2"
"U0042","0374270325","10"
"U0042","0684868911","7"
"U0042","8466601090","9"
"U0042","0312906552","7"
"U0042","0140067477","3"
"U0043","0440226104","7"
"U0043","0840734530","8"
"U0043","3442446937","9"
"U0043","0451409256","7"
"U0043","0451185277","6"
"U0043","1858813093","7"
"U0043","0805063897","8"
"U0043","0316769487","4"
"U0043","0381999866","8"
"U0043","0380709260","8"
"U0043","0804001944","4"
"U0043","0425184129","4"
"U0043","0007100221","8"
"U0043","0380759497","10"
"U0043","0671867113","6"
"U0043","087113375X","2"
"U0043","0345346971","8"
"U0043","0345425294","6"
"U0043","0451162072","4"
"U0043","0312261594","3"
"U0043","0440122090","6"
"U0043","0525947647","5"
"U0043","0671042556","3"
"U0043","0947782141","3"
"U0043","3492207006","5"
"U0043","8478098267","8"
"U0043","0345372700","9"
"U0043","0316116025","7"
"U0043","0394551427","8"
"U0043","8478091246","7"
"U0043","0446300101","8"
"U0043","0375410538","5"
"U0043","039914563X","3"
"U0043","0884111342","6"
"U0043","0836230868","4"
"U0043","8472227421","3"
"U0043","2253063339","7"
"U0043","0425139069","5"
"U0043","0451524489","8"
"U0044","0446672211","2"
"U0044","0679767789","4"
"U0044","0684193957","8"
"U0044","0590598848","6"
"U0044","0316171107","5"
"U0044","0515118656","9"
"U0044","0446394521","7"
"U0044","1592571301","4"
"U0044","2266029460","3"
"U0044","0140029400","6"
"U0044","0380728729","8"
"U0044","0446523992","7"
"U0044","0771074670","4"
"U0044","044651747X","4"
"U0044","0743222229","9"
"U0044","0451409256","3"
"U0044","0446527793","9"
"U0044","0375751513","2"
"U0044","081296666X","6"
"U0044","0060973129","10"
"U0044","052594463X","6"
"U0044","0440225701","10"
"U0044","0670844594","3"
"U0044","0030096189","8"
"U0044","0452277337","5"
"U0044","0060925000","6"
"U0044","8478800336","2"
"U0044","0743201078","9"
"U0044","0842342702","7"
"U0044","0505524996","2"
"U0044","0671870432","2"
"U0044","0060973897","9"
"U0044","0425184129","4"
"U0044","0195153448","8"
"U0044","0060914068","4"
"U0044","0679420118","5"
"U0044","0373245696","8"
"U0045","0435272683","7"
"U0045","0446523992","7"
"U0045","0505524996","10"
"U0045","0671021745","8"
"U0045","3548254268","6"
"U0045","0786886463","3"
"U0045","1569871213","8"
"U0045","0439221676","7"
"U0045","0689821166","6"
"U0045","0884111342","6"
"U0045","0061030147","5"
"U0045","0590897985","8"
"U0045","0312963009","7"
"U0045","0385511612","6"
"U0045","0452264464","8"
"U0045","042511774X","5"
"U0045","0345335465","6"
"U0045","0819215635","6"
"U0045","0345346971","4"
"U0045","0345429176","6"
"U0045","0156047624","3"
"U0045","0945586051","2"
"U0045","1842151053","8"
"U0045","0399148582","9"
"U0045","0449005410","6"
"U0045","3492045642","5"
"U0045","0308102282","5"
"U0045","0425098109","8"
"U0045","0375410538","8"
"U0045","0898151910","4"
"U0045","0020437501","6"
"U0046","0380817144","3"
"U0046","0515122408","7"
"U0046","0380704587","5"
"U0046","0553101439","5"
"U0046","0451208080","5"
"U0046","0880701102","7"
"U0046","051762639X","8"
"U0046","0345339711","5"
"U0046","0671004573","8"
"U0046","0060977477","7"
"U0046","0927545373","5"
"U0046","1592571301","6"
"U0046","039457513X","5"
"U0046","2253148539","10"
"U0046","0740700235","10"
"U0046","067176537X","7"
"U0046","3462021095","3"
"U0046","0439221714","10"
"U0046","0590481371","5"
"U0046","1877727083","9"
"U0046","0312283784","3"
"U0046","0061000280","7"
"U0046","0130139165","9"
"U0047","0812523873","4"
"U0047","0684867818","6"
"U0047","0375801677","6"
"U0047","0679429220","4"
"U0047","0312953453","5"
"U0047","0380617625","9"
"U0047","0330332775","8"
"U0047","0609606727","5"
"U0047","9681500555","8"
"U0047","0373196741","4"
"U0047","0345260317","10"
"U0047","0060930187","3"
"U0047","0394820371","7"
"U0047","0435272683","6"
"U0047","0345369068","9"
"U0047","0849943450","7"
"U0047","0609804618","5"
"U0047","0425098109","9"
"U0047","0439319552","5"
"U0047","0962893862","5"
"U0047","0399148582","8"
"U0048","0747549923","2"
"U0048","0380973839","9"
"U0048","0446310786","7"
"U0048","0688048730","6"
"U0048","0312953453","8"
"U0048","044651747X","9"
"U0048","0671621009","6"
"U0048","0618231617","5"
"U0048","038078243X","9"
"U0048","3257203659","7"
"U0048","0679777431","6"
"U0048","3499222604","10"
"U0048","0767905938","5"
"U0048","067170124X","5"
"U0048","0373245696","8"
"U0048","0515128554","3"
"U0048","0060973129","4"
"U0048","0553574175","9"
"U0048","0553272837","4"
"U0048","0590629719","3"
"U0048","1841721522","8"
"U0048","0312312628","5"
"U0048","0385306032","6"
"U0048","1900850303","8"
"U0048","0743201078","5"
"U0048","0345417623","8"
"U0048","0385314019","8"
"U0048","044023722X","3"
"U0048","3423116714","8"
"U0048","0345429176","5"
"U0048","0451155750","2"
"U0048","044661162X","7"
"U0048","0440225701","5"
"U0048","0316602906","9"
"U0048","0940322978","9"
"U0048","0679425608","8"
"U0048","0525943862","6"
"U0048","8423324311","6"
"U0048","8483007010","9"
"U0048","0061076031","7"
"U0048","8401351421","7"
"U0048","0449207595","4"
"U0048","0515127833","4"
"U0048","0375726403","9"
"U0048","0671694049","7"
"U0048","1551668785","8"
"U0048","0374386676","5"
"U0048","0897322339","3"
"U0048","8486433193","6"
"U0048","0590947257","8"
"U0048","0684823802","10"
"U0048","0743462335","3"
"U0048","0618173870","8"
"U0049","039914370X","4"
"U0049","0486272664","9"
"U0049","8445071408","7"
"U0049","0679801146","4"
"U0049","0312156960","2"
"U0049","0060938455","9"
"U0049","8472227421","7"
"U0049","0743439740","4"
"U0049","0345441133","9"
"U0049","0590629719","8"
"U0049","1579651658","6"
"U0049","1569871213","9"
"U0049","042511774X","7"
"U0049","0553582682","9"
"U0049","0962893862","3"
"U0049","0451523318","8"
"U0049","0679450432","8"
"U0049","0440222818","4"
"U0049","0142000205","5"
"U0049","0439510112","7"
"U0049","0553210092","4"
"U0049","2290314951","9"
"U0049","0425174484","3"
"U0049","0679429220","10"
"U0049","0312288115","10"
"U0049","0590419625","4"
"U0049","0671888587","2"
"U0049","0373871562","8"
"U0049","0385335407","5"
"U0049","0767903285","5"
"U0049","0553285343","7"
"U0049","0449212084","10"
"U0049","0375410538","2"
"U0049","081296666X","9"
"U0049","0312906552","6"
"U0049","0385336772","2"
"U0050","0060563079","4"
"U0050","0380792664","7"
"U0050","0743229878","4"
"U0050","0749748028","9"
"U0050","0071416331","6"
"U0050","0061009059","4"
"U0050","0060976845","5"
"U0050","0671694049","5"
"U0050","0312995423","7"
"U0050","0312970242","8"
"U0050","0380715899","7"
"U0050","8440616252","4"
"U0050","0060621257","9"
"U0050","0373750013","8"
"U0050","0060934719","3"
"U0050","0684823802","4"
"U0050","0060083298","8"
"U0050","0385337639","9"
"U0050","1405200677","6"
"U0050","8478091246","5"
"U0050","0684801221","5"
"U0051","0671027387","3"
"U0051","0399144463","5"
"U0051","8420639133","4"
"U0051","0385337639","8"
"U0051","8445071769","3"
"U0051","0671018930","7"
"U0051","1880185008","4"
"U0051","3404118960","9"
"U0051","0307118703","10"
"U0051","0441783589","9"
"U0051","0553280589","5"
"U0051","8478091246","8"
"U0051","0451195663","5"
"U0051","0671867156","7"
"U0051","0590870157","9"
"U0051","080521061X","4"
"U0051","0590598848","9"
"U0051","042518630X","3"
"U0051","0446606197","4"
"U0051","0671888587","7"
"U0051","0312970242","6"
"U0051","0439221676","8"
"U0051","0425179672","3"
"U0051","0743206045","6"
"U0051","0670035262","5"
"U0051","0451409256","5"
"U0051","1569871213","7"
"U0051","0380788497","10"
"U0051","0385314019","4"
"U0051","0374386676","8"
"U0051","057120354X","4"
"U0051","1559703237","8"
"U0051","0743230051","10"
"U0051","0961769947","6"
"U0052","0312252617","5"
"U0052","0670031046","9"
"U0052","2070423204","10"
"U0052","061312975X","9"
"U0052","0446610399","5"
"U0052","0345433173","8"
"U0052","1563899388","6"
"U0052","0892967994","4"
"U0052","0451188209","8"
"U0052","0312195516","4"
"U0052","0609804618","2"
"U0052","0060927240","7"
"U0052","0515127833","6"
"U0052","0449006557","8"
"U0052","0440224829","4"
"U0052","0887841740","5"
"U0052","0142000205","6"
"U0052","0679423079","8"
"U0052","0679603352","2"
"U0052","030720152X","7"
"U0052","038078243X","6"
"U0052","0786889160","10"
"U0053","1878424319","8"
"U0053","068484267X","6"
"U0053","0312853238","2"
"U0053","0771074670","8"
"U0053","0425134350","4"
"U0053","0393318435","8"
"U0053","0451197275","5"
"U0053","0964778319","6"
"U0053","0451523318","10"
"U0053","067176537X","4"
"U0053","0785815147","5"
"U0053","0812523873","8"
"U0053","1881320189","9"
"U0053","0812521331","6"
"U0053","0375500766","5"
"U0053","0786890436","9"
"U0053","0670892963","8"
"U0053","0380717018","6"
"U0053","038542471X","10"
"U0053","0140185216","9"
"U0053","014036336X","10"
"U0053","0816729913","4"
"U0053","0812575954","10"
"U0054","0684868911","4"
"U0054","0439510112","7"
"U0054","0553225987","7"
"U0054","0380002450","4"
"U0054","0801491827","2"
"U0054","006017143X","8"
"U0054","0451176812","4"
"U0054","0345354931","7"
"U0054","0895774666","5"
"U0054","0312282990","5"
"U0054","1555834531","7"
"U0054","0451409256","6"
"U0054","034543191X","4"
"U0054","0312995423","2"
"U0054","0671047612","3"
"U0054","0486272745","7"
"U0054","0451523415","6"
"U0054","8474103347","3"
"U0054","0972044205","8"
"U0054","0515134279","7"
"U0054","0486282112","7"
"U0054","0140029400","4"
"U0054","074345829X","5"
"U0054","0385508042","5"
"U0054","0373245696","4"
"U0054","0312988699","3"
"U0054","1841952931","3"
"U0054","2253005274","7"
"U0054","0020437501","4"
"U0054","0446364762","7"
"U0054","0140293248","4"
"U0054","0689821166","6"
"U0054","0688163726","10"
"U0054","051513290X","4"
"U0054","2070423204","5"
"U0054","0553802488","7"
"U0054","042512892X","6"
"U0054","0449213773","8"
"U0054","0345356578","7"
"U0054","229000510X","5"
"U0054","0380754509","10"
"U0054","0060558865","8"
"U0054","044023722X","5"
"U0054","0767908473","9"
"U0055","039456894X","7"
"U0055","0380717018","7"
"U0055","0449207595","10"
"U0055","1576737357","8"
"U0055","038078243X","3"
"U0055","0439569842","3"
"U0055","0671042556","4"
"U0055","0972044205","8"
"U0055","3462021095","3"
"U0055","0771088191","3"
"U0055","0345404777","3"
"U0055","0671868713","3"
"U0055","0061050474","7"
"U0055","051513290X","5"
"U0055","0609605925","5"
"U0055","0553574175","9"
"U0055","9724119378","6"
"U0055","0553212583","2"
"U0055","0803233019","3"
"U0055","193156146X","3"
"U0055","055321215X","7"
"U0055","0140104682","9"
"U0055","0312252617","5"
"U0055","0553579673","4"
"U0055","0915811537","5"
"U0055","0373196989","7"
"U0055","0451456548","4"
"U0055","8420639133","4"
"U0055","0786889705","8"
"U0055","0374343381","5"
"U0055","0345403339","7"
"U0055","0060083298","5"
"U0055","0679810307","6"
"U0055","0870441663","8"
"U0055","1569871213","4"
"U0055","0375821813","7"
"U0055","0812575954","3"
"U0055","0380619458","9"
"U0055","0819154946","8"
"U0055","006102063X","6"
"U0055","0446394521","3"
"U0055","067103619X","10"
"U0056","0446672211","5"
"U0056","1575843366","4"
"U0056","0915811537","7"
"U0056","0804106304","8"
"U0056","0394820371","5"
"U0056","3442724686","4"
"U0056","3499222604","6"
"U0056","0385327773","5"
"U0056","0060934719","8"
"U0056","0786889160","5"
"U0056","2070417743","5"
"U0056","156718796X","8"
"U0056","0140253580","6"
"U0056","0452277337","5"
"U0056","1570717257","8"
"U0056","087113375X","5"
"U0056","080652121X","5"
"U0056","0446364762","3"
"U0056","080521061X","4"
"U0056","3404118960","5"
"U0056","0439319552","5"
"U0056","8478800336","5"
"U0056","0553298860","7"
"U0056","8472227421","9"
"U0056","0743439740","7"
"U0056","0380807866","3"
"U0056","0316168815","4"
"U0056","0060932759","8"
"U0056","0381999866","4"
"U0056","1558531025","6"
"U0056","0486285529","7"
"U0056","3404121686","5"
"U0056","8806142267","10"
"U0056","0671018930","7"
"U0056","8486433193","9"
"U0056","0743412621","9"
"U0056","0312312628","10"
"U0056","0393045218","9"
"U0056","0345356578","7"
"U0056","2871290911","10"
"U0056","0440224829","7"
"U0056","0590431110","7"
"U0057","1570717257","7"
"U0057","0375801677","7"
"U0057","0060977477","4"
"U0057","0451526279","7"
"U0057","3518111000","10"
"U0057","0451186648","8"
"U0057","0345305477","7"
"U0057","1880185008","8"
"U0057","0385497679","7"
"U0057","0486206173","8"
"U0057","0849943450","9"
"U0057","0553582747","4"
"U0057","0688048730","5"
"U0057","080652121X","8"
"U0057","0345433173","7"
"U0057","0440219604","8"
"U0057","0880011025","6"
"U0057","0590687301","9"
"U0057","0380711109","9"
"U0057","0590419625","9"
"U0057","0380732335","7"
"U0057","8420639133","9"
"U0057","156341029X","10"
"U0057","0316735027","8"
"U0057","0553569058","7"
"U0057","0393045218","10"
"U0057","0381999866","5"
"U0057","0671021001","7"
"U0057","0743439740","8"
"U0058","0394578791","10"
"U0058","0671461494","4"
"U0058","0793133955","4"
"U0058","0671870432","7"
"U0058","0060930365","9"
"U0058","1562477528","3"
"U0058","185424597X","6"
"U0058","1878424319","7"
"U0058","0060973897","7"
"U0058","051762639X","9"
"U0058","0866119531","7"
"U0058","055358099X","4"
"U0058","0446364193","7"
"U0058","0684864320","5"
"U0058","0618231617","6"
"U0058","043922165X","7"
"U0058","0345353625","10"
"U0058","0439095026","8"
"U0058","0486206173","3"
"U0058","0316969443","5"
"U0058","039456894X","4"
"U0058","0671673688","8"
"U0058","0590418858","6"
"U0058","0849916399","7"
"U0058","0898151910","7"
"U0058","015216250X","10"
"U0058","0062770500","9"
"U0058","0671004573","4"
"U0058","0060925000","8"
"U0058","0020199090","6"
"U0058","0312995431","8"
"U0058","006015781X","4"
"U0058","0385337639","4"
"U0058","0849943450","3"
"U0058","0553280589","7"
"U0058","0312156960","4"
"U0058","3746670055","6"
"U0058","1575024179","5"
"U0058","0894342789","5"
"U0058","0449207595","2"
"U0058","0812524853","4"
"U0058","185479549X","5"
"U0058","0804111359","4"
"U0059","0312906552","4"
"U0059","0590870157","6"
"U0059","0451195663","2"
"U0059","0140286276","4"
"U0059","0679425608","2"
"U0059","0805063897","6"
"U0059","0451166892","4"
"U0059","0340767936","9"
"U0059","0553584383","4"
"U0059","0020437501","8"
"U0059","0394559487","7"
"U0059","0345404777","5"
"U0059","0821775863","9"
"U0059","0897322339","6"
"U0059","0198604025","6"
"U0059","0801096677","10"
"U0059","0449005615","3"
"U0059","0060804157","4"
"U0059","0803233019","7"
"U0059","0140622063","5"
"U0059","0385418493","3"
"U0059","0440122090","7"
"U0059","0553582747","3"
"U0059","0553581279","8"
"U0059","0375823352","6"
"U0059","0385495145","4"
"U0059","8433914545","7"
"U0059","0140021566","6"
"U0059","1559703237","4"
"U0059","0964778319","7"
"U0059","0425124347","9"
"U0059","8472227421","2"
"U0059","0385306032","5"
"U0059","0394895894","6"
"U0059","0312890044","2"
"U0059","0553579681","4"
"U0059","0345379454","9"
"U0059","0765341972","7"
"U0059","0671525832","8"
"U0059","1853260673","4"
"U0059","0786889705","7"
"U0059","0590225170","10"
"U0059","0380788497","8"
"U0059","0439221706","4"
"U0059","0312148267","5"
"U0059","0140382658","4"
"U0060","0061040967","7"
"U0060","0821772953","3"
"U0060","0316666343","8"
"U0060","0452279690","3"
"U0060","0425049981","7"
"U0060","0380728273","5"
"U0060","0340767936","6"
"U0060","0812541642","10"
"U0060","0061099686","5"
"U0060","3499110695","4"
"U0060","0375400117","5"
"U0060","2020315491","4"
"U0060","0030096189","9"
"U0060","0446364762","5"
"U0060","0385508042","4"
"U0060","0890877564","4"
"U0060","887641486X","2"
"U0060","0140065172","5"
"U0060","0446394521","9"
"U0060","0525944834","7"
"U0060","0345379454","4"
"U0060","0520011171","5"
"U0060","0380820447","3"
"U0060","0425113892","8"
"U0060","0880701102","4"
"U0060","0142000205","4"
"U0060","0345417623","3"
"U0060","0380815923","6"
"U0060","0553583468","4"
"U0060","3423241489","3"
"U0060","1558531025","8"
"U0060","0743206053","5"
"U0060","1858813093","8"
"U0060","0425134350","8"
"U0060","0425182878","5"
"U0060","042511774X","2"
"U0060","038533334X","9"
"U0060","0684864843","6"
"U0060","0060563079","5"
"U0061","0553581279","6"
"U0061","0373871562","6"
"U0061","038078243X","2"
"U0061","0316969443","7"
"U0061","3499151502","6"
"U0061","0771088191","9"
"U0061","0812575954","9"
"U0061","0446527165","3"
"U0061","0380718332","3"
"U0061","0609804618","4"
"U0061","0446677450","8"
"U0061","0671042556","3"
"U0061","3257208626","4"
"U0061","0449211770","5"
"U0061","0670031046","6"
"U0061","3442353866","6"
"U0061","0060938455","8"
"U0061","0671002481","4"
"U0061","1555834531","7"
"U0061","2253005274","6"
"U0061","0446602086","4"
"U0061","0439061644","7"
"U0061","0060013117","6"
"U0061","0679310002","4"
"U0061","0345441133","7"
"U0061","1561672033","6"
"U0062","3257208626","8"
"U0062","0927545373","3"
"U0062","0439569842","5"
"U0062","0515122408","4"
"U0062","0375414746","6"
"U0062","0345429176","5"
"U0062","0553583468","6"
"U0062","2020315491","4"
"U0062","0316973742","9"
"U0062","0451454243","9"
"U0062","0373836023","4"
"U0062","8478091246","6"
"U0062","043922165X","8"
"U0062","0375509038","2"
"U0062","0743406176","6"
"U0062","087113375X","8"
"U0062","0380617625","7"
"U0062","0385504209","3"
"U0062","3423116714","5"
"U0062","0553278746","3"
"U0062","1841952931","7"
"U0062","0743439740","8"
"U0062","0312963009","7"
"U0062","0671027360","8"
"U0062","0140286276","8"
"U0062","0743206053","7"
"U0062","0618231617","3"
"U0062","0446608653","9"
"U0062","0963094424","8"
"U0062","0060801263","7"
"U0062","0345372700","3"
"U0063","0821775863","5"
"U0063","0890877564","8"
"U0063","0786015276","8"
"U0063","0743444167","9"
"U0063","0373123108","7"
"U0063","0060083298","5"
"U0063","0446602086","2"
"U0063","0446601640","8"
"U0063","0060801263","4"
"U0063","1573229148","7"
"U0063","0375821813","6"
"U0063","0345378490","5"
"U0063","0385327773","3"
"U0063","0345370740","6"
"U0063","0843136685","4"
"U0063","0812521129","9"
"U0063","0812575482","10"
"U0063","0312148267","5"
"U0063","0451203046","4"
"U0063","0060575808","6"
"U0063","068983585X","6"
"U0063","0449005410","5"
"U0063","0743418190","5"
"U0063","0972044205","10"
"U0063","0553802488","4"
"U0063","0345353625","8"
"U0063","1857938011","6"
"U0063","0553571486","8"
"U0063","0684833395","8"
"U0063","0679442790","4"
"U0063","0020437501","2"
"U0063","0671042556","9"
"U0063","084994371X","3"
"U0063","1414035004","4"
"U0064","0945586051","7"
"U0064","0140065172","4"
"U0064","0553579681","3"
"U0064","0415928087","4"
"U0064","068983571X","5"
"U0064","1592571301","8"
"U0064","0375410538","7"
"U0064","0793133955","10"
"U0064","0140620427","2"
"U0064","080652121X","6"
"U0064","0684177730","3"
"U0064","0449907481","5"
"U0064","0312422156","8"
"U0064","0345428544","5"
"U0064","0394586239","5"
"U0064","0590419625","9"
"U0064","0553583468","7"
"U0064","0441783589","5"
"U0064","0816729913","7"
"U0064","0345404777","5"
"U0064","0375406328","9"
"U0064","0385424728","9"
"U0064","0425113892","5"
"U0064","0061076031","2"
"U0064","0312853238","5"
"U0064","0385335679","6"
"U0064","8466601090","9"
"U0064","0553581279","10"
"U0064","0679420118","7"
"U0064","0743229878","9"
"U0064","8476409419","7"
"U0064","0345430476","8"
"U0064","0849943450","5"
"U0064","0743439740","10"
"U0064","0688180639","7"
"U0064","0449002632","2"
"U0064","8486433193","4"
"U0064","0064470113","10"
"U0064","0439221706","5"
"U0064","0375801677","6"
"U0064","0515118656","7"
"U0064","0446672211","9"
"U0064","0609605925","4"
"U0064","038081840X","6"
"U0064","8423324311","8"
"U0064","0671018930","4"
"U0064","0451181379","8"
"U0065","0679865691","6"
"U0065","0821750410","8"
"U0065","0600586898","3"
"U0065","0380728729","3"
"U0065","0515134279","4"
"U0065","0061099686","6"
"U0065","0156013967","3"
"U0065","1561672033","7"
"U0065","3596292646","5"
"U0065","0449912302","8"
"U0065","1555834531","3"
"U0065","0030096189","10"
"U0065","0440222818","2"
"U0065","0345346971","10"
"U0065","0804117934","5"
"U0065","0671047612","3"
"U0065","3499110695","9"
"U0065","0380754851","2"
"U0065","0380759497","3"
"U0065","0449001954","5"
"U0065","0439221676","9"
"U0065","015216250X","6"
"U0065","0060809027","7"
"U0065","076218857X","9"
"U0065","0449202631","7"
"U0065","055329198X","4"
"U0065","0684823802","3"
"U0065","0743249992","10"
"U0065","185424597X","3"
"U0066","0671742566","4"
"U0066","0061000280","3"
"U0066","3423241489","3"
"U0066","0345402871","7"
"U0066","0316666343","4"
"U0066","0156047624","8"
"U0066","051513290X","8"
"U0066","0679410430","6"
"U0066","0312965745","9"
"U0066","0345369068","7"
"U0066","0345416848","7"
"U0066","006102063X","3"
"U0066","0679442790","5"
"U0066","039304016X","2"
"U0066","0394578791","2"
"U0066","0446612618","8"
"U0066","1853260673","10"
"U0066","0380728729","3"
"U0066","0553212583","4"
"U0066","0805056491","8"
"U0066","0486292940","5"
"U0066","0812575482","8"
"U0066","0553256785","5"
"U0066","0515118656","5"
"U0066","0449212084","7"
"U0066","0520011171","8"
"U0066","0767905938","4"
"U0066","0743439740","6"
"U0066","1573228737","3"
"U0066","0600586898","4"
"U0066","0385496907","3"
"U0066","0747538069","4"
"U0066","0385336772","8"
"U0066","0446310786","4"
"U0066","055356451X","8"
"U0066","0140370900","9"
"U0066","156341029X","7"
"U0066","0002740230","4"
"U0066","0316735736","4"
"U0066","0452282152","8"
"U0066","0870441663","7"
"U0066","0380978539","8"
"U0067","0060575808","3"
"U0067","0140252800","4"
"U0067","9681500555","4"
"U0067","0312965745","7"
"U0067","2264009306","5"
"U0067","193072229X","7"
"U0067","1561011525","10"
"U0067","8807120194","7"
"U0067","0440211727","8"
"U0067","0312980388","8"
"U0067","0060006048","9"
"U0067","0684801221","3"
"U0067","0821772953","6"
"U0067","0345354931","8"
"U0067","0060917016","9"
"U0067","0152162445","2"
"U0067","0446610178","8"
"U0067","0316769487","4"
"U0067","0835949362","9"
"U0067","0449006557","3"
"U0067","0553256785","8"
"U0067","0451155750","8"
"U0067","0446608653","3"
"U0067","0609804618","2"
"U0067","0380815923","3"
"U0067","3257203659","9"
"U0067","0425182908","10"
"U0067","087113375X","8"
"U0067","0380978539","5"
"U0067","0345428900","5"
"U0067","0425169626","4"
"U0067","0385730586","4"
"U0067","0439319552","5"
"U0067","1928791107","8"
"U0067","0312977905","8"
"U0067","0395877563","8"
"U0067","0375823468","8"
"U0067","155874262X","3"
"U0067","0743249992","8"
"U0067","0803233019","8"
"U0067","0553574175","6"
"U0067","2253005274","6"
"U0067","0380538504","4"
"U0067","0425166619","7"
"U0067","2290314951","2"
"U0067","0060930705","5"
"U0067","1880185008","9"
"U0067","0449207595","6"
"U0067","0060621257","5"
"U0067","0140620664","3"
"U0067","1555835953","3"
"U0068","8445071769","6"
"U0068","0451525221","5"
"U0068","068983585X","8"
"U0068","0553278746","4"
"U0068","0684824442","2"
"U0068","0870441663","7"
"U0068","0425163091","3"
"U0068","0765341972","7"
"U0068","0316602906","9"
"U0068","0312206763","3"
"U0068","0515128554","8"
"U0068","3442410665","5"
"U0068","0451625889","4"
"U0068","0671888587","8"
"U0068","3492045642","5"
"U0068","0449131548","2"
"U0068","0446394521","4"
"U0068","0671047612","3"
"U0068","0451406923","7"
"U0068","0380759497","7"
"U0068","0385497466","9"
"U0068","044651747X","8"
"U0068","0439569842","3"
"U0068","3257214154","5"
"U0068","0345356578","10"
"U0068","0684854953","6"
"U0068","0937858994","10"
"U0068","0385333404","5"
"U0068","0064470113","4"
"U0068","0446364193","10"
"U0068","0486284735","3"
"U0068","0156013967","9"
"U0068","0345451260","3"
"U0068","0152162445","4"
"U0068","0679450432","6"
"U0068","3453212150","3"
"U0068","0312143370","6"
"U0068","0060930365","8"
"U0068","207053880X","8"
"U0068","055356451X","8"
"U0068","0743206053","8"
"U0068","1555835953","2"
"U0068","0771074670","3"
"U0068","0380754851","3"
"U0068","0439061644","6"
"U0068","0679410430","9"
"U0068","0385420161","4"
"U0068","3462021095","3"
"U0068","0743444167","3"
"U0068","0312977905","8"
"U0069","0449006557","5"
"U0069","0312156960","6"
"U0069","0425049981","6"
"U0069","3257208669","2"
"U0069","0385503857","7"
"U0069","0345424719","3"
"U0069","0590514776","9"
"U0069","0345370740","9"
"U0069","8423324311","8"
"U0069","1900850303","10"
"U0069","0505524996","3"
"U0069","0803233019","3"
"U0069","015216250X","3"
"U0069","0894342789","9"
"U0069","0590450875","10"
"U0069","0345372700","8"
"U0069","0345404793","6"
"U0069","0425174484","8"
"U0069","0375410538","3"
"U0069","0394820371","8"
"U0069","0245542957","7"
"U0069","0807565288","7"
"U0069","0947782141","8"
"U0069","0451523318","3"
"U0069","0345402871","8"
"U0069","1879384493","9"
"U0069","2253148539","8"
"U0069","0553101439","5"
"U0069","038081840X","6"
"U0069","0451409256","8"
"U0069","0689821166","10"
"U0069","0670815373","9"
"U0069","0416196772","3"
"U0069","0385504209","8"
"U0069","0446601640","7"
"U0069","0671461494","2"
"U0069","0609605925","8"
"U0069","0785263292","8"
"U0069","0786868716","7"
"U0070","0316969443","3"
"U0070","0425178242","7"
"U0070","0385504209","5"
"U0070","0140021566","7"
"U0070","1853260673","9"
"U0070","0451197275","10"
"U0070","0060801263","3"
"U0070","0345428900","4"
"U0070","0140104682","8"
"U0070","0803233019","5"
"U0070","2253043974","9"
"U0070","0345451260","8"
"U0070","0517577402","6"
"U0070","0871137380","6"
"U0070","0312963009","6"
"U0070","0945586051","4"
"U0070","0439221676","7"
"U0070","156718796X","7"
"U0070","0425113892","10"
"U0070","0962893862","2"
"U0070","0449907481","4"
"U0070","0385479689","9"
"U0070","0927545373","3"
"U0070","3257207522","5"
"U0070","0425176428","4"
"U0070","0425169626","9"
"U0070","0380704587","8"
"U0070","0449207595","6"
"U0070","0671021001","4"
"U0070","0743403843","7"
"U0070","084994371X","6"
"U0070","0451166892","6"
"U0070","155874262X","5"
"U0070","039914370X","3"
"U0070","0394586239","6"
"U0070","0804106304","5"
"U0070","0345297709","6"
"U0070","0385313748","5"
"U0070","0679427430","7"
"U0070","0020437501","6"
"U0070","0061050474","6"
"U0070","0553582909","8"
"U0070","0316693200","10"
"U0070","0451456548","6"
"U0070","014036336X","6"
"U0070","193072229X","8"
"U0070","0446608653","4"
"U0070","2080105434","6"
"U0070","1569871213","3"
"U0070","3257214154","8"
"U0070","0771074670","9"
"U0070","0553584383","8"
"U0071","0553580388","7"
"U0071","076218857X","8"
"U0071","0805063897","9"
"U0071","0345379454","10"
"U0071","1853260673","8"
"U0071","0765341972","9"
"U0071","2020315491","7"
"U0071","229000510X","8"
"U0071","067176537X","9"
"U0071","0743411269","9"
"U0071","0345441133","10"
"U0071","0684193957","10"
"U0071","0451195663","7"
"U0071","3442446937","10"
"U0071","0743206053","8"
"U0071","0812923278","9"
"U0071","0812504208","8"
"U0071","3889774016","9"
"U0071","8472238822","9"
"U0071","034543191X","3"
"U0071","0446602086","8"
"U0071","081296666X","10"
"U0071","0345313860","5"
"U0071","3404118960","9"
"U0071","0451186648","8"
"U0071","0821770209","8"
"U0071","2253148539","9"
"U0071","3499177757","8"
"U0071","0849943450","10"
"U0072","0060558865","8"
"U0072","042511774X","9"
"U0072","0684864320","9"
"U0072","0440222818","8"
"U0072","0816728739","3"
"U0072","0679427430","7"
"U0072","0374270325","6"
"U0072","0375406328","7"
"U0072","0316314927","7"
"U0072","0440130913","4"
"U0072","0312156960","6"
"U0072","0671461494","3"
"U0072","0812523873","7"
"U0072","0451181379","4"
"U0072","1551668785","6"
"U0072","1400077826","5"
"U0072","0679603352","8"
"U0072","8476409419","3"
"U0072","0439221714","7"
"U0072","0451527747","6"
"U0072","8807120194","2"
"U0072","0515118656","8"
"U0072","0800706544","2"
"U0072","0451185277","7"
"U0072","0525944834","6"
"U0072","0345348036","8"
"U0072","0312906552","3"
"U0072","0373484100","7"
"U0073","1877727083","10"
"U0073","0316782505","4"
"U0073","0446612545","8"
"U0073","0804117934","8"
"U0073","3404118960","6"
"U0073","8478098267","3"
"U0073","0671888587","3"
"U0073","887641486X","2"
"U0073","0451410556","8"
"U0073","0743411269","7"
"U0073","0571209521","8"
"U0073","0451155750","8"
"U0073","0842342702","8"
"U0073","0553582747","8"
"U0073","3257201761","7"
"U0073","0060199563","6"
"U0073","0345403339","8"
"U0073","0449134482","3"
"U0073","0819215635","4"
"U0073","0425137945","7"
"U0073","0316969443","8"
"U0073","0061000280","7"
"U0073","0671779338","7"
"U0073","1405200677","9"
"U0073","0345378490","9"
"U0073","0786886463","4"
"U0073","0771074670","10"
"U0073","0679410430","2"
"U0073","0743458303","7"
"U0073","0195086295","4"
"U0073","0812923278","4"
"U0074","0451155750","5"
"U0074","1575024179","2"
"U0074","0520011171","7"
"U0074","0061099686","7"
"U0074","185479549X","5"
"U0074","0062507249","9"
"U0074","0373196741","9"
"U0074","1567407781","8"
"U0074","044132231X","8"
"U0074","0671868713","4"
"U0074","0449006557","5"
"U0074","0553107305","10"
"U0074","0064472779","8"
"U0074","0316969443","8"
"U0074","0312283784","9"
"U0074","0679810307","10"
"U0074","080901582X","7"
"U0074","0446364762","5"
"U0074","0060929790","9"
"U0074","0345297709","4"
"U0074","0440117291","7"
"U0074","0399138684","2"
"U0074","0425120279","4"
"U0074","0060083298","9"
"U0074","0439221714","7"
"U0074","0803251718","7"
"U0074","0345403339","4"
"U0074","0345356578","7"
"U0074","0684801221","8"
"U0074","8445071408","8"
"U0074","0449134482","5"
"U0074","0140370900","9"
"U0074","0898151910","4"
"U0074","0393318435","5"
"U0074","1573229148","5"
"U0074","0425174484","7"
"U0074","3453212150","4"
"U0074","0553278746","7"
"U0074","0375414746","5"
"U0074","1879384493","8"
"U0074","3570300099","3"
"U0074","2253148539","6"
"U0074","8483007010","2"
"U0075","0375801677","4"
"U0075","0451204050","3"
"U0075","0381999866","7"
"U0075","039914563X","10"
"U0075","0451195663","10"
"U0075","0743206045","3"
"U0075","0060925000","7"
"U0075","0312965745","7"
"U0075","0375759778","4"
"U0075","0064472779","9"
"U0075","0195086295","4"
"U0075","0786889160","7"
"U0075","0679425608","6"
"U0075","0375814248","3"
"U0075","0553289063","3"
"U0075","0380728273","3"
"U0075","0307215342","8"
"U0075","0684823802","4"
"U0075","0345428900","7"
"U0075","1562827049","6"
"U0075","0966986105","6"
"U0075","030720152X","3"
"U0075","1563410443","4"
"U0075","193156146X","6"
"U0075","0670892963","8"
"U0075","1414035004","5"
"U0075","3442353866","5"
"U0075","0671867156","2"
"U0075","0671027387","6"
"U0075","0440235057","3"
"U0075","0026329859","4"
"U0075","0684824442","5"
"U0076","0394178017","8"
"U0076","0451523318","3"
"U0076","0380778556","3"
"U0076","0374270325","5"
"U0076","0679767789","2"
"U0076","0449907481","2"
"U0076","044132231X","5"
"U0076","0785815147","5"
"U0076","0380728729","9"
"U0076","3492045642","3"
"U0076","0345404793","7"
"U0076","0440441501","5"
"U0076","0451204050","8"
"U0076","0786889160","8"
"U0076","1405200677","5"
"U0076","067103619X","4"
"U0076","0451526279","7"
"U0076","1853260622","4"
"U0076","0590687301","6"
"U0076","0812519655","4"
"U0076","0449006557","10"
"U0076","0020437501","4"
"U0076","0486292940","4"
"U0076","0060930187","7"
"U0076","0812523385","4"
"U0076","0553574167","6"
"U0076","0767903285","9"
"U0076","0804106304","9"
"U0076","0345402871","8"
"U0076","0679429220","10"
"U0076","0812523873","5"
"U0076","0312156960","10"
"U0076","0345425294","4"
"U0076","0394574745","8"
"U0076","0439569842","6"
"U0076","0451184718","8"
"U0076","0385336772","10"
"U0077","0452277337","7"
"U0077","0451155750","7"
"U0077","8472227421","4"
"U0077","0801491827","4"
"U0077","0890877564","6"
"U0077","1555834531","3"
"U0077","8427007450","6"
"U0077","0670031046","2"
"U0077","0451166892","5"
"U0077","0060987103","6"
"U0077","0449207544","8"
"U0077","0688048730","9"
"U0077","0030096189","5"
"U0077","0743403843","10"
"U0077","042518630X","8"
"U0077","1579651658","5"
"U0077","0439095026","10"
"U0077","0316789089","9"
"U0077","0316973742","9"
"U0077","0684801221","4"
"U0077","1862047626","7"
"U0077","0060621257","3"
"U0077","0064409457","8"
"U0077","185479549X","7"
"U0077","0440949424","7"
"U0077","0345372700","9"
"U0077","0743213831","8"
"U0077","0061050474","5"
"U0077","0966986105","5"
"U0077","0446608653","4"
"U0077","0767903285","4"
"U0077","0142000205","3"
"U0077","0060938412","5"
"U0077","0380538504","6"
"U0077","0812516826","2"
"U0077","0439221714","6"
"U0077","9724119378","8"
"U0077","0451454243","7"
"U0077","0060192631","7"
"U0077","0803233019","5"
"U0077","0375823468","9"
"U0077","0385337639","9"
"U0077","0440241413","6"
"U0077","8478884963","3"
"U0077","0060913509","8"
"U0077","0425169626","3"
"U0077","006102063X","5"
"U0077","0060973129","9"
"U0077","0892967994","10"
"U0077","0449211770","9"
"U0077","3502670005","6"
"U0077","0670855758","6"
"U0077","0446300101","7"
"U0077","0553561618","6"
"U0077","0451181379","7"
"U0078","0771088191","7"
"U0078","0156047624","4"
"U0078","0446527165","4"
"U0078","0375823352","7"
"U0078","0375400117","9"
"U0078","0553279572","7"
"U0078","2266029460","4"
"U0078","0440219078","4"
"U0078","0819215635","4"
"U0078","0439510112","8"
"U0078","3257207522","5"
"U0078","0671867113","6"
"U0078","038572179X","9"
"U0078","3492045642","7"
"U0078","0449005615","6"
"U0078","0895872102","6"
"U0078","0380704587","10"
"U0078","1853260053","8"
"U0078","0804117934","6"
"U0078","0679450432","7"
"U0078","0373196989","9"
"U0078","0671742566","3"
"U0078","8466601090","8"
"U0078","0553564528","6"
"U0078","0743470389","7"
"U0078","0380792664","9"
"U0078","0451524489","8"
"U0078","0425124347","9"
"U0078","0684823802","2"
"U0078","0816728739","3"
"U0078","0801491827","6"
"U0078","0312145543","8"
"U0078","3257208669","2"
"U0078","0515128554","7"
"U0078","0671042556","10"
"U0078","1857938011","4"
"U0078","0316168815","6"
"U0078","0743206053","10"
"U0078","1575663937","6"
"U0078","080901582X","8"
"U0078","0393318435","6"
"U0079","0345417623","5"
"U0079","3499177757","4"
"U0079","0684864843","5"
"U0079","3570300099","8"
"U0079","0505524996","5"
"U0079","0452279690","7"
"U0079","8478097732","6"
"U0079","0316776963","6"
"U0079","0451527747","6"
"U0079","0316602906","4"
"U0079","0812524853","4"
"U0079","0451184718","6"
"U0079","0345346971","7"
"U0079","0020437501","9"
"U0079","0964778319","6"
"U0079","0671504282","9"
"U0079","039914563X","7"
"U0079","0312278586","5"
"U0079","080521061X","5"
"U0079","0061040967","5"
"U0079","9724119378","5"
"U0079","0345313097","8"
"U0079","0679410430","7"
"U0079","0446605484","5"
"U0079","0060168013","6"
"U0080","057120354X","5"
"U0080","0374343381","5"
"U0080","0385500769","7"
"U0080","0380754851","7"
"U0080","3453212150","9"
"U0080","8429736131","5"
"U0080","0486282112","5"
"U0080","0446612545","7"
"U0080","8429734996","6"
"U0080","0743213831","2"
"U0080","0872200760","3"
"U0080","0671867113","8"
"U0080","1881320189","7"
"U0080","0671525794","6"
"U0080","0380012863","7"
"U0080","080901582X","9"
"U0080","0816152446","5"
"U0080","0425179672","9"
"U0080","0380730138","7"
"U0080","0743444167","6"
"U0080","0618173870","6"
"U0080","080521061X","9"
"U0080","1567920047","8"
"U0080","0451185277","8"
"U0080","006015781X","5"
"U0080","3442098424","9"
"U0080","0749748001","6"
"U0080","0590481371","8"
"U0080","3492045642","7"
"U0080","0452279690","8"
"U0080","0380711109","5"
"U0080","1592571301","3"
"U0080","0446364193","9"
"U0080","8445071408","6"
"U0080","0671018930","8"
"U0080","0380728729","9"
"U0080","0451208080","3"
"U0080","0670844594","3"
"U0080","3442410665","6"
"U0080","0312252617","4"
"U0080","0380538504","4"
"U0080","0316735736","5"
"U0080","0380973545","3"
"U0080","0802114369","5"
"U0080","0440130913","2"
"U0080","0830714014","5"
"U0080","0385730586","4"
"U0081","0486285529","7"
"U0081","0553278746","8"
"U0081","0849916399","5"
"U0081","0743229878","3"
"U0081","1853260622","8"
"U0081","0849943450","9"
"U0081","3502670005","5"
"U0081","0743444167","10"
"U0081","0767903285","9"
"U0081","0064472264","4"
"U0081","0439510112","8"
"U0081","0439061644","2"
"U0081","0446364193","7"
"U0081","0385333404","8"
"U0081","3570300099","8"
"U0081","0451208080","4"
"U0081","3257212054","10"
"U0081","0670892963","9"
"U0081","0345391691","7"
"U0081","0312422156","8"
"U0081","0609605925","10"
"U0081","0385505833","5"
"U0081","0340767936","10"
"U0081","0380717018","8"
"U0081","0449209121","7"
"U0081","051762639X","8"
"U0081","0060973129","8"
"U0082","1567920047","8"
"U0082","0345391691","6"
"U0082","0380717018","9"
"U0082","0449131548","7"
"U0082","038549825X","7"
"U0082","0373871562","7"
"U0082","0060915544","6"
"U0082","0894342789","7"
"U0082","0380730448","3"
"U0082","0688163726","8"
"U0082","0375414746","8"
"U0082","0835949362","8"
"U0082","0312143370","8"
"U0082","0891091963","9"
"U0082","0385424728","7"
"U0082","0671867113","8"
"U0082","1414035004","5"
"U0082","2253043974","7"
"U0082","0679777431","7"
"U0082","0590897985","3"
"U0082","229000510X","9"
"U0082","0156047624","7"
"U0082","1592571301","8"
"U0082","0375501347","7"
"U0082","0140021566","4"
"U0082","0505524996","3"
"U0082","0345346971","9"
"U0082","0671525794","6"
"U0082","0007100221","7"
"U0082","1857938011","7"
"U0082","0312986769","6"
"U0082","0385306032","8"
"U0082","080652121X","5"
"U0082","0679442790","4"
"U0082","0449006557","4"
"U0082","0385497679","3"
"U0082","0553574167","5"
"U0082","0002005018","8"
"U0082","349913358X","9"
"U0082","0060563079","5"
"U0082","0345378490","8"
"U0082","0451525221","5"
"U0083","0446677450","7"
"U0083","1900850303","9"
"U0083","0451452755","8"
"U0083","0439042917","2"
"U0083","0064409457","6"
"U0083","0553576925","2"
"U0083","0380709260","6"
"U0083","207053880X","8"
"U0083","0385420161","4"
"U0083","0312278586","5"
"U0083","0446531332","3"
"U0083","0373484100","10"
"U0083","8806142267","5"
"U0083","0553347594","8"
"U0083","0515128554","2"
"U0083","3596292646","4"
"U0083","0316769487","3"
"U0083","039457513X","6"
"U0083","039914370X","6"
"U0083","0312988699","5"
"U0083","074345829X","7"
"U0083","0060006048","2"
"U0083","0451527747","5"
"U0083","0446605484","9"
"U0083","0192815318","7"
"U0083","0684822733","5"
"U0083","0803233019","7"
"U0083","0451526279","7"
"U0083","0618173870","9"
"U0083","0375704965","7"
"U0083","0446601640","7"
"U0083","0064472264","6"
"U0083","0425142485","7"
"U0084","0747538069","3"
"U0084","0804001944","5"
"U0084","0195086295","4"
"U0084","0446523569","2"
"U0084","0835949362","9"
"U0084","0399138684","4"
"U0084","0553280589","4"
"U0084","0451525221","6"
"U0084","0060177586","3"
"U0084","0060199563","9"
"U0084","0375823352","9"
"U0084","0380754509","9"
"U0084","0345339711","7"
"U0084","0380728273","6"
"U0084","0515127833","9"
"U0084","0345402871","8"
"U0084","0020442408","5"
"U0084","0679423079","5"
"U0084","0670892963","7"
"U0084","0375414746","7"
"U0084","0060930365","2"
"U0084","0743439740","5"
"U0084","8427007450","6"
"U0084","0380538504","5"
"U0084","0671623249","10"
"U0084","0385497679","7"
"U0084","0684854953","3"
"U0084","0140252800","7"
"U0085","0849943450","9"
"U0085","0312261594","3"
"U0085","2253063339","3"
"U0085","1857938011","6"
"U0085","0385495145","5"
"U0085","0440211727","9"
"U0085","0394743741","4"
"U0085","156971620X","4"
"U0085","0394895894","10"
"U0085","0905762487","8"
"U0085","229000510X","7"
"U0085","0440441501","8"
"U0085","0385730586","10"
"U0085","0446325805","9"
"U0085","0446672211","4"
"U0085","0451406923","2"
"U0085","0553582682","6"
"U0085","0195153448","4"
"U0085","0345339711","6"
"U0085","0821775863","2"
"U0085","0972044205","3"
"U0085","0671018930","4"
"U0085","0590897985","10"
"U0085","0385505833","5"
"U0085","0425161722","10"
"U0085","067170124X","5"
"U0085","2871290911","6"
"U0085","0060192631","7"
"U0085","0671888587","7"
"U0085","1880185008","7"
"U0085","0312288115","7"
"U0085","0849953014","9"
"U0085","0915811537","4"
"U0085","0380978539","3"
"U0085","0449213773","6"
"U0085","067153484X","3"
"U0085","0312278586","6"
"U0085","044023722X","3"
"U0085","1841952931","6"
"U0085","0060913509","5"
"U0086","0940322978","6"
"U0086","0381999866","6"
"U0086","0449207595","8"
"U0086","0312288115","8"
"U0086","0688169678","6"
"U0086","0743403843","5"
"U0086","067175145X","5"
"U0086","8423324311","5"
"U0086","2264009306","6"
"U0086","0451204050","9"
"U0086","0449002632","9"
"U0086","0425113892","8"
"U0086","1575024179","5"
"U0086","0156013967","5"
"U0086","0385472951","7"
"U0086","0446364762","4"
"U0086","038542471X","4"
"U0086","0385418493","7"
"U0086","0446602086","5"
"U0086","042511774X","9"
"U0086","0425134350","3"
"U0086","0312977905","5"
"U0086","0905762487","5"
"U0086","0312148267","10"
"U0086","3889774016","5"
"U0086","3492045642","8"
"U0086","051762639X","7"
"U0086","0316973742","7"
"U0086","0399137807","3"
"U0086","0553581279","4"
"U0087","0590431110","7"
"U0087","0743206045","6"
"U0087","3499222604","6"
"U0087","155874262X","7"
"U0087","0679429220","4"
"U0087","0380709260","5"
"U0087","0553564528","4"
"U0087","0312288115","9"
"U0087","0553574175","5"
"U0087","0380728273","4"
"U0087","0609606727","5"
"U0087","0345430476","6"
"U0087","0312890044","9"
"U0087","0385721420","3"
"U0087","0340767936","3"
"U0087","0312995431","6"
"U0087","0060168013","4"
"U0087","0786868716","9"
"U0087","0345354931","8"
"U0087","0743406176","10"
"U0087","0812923278","8"
"U0087","1575843366","3"
"U0087","0897322339","9"
"U0087","3492207006","3"
"U0087","0316789089","8"
"U0087","051513290X","4"
"U0087","0062770500","8"
"U0087","044132231X","2"
"U0087","0671867113","8"
"U0087","0373484100","9"
"U0087","043922165X","6"
"U0087","0671868713","7"
"U0087","0399147012","9"
"U0087","0684822733","7"
"U0087","0062517856","6"
"U0087","0312156960","3"
"U0087","0312278586","6"
"U0087","8401351421","4"
"U0087","0449134482","8"
"U0087","0553571486","7"
"U0087","2266084372","7"
"U0087","0316973742","8"
"U0087","1881320189","4"
"U0087","0345395379","6"
"U0087","0380710218","5"
"U0087","006017143X","5"
"U0087","0416196772","6"
"U0087","0525947647","4"
"U0087","0061052523","6"
"U0087","0449207544","10"
"U0087","0140107649","4"
"U0087","0800706544","5"
"U0087","8466601090","7"
"U0087","0679603352","2"
"U0087","0380978539","6"
"U0088","0062507249","3"
"U0088","080652121X","8"
"U0088","0060925000","9"
"U0088","1569471096","6"
"U0088","0425049981","4"
"U0088","0821775863","3"
"U0088","8445071769","2"
"U0088","0785263292","7"
"U0088","0140250964","6"
"U0088","0553280333","8"
"U0088","0380732335","7"
"U0088","0937858994","10"
"U0088","0804106304","8"
"U0088","0198604025","8"
"U0088","0446602086","10"
"U0088","0060927240","7"
"U0088","0812541642","4"
"U0088","0449911683","5"
"U0088","0060575808","5"
"U0088","0373123485","9"
"U0088","0156013967","5"
"U0088","0060934719","10"
"U0088","074345829X","5"
"U0088","0679733825","6"
"U0088","0451204050","4"
"U0088","0345402871","6"
"U0088","0842329129","6"
"U0088","1567407781","7"
"U0088","2253007102","8"
"U0088","1563899388","7"
"U0088","030720152X","2"
"U0088","0002740230","3"
"U0088","0394743741","10"
"U0088","0425182908","4"
"U0088","0061076031","9"
"U0088","0895872102","7"
"U0088","3257212054","6"
"U0088","0312143370","6"
"U0088","0812523873","8"
"U0088","080901582X","2"
"U0088","076218857X","8"
"U0088","1405200677","9"
"U0088","0060938412","7"
"U0088","3499222604","9"
"U0088","0515134368","7"
"U0088","0385314019","10"
"U0088","0880011025","7"
"U0088","0345435869","6"
"U0088","0670815373","4"
"U0088","0307118703","3"
"U0088","0451197275","5"
"U0088","0140622063","8"
"U0088","0767905938","5"
"U0088","0380973839","9"
"U0088","0373871562","6"
"U0089","0786913878","3"
"U0089","0927545373","8"
"U0089","0849953014","3"
"U0089","0440225701","10"
"U0089","0452277337","8"
"U0089","074345829X","8"
"U0089","0425137945","8"
"U0089","0380778556","7"
"U0089","0375719180","9"
"U0089","006052779X","2"
"U0089","0679427430","4"
"U0089","0060575808","8"
"U0089","0812575954","9"
"U0089","0553101439","8"
"U0089","0061042943","8"
"U0089","0385335407","7"
"U0089","0449207544","4"
"U0089","0316693006","7"
"U0089","0345391691","4"
"U0089","1569871213","10"
"U0089","0345372700","3"
"U0089","1888451084","6"
"U0089","0439221676","4"
"U0089","0425166619","10"
"U0089","0441783589","4"
"U0089","0020199090","4"
"U0089","0743206045","3"
"U0089","3404118960","8"
"U0089","0345378490","7"
"U0089","0684824442","5"
"U0089","0449209121","8"
"U0089","0771076002","8"
"U0089","1928791107","4"
"U0089","0345335465","8"
"U0089","0670815373","5"
"U0089","0440117291","5"
"U0089","0345425294","7"
"U0089","0394559487","4"
"U0089","0553202294","5"
"U0089","0451166892","8"
"U0089","1579651658","3"
"U0089","0671018930","8"
"U0089","0142001740","8"
"U0089","0451206673","7"
"U0089","0440222303","5"
"U0090","8478097732","8"
"U0090","015600710X","5"
"U0090","8472238822","3"
"U0090","0553582747","8"
"U0090","0446523569","4"
"U0090","1555834531","4"
"U0090","0684823802","9"
"U0090","0399135782","4"
"U0090","0842329129","7"
"U0090","0130139165","4"
"U0090","0446531332","2"
"U0090","0425166619","9"
"U0090","0140253580","5"
"U0090","0446602086","2"
"U0090","0440234743","9"
"U0090","0688048730","9"
"U0090","193072229X","8"
"U0090","0440235057","2"
"U0090","8472227421","8"
"U0090","0380717018","9"
"U0090","0375500766","3"
"U0090","0963094424","6"
"U0090","0684180200","2"
"U0090","0804106304","6"
"U0090","0307215342","8"
"U0090","0425124347","6"
"U0090","0553107305","6"
"U0090","0142001740","8"
"U0090","0849953014","3"
"U0090","0439510112","9"
"U0090","0449131548","9"
"U0090","0312261594","4"
"U0090","0671867156","6"
"U0090","0525944834","7"
"U0090","0380973839","8"
"U0090","0679751343","9"
"U0090","3596292646","7"
"U0090","0590629719","3"
"U0090","0345354931","7"
"U0090","0152162445","3"
"U0090","0060923245","9"
"U0090","0671694049","2"
"U0090","8445071777","6"
"U0091","0060809027","7"
"U0091","0375705856","8"
"U0091","0679420118","8"
"U0091","0071416331","4"
"U0091","0441783589","3"
"U0091","0449207757","8"
"U0091","0877192820","6"
"U0091","0385730586","4"
"U0091","0380754509","8"
"U0091","0767905938","6"
"U0091","3499110695","5"
"U0091","0804117934","7"
"U0091","0486292940","10"
"U0091","0064405052","7"
"U0091","0440225701","4"
"U0091","0439319552","6"
"U0091","080411952X","9"
"U0091","0590947257","8"
"U0091","0679401377","7"
"U0091","156971620X","4"
"U0091","0198604025","5"
"U0091","0399138684","10"
"U0091","3257208626","7"
"U0091","0743462335","2"
"U0091","0425124347","5"
"U0091","8476409419","4"
"U0091","0060929790","4"
"U0091","0385316895","7"
"U0091","3492045642","3"
"U0091","038549825X","3"
"U0091","0449002632","7"
"U0091","0890877564","2"
"U0091","0786889160","9"
"U0091","0385509456","7"
"U0091","0425161722","10"
"U0091","3257210450","5"
"U0091","1575843366","7"
"U0091","0385337639","2"
"U0091","0385424728","7"
"U0091","0373196741","9"
"U0091","055356451X","5"
"U0091","1575024179","7"
"U0091","3257212429","4"
"U0091","0449912302","4"
"U0091","039914563X","7"
"U0091","1592571301","9"
"U0091","080652121X","6"
"U0091","0312156960","7"
"U0091","8486433193","5"
"U0091","0385337132","7"
"U0091","0345428544","7"
"U0091","0440226694","6"
"U0091","0486285529","4"
"U0091","0451526341","8"
"U0091","0060976845","8"
"U0092","0486206173","4"
"U0092","0679810307","6"
"U0092","0375823352","4"
"U0092","0890877564","8"
"U0092","0312252617","6"
"U0092","0895872102","7"
"U0092","3404118960","5"
"U0092","0452283914","7"
"U0092","080521061X","6"
"U0092","0684848783","3"
"U0092","0373245696","5"
"U0092","1842151053","3"
"U0092","0449002632","6"
"U0092","0312148267","6"
"U0092","0905762487","6"
"U0092","0446612618","10"
"U0092","0061076031","7"
"U0092","0449005410","8"
"U0092","1888451084","9"
"U0092","0786889160","8"
"U0092","0440120470","2"
"U0092","0486282112","10"
"U0092","0451454243","6"
"U0092","0399144463","3"
"U0092","9681500555","8"
"U0092","3453212150","6"
"U0092","0380002450","5"
"U0092","193072229X","4"
"U0092","0765341972","7"
"U0093","044022165X","5"
"U0093","0385424728","6"
"U0093","0671018930","4"
"U0093","0671867113","7"
"U0093","0345433173","5"
"U0093","0425098109","5"
"U0093","0061076031","4"
"U0093","030720152X","4"
"U0093","0671694049","6"
"U0093","0671649949","10"
"U0093","0449202631","4"
"U0093","0962893862","6"
"U0093","3404118960","8"
"U0093","2253148539","4"
"U0093","0393030342","4"
"U0093","0771076002","3"
"U0093","0671027387","9"
"U0093","0394574745","5"
"U0093","0061080519","6"
"U0093","0312145543","6"
"U0093","0394551427","3"
"U0093","0486415864","3"
"U0093","0679725393","6"
"U0093","0060188731","7"
"U0094","0375704965","8"
"U0094","0440122090","4"
"U0094","0965746828","4"
"U0094","0451625889","4"
"U0094","0345313860","9"
"U0094","0743439740","4"
"U0094","0486282112","10"
"U0094","0060973129","6"
"U0094","0446672211","3"
"U0094","0440222818","8"
"U0094","068983585X","4"
"U0094","0451154916","5"
"U0094","0307118703","8"
"U0094","0380754851","4"
"U0094","038533334X","5"
"U0094","1853260622","7"
"U0094","0375801677","4"
"U0094","0393020371","8"
"U0094","155874262X","6"
"U0094","0380817144","9"
"U0094","0865050880","6"
"U0094","3426605686","8"
"U0094","0380754509","6"
"U0094","0445402040","7"
"U0094","0812504208","9"
"U0094","0385420161","4"
"U0094","0060973897","8"
"U0094","0156528207","5"
"U0094","1558744150","6"
"U0094","087113375X","8"
"U0094","0446523569","8"
"U0094","0743424425","5"
"U0094","0380978539","9"
"U0094","0449006522","3"
"U0095","0060927240","9"
"U0095","074322678X","8"
"U0095","0679751343","9"
"U0095","051513290X","7"
"U0095","0375501347","8"
"U0095","0767905938","6"
"U0095","0380704587","7"
"U0095","0312906552","8"
"U0095","0446606197","5"
"U0095","0439319552","6"
"U0095","0486292940","5"
"U0095","2871290911","6"
"U0095","0618119760","4"
"U0095","067170124X","6"
"U0095","3423116714","7"
"U0095","0060199563","7"
"U0095","006102063X","7"
"U0095","0525944834","7"
"U0095","0307001164","8"
"U0095","0439042917","7"
"U0095","1567920047","6"
"U0095","2253005274","5"
"U0095","1558746218","6"
"U0095","0689829698","4"
"U0095","0446531332","6"
"U0095","0671525832","3"
"U0095","0316769487","6"
"U0095","0449207544","8"
"U0095","0671042556","6"
"U0095","3257208626","6"
"U0095","068484267X","7"
"U0095","1562827049","9"
"U0095","055356451X","8"
"U0095","0670815373","8"
"U0095","0743213831","7"
"U0095","0312988699","4"
"U0095","0440117291","6"
"U0095","0385420161","8"
"U0095","0553256785","6"
"U0095","1561011525","9"
"U0095","0553101439","7"
"U0095","0684717255","4"
"U0095","1563411148","4"
"U0095","0380752115","3"
"U0095","0553576925","9"
"U0095","0060914068","6"
"U0095","0843136685","6"
"U0095","0684823802","4"
"U0096","0152162577","4"
"U0096","0440122090","5"
"U0096","0156047624","9"
"U0096","1878424319","9"
"U0096","0771074670","6"
"U0096","0445402040","9"
"U0096","0439221676","4"
"U0096","8476409419","9"
"U0096","0884111342","7"
"U0096","0060938412","7"
"U0096","0439221706","5"
"U0096","0446672211","5"
"U0096","0793133955","5"
"U0096","0889740828","3"
"U0096","0553562819","4"
"U0096","0451525221","8"
"U0096","0385495145","10"
"U0096","0385306032","7"
"U0096","0842329129","7"
"U0096","1903019699","9"
"U0096","2290314951","8"
"U0096","0312970242","6"
"U0096","2080105434","4"
"U0096","0743470389","7"
"U0096","0312963009","2"
"U0096","0553561618","6"
"U0096","0345369068","9"
"U0096","084994371X","7"
"U0096","0316973742","3"
"U0096","0312872682","4"
"U0096","067103619X","9"
"U0096","1573225487","2"
"U0096","0385509456","8"
"U0096","039304016X","4"
"U0096","185479549X","3"
"U0096","0373245580","5"
"U0096","0515134279","5"
"U0096","0316693200","7"
"U0096","0393318435","3"
"U0096","0449911683","8"
"U0096","0345430476","6"
"U0096","0940322978","4"
"U0096","0312986769","4"
"U0096","0375705856","9"
"U0096","0821770209","9"
"U0096","0385335679","8"
"U0096","0373836023","8"
"U0096","0812524853","7"
"U0096","0345353625","5"
"U0096","0812523385","9"
"U0096","039914739X","7"
"U0096","0312283784","6"
"U0096","0801096677","3"
"U0096","1570717257","4"
"U0096","067153484X","3"
"U0096","0060621257","3"
"U0097","8483002523","3"
"U0097","0385496907","3"
"U0097","0452264464","5"
"U0097","0895872102","7"
"U0097","0345441133","3"
"U0097","0786868716","7"
"U0097","8478097732","5"
"U0097","2290314951","10"
"U0097","3498020862","5"
"U0097","0245542957","6"
"U0097","1558744150","5"
"U0097","2253005274","3"
"U0097","0451409256","8"
"U0097","0140253580","6"
"U0097","0446310786","10"
"U0097","0688163726","8"
"U0097","0964778319","2"
"U0097","0849943450","9"
"U0097","0373484100","7"
"U0097","0060923245","7"
"U0097","0060915544","10"
"U0097","0312977905","6"
"U0097","1573228737","8"
"U0097","0440211727","9"
"U0097","0553569058","6"
"U0097","0440122090","6"
"U0097","0765341972","8"
"U0097","039456894X","9"
"U0097","0316168815","7"
"U0097","0684867818","3"
"U0097","0553582909","7"
"U0097","2253004022","4"
"U0097","0198604025","3"
"U0097","0880011025","4"
"U0097","0743470389","2"
"U0097","039914739X","3"
"U0097","0312287240","8"
"U0097","0553580388","8"
"U0097","0671621009","9"
"U0097","0020437501","9"
"U0097","0020442408","9"
"U0097","1562477528","3"
"U0097","0679767789","6"
"U0097","039914370X","7"
"U0097","1853260622","7"
"U0097","3404921038","8"
"U0097","0394578791","6"
"U0097","0898151910","3"
"U0097","0451450256","3"
"U0097","0800706544","4"
"U0097","0684180200","7"
"U0097","0440219078","5"
"U0097","0425182878","3"
"U0097","0743439740","7"
"U0098","0345260317","6"
"U0098","0451452755","5"
"U0098","1414035004","2"
"U0098","0140382658","5"
"U0098","0787955671","6"
"U0098","0451524489","8"
"U0098","3499151502","4"
"U0098","2266029460","7"
"U0098","2070423204","5"
"U0098","0345353625","5"
"U0098","0871137380","9"
"U0098","0140252800","8"
"U0098","0393030342","5"
"U0098","0446677450","4"
"U0098","0062770500","9"
"U0098","0440218535","6"
"U0098","3499110695","2"
"U0098","0505524996","7"
"U0098","0385424728","9"
"U0098","0679401377","3"
"U0098","030720152X","7"
"U0098","0590870157","6"
"U0098","0688048730","6"
"U0098","0380709260","3"
"U0098","0743406176","4"
"U0098","0452282152","6"
"U0099","0316602906","6"
"U0099","0449213773","4"
"U0099","0374343381","5"
"U0099","0385424728","9"
"U0099","0684180200","3"
"U0099","0679777431","8"
"U0099","0316789089","3"
"U0099","0451185277","5"
"U0099","0060923245","4"
"U0099","0553569058","7"
"U0099","0062770500","8"
"U0099","0380817144","9"
"U0099","1858813093","4"
"U0099","0449245691","3"
"U0099","3257208634","4"
"U0099","207053880X","3"
"U0099","0671023616","7"
"U0099","9724119378","8"
"U0099","0345441133","5"
"U0099","0345430476","10"
"U0099","0441783589","8"
"U0099","0345428544","4"
"U0099","1567920047","7"
"U0099","8484509141","5"
"U0099","0060083298","7"
"U0099","0393020371","9"
"U0099","0399147012","6"
"U0099","0871138646","9"
"U0099","0553574167","7"
"U0099","0785815147","4"
"U0099","0452277337","4"
"U0099","0449211770","3"
"U0099","1567184294","4"
"U0099","0425164403","4"
"U0099","0345403339","4"
"U0099","8475960936","5"
"U0099","0064472779","5"
"U0099","0060192631","3"
"U0099","0553578693","5"
"U0099","0373750013","4"
"U0099","0446364193","4"
"U0099","0385420161","10"
"U0099","0345313097","3"
"U0099","0198320264","9"
"U0099","1567407781","5"
"U0099","0812504208","7"
"U0099","0373245580","5"
"U0099","0449006557","6"
"U0099","0061040967","7"
"U0099","0394820371","8"
"U0100","0340767936","8"
"U0100","0446310786","7"
"U0100","0316666343","8"
"U0100","0060930365","5"
"U0100","0307001164","8"
"U0100","0449209121","2"
"U0100","0446523992","3"
"U0100","0316116025","6"
"U0100","0064405052","5"
"U0100","0002740230","6"
"U0100","0312970242","8"
"U0100","0380711109","6"
"U0100","3442098424","5"
"U0100","0425181111","4"
"U0100","8427007450","4"
"U0100","0312906552","5"
"U0100","0130139165","8"
"U0100","0446527793","4"
"U0100","0897322339","7"
"U0100","039575514X","5"
"U0100","0060013117","3"
"U0100","1567407781","9"
"U0100","0440241413","9"
"U0100","0345305477","8"
"U0100","0446612545","10"
"U0100","0316782505","2"
"U0100","3442410665","4"
"U0100","0785263292","9"
"U0100","0312963009","6"
"U0100","0380617625","5"
"U0100","0451410319","3"
"U0100","0439319552","8"
"U0100","229000510X","2"
"U0100","0865050880","6"
"U0100","0679810307","3"
"U0101","0374157065","4"
"U0101","0486206173","2"
"U0101","0449207757","2"
"U0101","1558505377","6"
"U0101","0451154916","9"
"U0101","0440117291","7"
"U0101","0375400117","2"
"U0101","0425164403","6"
"U0101","0451202341","8"
"U0101","0312148267","9"
"U0101","0446610178","3"
"U0101","039914563X","5"
"U0101","0671649949","8"
"U0101","3257208669","5"
"U0101","0785815147","9"
"U0101","8478884963","6"
"U0101","0394559487","7"
"U0101","0671027387","10"
"U0101","0345371984","9"
"U0101","0553225987","8"
"U0101","0679810307","5"
"U0101","0804111359","6"
"U0101","0440218535","5"
"U0101","1576737357","7"
"U0101","0793133955","4"
"U0101","1575843366","8"
"U0101","0743439740","5"
"U0101","0060173289","4"
"U0101","0064472264","7"
"U0101","0445402040","8"
"U0101","140003180X","8"
"U0101","3502670005","4"
"U0101","1561561428","3"
"U0101","0375821813","6"
"U0101","0440224829","3"
"U0101","0060804157","6"
"U0101","0553280333","4"
"U0101","0866119531","6"
"U0102","0785263292","2"
"U0102","0449209121","4"
"U0102","0425098109","9"
"U0102","0345335465","7"
"U0102","0316693006","8"
"U0102","0689829698","8"
"U0102","006102063X","5"
"U0102","0440224829","3"
"U0102","0330332775","8"
"U0102","0345297709","8"
"U0102","0747549923","6"
"U0102","2253063339","10"
"U0102","0749748001","5"
"U0102","0553564528","4"
"U0102","076218857X","7"
"U0102","1900850303","2"
"U0102","0689821166","2"
"U0102","0553202294","2"
"U0102","0345428544","5"
"U0102","042511774X","5"
"U0102","0345378490","8"
"U0102","0747538069","7"
"U0102","0312195516","6"
"U0102","0151008116","6"
"U0102","0553289063","6"
"U0102","0446523992","7"
"U0102","0517201658","4"
"U0102","8423324311","6"
"U0102","3423116714","4"
"U0102","0345356578","9"
"U0102","0446605484","2"
"U0102","0915811537","4"
"U0102","0312145543","4"
"U0102","0812521129","6"
"U0102","0451202341","2"
"U0102","8474103347","8"
"U0102","0060930187","4"
"U0102","0449212084","4"
"U0102","0786868015","8"
"U0102","0767903579","3"
"U0102","0380792664","3"
"U0102","0385416342","4"
"U0102","0425163091","6"
"U0102","8440616252","3"
"U0102","8420639133","3"
"U0102","3404121686","5"
"U0102","039914370X","7"
"U0102","0312995431","3"
"U0102","0156013967","6"
"U0102","3257208626","4"
"U0102","0312206763","6"
"U0102","0440117291","5"
"U0102","043922165X","6"
"U0102","0440130913","7"
"U0102","0553101439","3"
"U0103","0743201078","10"
"U0103","0889740828","4"
"U0103","081296666X","7"
"U0103","0385335679","5"
"U0103","0375501347","8"
"U0103","1569471096","9"
"U0103","067103619X","9"
"U0103","1558744150","4"
"U0103","038549825X","7"
"U0103","0425181111","3"
"U0103","3499177757","8"
"U0103","1579651658","6"
"U0103","0380717018","5"
"U0103","0801096677","3"
"U0103","006015781X","9"
"U0103","037582345X","7"
"U0103","2290314951","4"
"U0103","0441783589","7"
"U0103","0749748001","8"
"U0103","0394586239","5"
"U0103","0515134279","10"
"U0103","0446527793","9"
"U0103","0375410538","5"
"U0103","0380730448","3"
"U0103","0553564528","10"
"U0103","0816728739","6"
"U0103","0451456548","6"
"U0103","0674511255","10"
"U0103","0451524489","6"
"U0103","0440234743","3"
"U0103","0446523992","5"
"U0104","0679777431","7"
"U0104","042517736X","10"
"U0104","8433914545","4"
"U0104","0590687301","7"
"U0104","0553298860","7"
"U0104","0312195516","6"
"U0104","0345313097","7"
"U0104","0373037430","2"
"U0104","0842336214","3"
"U0104","0786868015","7"
"U0104","0440219078","2"
"U0104","3442410665","2"
"U0104","193072229X","4"
"U0104","0312995423","5"
"U0104","8475960936","9"
"U0104","0812575954","7"
"U0104","3570300099","8"
"U0104","0743418190","8"
"U0104","1573228737","7"
"U0104","0679420118","8"
"U0104","0345369068","8"
"U0104","0671521519","8"
"U0104","0395710901","7"
"U0104","0061096091","5"
"U0104","0671779338","8"
"U0104","0743439740","7"
"U0104","0451527747","2"
"U0104","042518630X","7"
"U0104","0373836023","9"
"U0104","0671868713","6"
"U0105","0399135782","7"
"U0105","0446523569","4"
"U0105","080652121X","6"
"U0105","0345339711","7"
"U0105","1563410443","4"
"U0105","0553289063","7"
"U0105","0312986769","4"
"U0105","0375751513","6"
"U0105","1573228737","5"
"U0105","0840734530","8"
"U0105","0767908473","3"
"U0105","8478800336","6"
"U0105","156971620X","2"
"U0105","0515122408","6"
"U0105","0505524996","6"
"U0105","3257203659","8"
"U0105","0590419625","3"
"U0105","0865050880","7"
"U0105","0684823802","7"
"U0105","0316748641","4"
"U0105","0743222229","10"
"U0105","0804001944","6"
"U0105","0927545373","7"
"U0105","0553279572","4"
"U0105","0671673688","9"
"U0105","1562827049","2"
"U0105","0316735736","7"
"U0105","0345435869","4"
"U0105","8478884963","7"
"U0106","0380002450","8"
"U0106","2253007102","7"
"U0106","3548254268","9"
"U0106","0380718332","7"
"U0106","0316776963","7"
"U0106","0451181379","8"
"U0106","1559703237","9"
"U0106","067170124X","9"
"U0106","0380730448","3"
"U0106","0439221676","7"
"U0106","0385504209","10"
"U0106","0816728739","7"
"U0106","0061050474","7"
"U0106","0380730138","8"
"U0106","0380710218","10"
"U0106","0590225170","9"
"U0106","0373123108","8"
"U0106","0060914068","9"
"U0106","0385335407","9"
"U0106","0743245024","9"
"U0106","0805063897","9"
"U0106","3889774016","9"
"U0106","0394586239","4"
"U0106","1401201172","8"
"U0106","3518111000","8"
"U0106","0553062042","7"
"U0106","0877192820","8"
"U0106","0451203046","9"
"U0106","0553802488","7"
"U0106","0312995431","6"
"U0106","0307001164","9"
"U0106","0061099325","10"
"U0106","0553578693","8"
"U0106","0312965745","8"
"U0106","0020437501","10"
"U0106","0446364193","8"
"U0107","0345402871","5"
"U0107","0486272745","6"
"U0107","0440219604","2"
"U0107","0805056491","2"
"U0107","038081840X","2"
"U0107","1853260053","4"
"U0107","067976397X","8"
"U0107","8478098267","7"
"U0107","0394574745","4"
"U0107","0060192631","6"
"U0107","8807120194","6"
"U0107","8401351421","9"
"U0107","0671004573","7"
"U0107","0446608653","7"
"U0107","0380788497","2"
"U0107","0192815318","8"
"U0107","0671018930","6"
"U0107","0451204050","8"
"U0107","0312853238","8"
"U0107","0515118656","8"
"U0107","3442410665","3"
"U0107","0195153448","9"
"U0107","0061000280","9"
"U0107","1558531025","9"
"U0108","0425113892","3"
"U0108","0849943728","6"
"U0108","0060013117","7"
"U0108","8478800336","5"
"U0108","0446523569","7"
"U0108","0445402040","3"
"U0108","0020442408","7"
"U0108","0394895894","8"
"U0108","0345395379","4"
"U0108","0195153448","7"
"U0108","0804111359","4"
"U0108","084994371X","10"
"U0108","0440219604","2"
"U0108","0425134350","7"
"U0108","0345335465","6"
"U0108","0671673688","5"
"U0108","0964778319","4"
"U0108","0380002450","6"
"U0108","3548254268","9"
"U0108","067103619X","8"
"U0108","0345339711","5"
"U0108","3257233051","8"
"U0108","0140250964","8"
"U0108","0061009059","4"
"U0108","0425179672","3"
"U0108","0312312628","4"
"U0108","1401201172","8"
"U0108","0440130913","4"
"U0108","055329198X","3"
"U0108","0198320264","9"
"U0108","0812523385","5"
"U0108","0671047612","5"
"U0108","067153484X","5"
"U0108","0425120279","4"
"U0109","0679603352","2"
"U0109","0684717255","7"
"U0109","0451526279","7"
"U0109","0449212084","7"
"U0109","0937858994","8"
"U0109","0670844594","9"
"U0109","0399148582","7"
"U0109","0671047612","8"
"U0109","0393321576","8"
"U0109","0963094424","6"
"U0109","0892967994","8"
"U0109","0345313097","5"
"U0109","044023722X","6"
"U0109","0842336214","8"
"U0109","0316776963","8"
"U0109","0671021001","4"
"U0109","1561561428","6"
"U0109","0684801221","3"
"U0109","0771088191","6"
"U0109","0380759497","5"
"U0109","0425174484","10"
"U0109","0771074670","6"
"U0109","030720152X","8"
"U0109","0525944834","6"
"U0109","0486272745","2"
"U0109","3257208669","4"
"U0109","3492207006","3"
"U0109","3442098424","9"
"U0109","0515134279","5"
"U0109","0880701102","4"
"U0109","0743211383","4"
"U0109","042518630X","4"
"U0109","0060930365","7"
"U0109","0962893862","7"
"U0109","1928791107","6"
"U0109","0060917016","2"
"U0109","0002005018","3"
"U0109","0316693006","3"
"U0109","0385416342","7"
"U0110","8483002523","5"
"U0110","0140021566","7"
"U0110","0312853238","4"
"U0110","0553578693","9"
"U0110","0671867156","7"
"U0110","0671694049","3"
"U0110","0345402871","5"
"U0110","0804106304","4"
"U0110","0898151910","10"
"U0110","0671525832","4"
"U0110","0345305477","5"
"U0110","0002740230","4"
"U0110","0312422156","4"
"U0110","0553574167","9"
"U0110","0312261594","4"
"U0110","0395710901","3"
"U0110","0805063897","4"
"U0110","3442353866","6"
"U0110","3442410665","6"
"U0110","0156528207","9"
"U0110","8483007010","3"
"U0110","0897322339","9"
"U0110","0394178017","8"
"U0110","193072229X","8"
"U0110","0380788497","4"
"U0110","0679865691","10"
"U0110","9724119378","6"
"U0110","0786868716","5"
"U0110","044132231X","7"
"U0110","0486281965","4"
"U0110","0446601640","7"
"U0110","0553298860","6"
"U0110","0609606727","7"
"U0110","0064407667","6"
"U0110","0866119566","8"
"U0110","0345348036","4"
"U0110","0060938455","9"
"U0110","0345260317","8"
"U0110","8427007450","8"
"U0110","8445071777","5"
"U0110","0451523415","9"
"U0110","0060977493","6"
"U0110","0446364193","5"
"U0110","0394559487","4"
"U0110","0345424719","6"
"U0110","0743206045","6"
"U0110","0060973897","9"
"U0110","0451452755","8"
"U0110","0308102282","3"
"U0110","0515122408","6"
"U0110","0819154946","5"
"U0110","8420639133","8"
"U0110","1563892278","4"
"U0110","2070423204","6"
"U0110","0375501347","8"
"U0111","0553202294","9"
"U0111","0385730586","7"
"U0111","349913358X","7"
"U0111","0451197275","7"
"U0111","0308102282","6"
"U0111","3596144434","6"
"U0111","0786913878","7"
"U0111","055329198X","6"
"U0111","0385333404","6"
"U0111","9681500555","7"
"U0111","0060188731","3"
"U0111","0740700235","6"
"U0111","0380730448","7"
"U0111","0345369068","8"
"U0111","0425120279","5"
"U0111","0821772953","8"
"U0111","1853260053","7"
"U0111","0373196989","6"
"U0111","1569871213","4"
"U0111","0786868716","7"
"U0111","1555835953","7"
"U0111","8483007010","5"
"U0111","0345378490","4"
"U0111","0553289063","5"
"U0111","0425169626","7"
"U0112","0590225170","6"
"U0112","0425049981","7"
"U0112","034543191X","2"
"U0112","0061064505","8"
"U0112","0345311396","2"
"U0112","0140293248","7"
"U0112","0609804618","2"
"U0112","0684868911","4"
"U0112","0553289063","3"
"U0112","0812575482","6"
"U0112","0060925000","7"
"U0112","0743245024","2"
"U0112","0671742566","7"
"U0112","0743406176","5"
"U0112","0060575808","7"
"U0112","0425184129","5"
"U0112","0425098109","5"
"U0112","0316782505","5"
"U0112","0515118656","7"
"U0112","3257216416","4"
"U0112","068983585X","6"
"U0112","0375814248","3"
"U0112","0880701102","10"
"U0112","0345339711","2"
"U0112","0670892963","5"
"U0112","0425120279","8"
"U0112","0440219604","5"
"U0112","0689832877","3"
"U0112","0451410556","6"
"U0113","0140286276","7"
"U0113","0064472264","8"
"U0113","0894342789","7"
"U0113","0801096677","8"
"U0113","0440949424","8"
"U0113","0425098109","6"
"U0113","061312975X","7"
"U0113","0679423079","5"
"U0113","0312980388","8"
"U0113","0609605925","7"
"U0113","0026329859","9"
"U0113","1563899388","9"
"U0113","0380730138","4"
"U0113","0553579673","3"
"U0113","8472224260","8"
"U0113","140003180X","7"
"U0113","0385333404","5"
"U0113","0345424719","6"
"U0113","0064407667","7"
"U0113","0449202631","8"
"U0113","0380002450","4"
"U0113","0786886463","4"
"U0113","0812519655","6"
"U0113","0425164403","4"
"U0113","0380711109","5"
"U0113","1573228737","6"
"U0113","3404921038","7"
"U0113","0345369068","5"
"U0113","0060915544","2"
"U0113","3499151502","2"
"U0113","0449907481","10"
"U0113","0060188731","8"
"U0113","0875421288","8"
"U0114","0590687301","8"
"U0114","0449911004","3"
"U0114","0451205197","5"
"U0114","0312283784","6"
"U0114","8483007010","10"
"U0114","0553280589","8"
"U0114","9681500555","3"
"U0114","8477830029","5"
"U0114","0671525832","5"
"U0114","0786889705","5"
"U0114","3442098424","9"
"U0114","0380973839","2"
"U0114","0452282152","2"
"U0114","0842342702","8"
"U0114","0767905938","8"
"U0114","3404121686","8"
"U0114","0385424728","7"
"U0114","0553561618","4"
"U0114","0060930187","3"
"U0114","0345311396","8"
"U0114","1569871213","5"
"U0114","0446610178","4"
"U0114","0060914068","8"
"U0114","0156047624","6"
"U0114","1573225487","8"
"U0114","0381999866","7"
"U0114","0425174484","6"
"U0114","0743406176","4"
"U0114","0553298860","4"
"U0114","0373245696","2"
"U0114","0345451260","7"
"U0114","052594463X","4"
"U0114","067976397X","6"
"U0114","0020442408","2"
"U0114","0486272664","9"
"U0114","0553212583","5"
"U0114","9724119378","6"
"U0114","0962893862","3"
"U0114","0451197275","2"
"U0114","0451410556","9"
"U0114","8478800336","8"
"U0114","0684823802","4"
"U0114","0671649949","6"
"U0114","1551668785","7"
"U0114","349913358X","3"
"U0114","1401201172","4"
"U0114","0316973742","8"
"U0114","0380538504","9"
"U0114","006102063X","7"
"U0115","0689821166","5"
"U0115","0743412621","6"
"U0115","0060801263","6"
"U0115","0486206173","6"
"U0115","0671525832","6"
"U0115","0345354931","7"
"U0115","0394178017","8"
"U0115","0140382658","10"
"U0115","8427007450","4"
"U0115","0445402040","10"
"U0115","0007100221","5"
"U0115","0345403339","6"
"U0115","0679425608","4"
"U0115","0064405052","8"
"U0115","067170124X","8"
"U0115","0671042556","3"
"U0115","0152162577","6"
"U0115","0679310002","8"
"U0115","074345829X","7"
"U0115","3498020862","4"
"U0115","0505524996","7"
"U0115","0871137380","9"
"U0115","0671018930","7"
"U0115","8807120194","3"
"U0115","0786863986","2"
"U0115","0316776963","7"
"U0115","2080105434","6"
"U0115","0451203046","6"
"U0115","8474103347","5"
"U0115","0451527747","10"
"U0115","1555835953","4"
"U0115","3499177757","5"
"U0115","0345353625","10"
"U0115","8475960936","3"
"U0115","3462021095","5"
"U0115","0060977477","7"
"U0115","0060575808","7"
"U0115","0345391691","6"
"U0116","0684823802","3"
"U0116","039914739X","5"
"U0116","0553569058","5"
"U0116","0142001740","2"
"U0116","9681500555","9"
"U0116","0060987103","4"
"U0116","1888451084","5"
"U0116","0821750410","6"
"U0116","8445071777","4"
"U0116","3462021095","8"
"U0116","0688169678","5"
"U0116","0151008116","7"
"U0116","0380012863","7"
"U0116","0451181379","3"
"U0116","0425184226","8"
"U0116","0385416342","8"
"U0116","0380732335","7"
"U0116","0060013117","7"
"U0116","038549825X","3"
"U0116","0849943728","4"
"U0116","0821770209","10"
"U0116","0374386676","7"
"U0116","0312278586","2"
"U0116","0449001954","5"
"U0116","0786889705","5"
"U0116","0449245691","6"
"U0116","0385505833","4"
"U0116","0807070718","8"
"U0116","0449005410","9"
"U0116","0385335679","8"
"U0116","1842040154","7"
"U0116","0486284735","3"
"U0116","0679751343","5"
"U0116","0671621009","4"
"U0116","0451526341","10"
"U0116","0307001164","6"
"U0116","0553279572","7"
"U0116","1573229148","5"
"U0116","0590870157","6"
"U0116","0307118703","4"
"U0116","0060915544","9"
"U0116","8401351421","5"
"U0116","0553579681","7"
"U0116","0812541642","6"
"U0117","0446394521","4"
"U0117","0679725393","2"
"U0117","0743406176","4"
"U0117","0812516826","5"
"U0117","0743439740","4"
"U0117","0385721420","9"
"U0117","0312206763","4"
"U0117","0345369947","3"
"U0117","0670844594","7"
"U0117","1858813093","9"
"U0117","8483007010","2"
"U0117","0425124347","7"
"U0117","3257214154","10"
"U0117","0312988699","6"
"U0117","0374386676","8"
"U0117","0871138646","3"
"U0117","0345424719","4"
"U0117","0743412621","8"
"U0117","0345335465","4"
"U0117","0803251718","6"
"U0117","068983571X","6"
"U0117","0316116025","4"
"U0117","0060976845","4"
"U0117","0743411269","9"
"U0117","8484509141","3"
"U0117","1570717257","6"
"U0117","0449005410","8"
"U0117","0671018930","7"
"U0117","0743206045","5"
"U0117","080521061X","9"
"U0117","0140104682","9"
"U0117","8478098267","3"
"U0117","0486292940","2"
"U0117","0821775863","8"
"U0117","0440224675","10"
"U0117","193072229X","5"
"U0117","0971880107","4"
"U0117","0749748001","4"
"U0117","0688180639","8"
"U0117","0553210092","10"
"U0117","3257212054","8"
"U0117","0965404560","5"
"U0117","081296666X","4"
"U0117","0786890436","7"
"U0117","0786889160","8"
"U0117","0316693006","10"
"U0118","0446612545","8"
"U0118","0312195516","7"
"U0118","0821775863","5"
"U0118","0679427430","9"
"U0118","0312145543","4"
"U0118","0452277337","5"
"U0118","0679442790","5"
"U0118","0446677450","5"
"U0118","0425184226","5"
"U0118","0688163726","7"
"U0118","0880011025","6"
"U0118","0007100221","9"
"U0118","039457513X","2"
"U0118","0394574745","7"
"U0118","2290314951","9"
"U0118","0553062042","5"
"U0118","0060932759","4"
"U0118","0679450432","3"
"U0118","0380973545","4"
"U0118","0345379454","6"
"U0118","0945586051","5"
"U0118","0345402871","8"
"U0118","2020315491","8"
"U0118","8401351421","6"
"U0118","0486415864","10"
"U0118","0439221714","5"
"U0118","0767903285","3"
"U0118","0152012966","8"
"U0118","0590629719","9"
"U0118","0060934719","6"
"U0118","3498020862","5"
"U0118","0380012863","4"
"U0118","0812521129","8"
"U0118","0140292918","5"
"U0118","039456894X","3"
"U0118","0380711109","4"
"U0118","0060917016","7"
"U0118","0749748028","8"
"U0118","0393321576","2"
"U0118","8475960936","7"
"U0118","0395710901","9"
"U0118","0140185216","4"
"U0118","0380792664","10"
"U0118","0060929790","5"
"U0118","0380732335","4"
"U0118","1567407781","4"
"U0119","0786890436","5"
"U0119","1573225487","9"
"U0119","0671021745","9"
"U0119","0380704587","8"
"U0119","9681500555","5"
"U0119","0380820447","4"
"U0119","0064405052","9"
"U0119","0312156960","8"
"U0119","0801096677","6"
"U0119","2871290911","7"
"U0119","0767903579","3"
"U0119","0140292918","9"
"U0119","0385316895","8"
"U0119","0192815318","6"
"U0119","0446527165","4"
"U0119","0140622063","4"
"U0119","042517736X","8"
"U0119","1903019699","6"
"U0119","0345465083","4"
"U0119","0425134350","4"
"U0119","8472238822","9"
"U0119","0897322339","10"
"U0119","0803233019","9"
"U0119","3442410665","6"
"U0119","0375400117","6"
"U0119","0446364193","7"
"U0119","0945586051","4"
"U0119","0060977493","8"
"U0119","1573228737","8"
"U0119","1573225126","8"
"U0119","0872200760","8"
"U0119","0440241413","3"
"U0119","8423324311","8"
"U0119","0440117291","8"
"U0119","3426605686","9"
"U0119","0312252617","3"
"U0119","0590514776","5"
"U0119","0446605484","4"
"U0119","0385235941","10"
"U0119","0743458303","2"
"U0119","0312980388","8"
"U0119","0380538504","9"
"U0119","0140370900","8"
"U0119","0060188731","5"
"U0120","0385505833","6"
"U0120","0771074670","3"
"U0120","0803251718","8"
"U0120","0345416848","6"
"U0120","0060930365","5"
"U0120","3257207522","4"
"U0120","0345346971","6"
"U0120","0064472264","7"
"U0120","0061052515","4"
"U0120","0060913509","3"
"U0120","0439569842","5"
"U0120","038081840X","7"
"U0120","0525944834","10"
"U0120","3442446937","8"
"U0120","0553279572","7"
"U0120","0684823802","7"
"U0120","3404921038","7"
"U0120","0345404793","5"
"U0120","044023722X","5"
"U0120","015600710X","7"
"U0120","0446672211","7"
"U0120","1405200677","7"
"U0120","3518111000","9"
"U0120","0061030147","5"
"U0120","067153484X","10"
"U0120","1573229148","3"
"U0120","0671867156","8"
"U0120","0802114369","4"
"U0120","8475960936","3"
"U0120","0451181379","4"
"U0120","0061099325","4"
"U0120","8420639133","8"
"U0120","039575514X","4"
"U0120","1561011525","9"
"U0120","0385420161","9"
"U0120","0440441501","9"
"U0120","0385314019","5"
"U0120","0425134350","8"
"U0120","0440122090","4"
"U0120","0679810307","7"
"U0120","0679725393","10"
"U0120","0743406176","8"
"U0120","0380730138","4"
"U0120","0061000280","5"
"U0120","0399147128","5"
"U0120","0812504208","6"
"U0120","0821775863","3"
"U0120","0312288115","6"
"U0120","0060927240","4"
"U0120","0804117934","6"
"U0120","0440211727","4"
"U0120","0451410319","4"
"U0120","014036336X","2"
"U0120","1552041778","4"
"U0121","0060801263","3"
"U0121","0618173870","5"
"U0121","0446612545","9"
"U0121","0140065172","5"
"U0121","0140067477","5"
"U0121","0801096677","5"
"U0121","0312986769","6"
"U0121","0446610178","3"
"U0121","0060938412","4"
"U0121","0449213773","5"
"U0121","0804106304","2"
"U0121","0425098109","6"
"U0121","0446527165","9"
"U0121","0743229878","8"
"U0121","0819215635","10"
"U0121","8477830029","4"
"U0121","3462021095","8"
"U0121","0849916399","9"
"U0121","156718796X","6"
"U0121","0842329129","5"
"U0121","3746670055","7"
"U0121","0804001944","8"
"U0121","0805056491","8"
"U0121","0380973839","4"
"U0121","0142001740","3"
"U0121","0553564528","8"
"U0121","0446672211","6"
"U0121","0786015276","4"
"U0121","0449005615","4"
"U0121","0380617625","10"
"U0121","0449211770","7"
"U0121","0688163726","7"
"U0121","0671002481","6"
"U0121","0345395379","7"
"U0121","0380807866","9"
"U0121","0373196741","6"
"U0121","006052779X","9"
"U0121","0941423042","9"
"U0121","8472238822","4"
"U0121","0689829698","9"
"U0121","0060930705","4"
"U0121","0670031046","7"
"U0121","0525947647","9"
"U0121","0435272683","2"
"U0121","0671623249","9"
"U0121","0440117291","4"
"U0121","0743249992","3"
"U0121","0374386676","3"
"U0121","0671021745","9"
"U0121","081296666X","5"
"U0121","0671525794","8"
"U0121","0440235502","7"
"U0121","3502670005","7"
"U0121","0375801677","10"
"U0121","0140185216","3"
"U0121","0449245691","6"
"U0121","0553256785","2"
"U0122","3596292646","9"
"U0122","3423116714","9"
"U0122","0590419625","8"
"U0122","0060930705","8"
"U0122","1570717257","6"
"U0122","0452277337","9"
"U0122","0312261594","5"
"U0122","0345417623","2"
"U0122","0786890436","6"
"U0122","1561561428","9"
"U0122","0425161722","5"
"U0122","1842151053","8"
"U0122","2070423204","3"
"U0122","0449207595","4"
"U0122","0380711109","4"
"U0122","0451525221","6"
"U0122","0385316895","8"
"U0122","0670035262","8"
"U0122","1928791107","4"
"U0122","0312283784","4"
"U0122","0439569842","4"
"U0122","0345260317","7"
"U0122","0345313097","10"
"U0122","0307118703","5"
"U0122","0345430476","3"
"U0122","0449005615","8"
"U0122","0937858994","7"
"U0122","2266029460","5"
"U0122","2253148539","7"
"U0122","1414035004","9"
"U0122","0375801677","8"
"U0122","044651747X","5"
"U0122","0061099686","4"
"U0122","0375501347","7"
"U0122","0312995431","7"
"U0122","8466601090","10"
"U0122","0399148582","9"
"U0122","0007100221","3"
"U0122","1567407781","10"
"U0122","0515134368","3"
"U0122","0440441501","4"
"U0122","0684854953","6"
"U0122","0786889160","5"
"U0122","0425098109","9"
"U0122","0060199563","5"
"U0122","8807120194","3"
"U0122","0590481371","5"
"U0122","0373871562","6"
"U0122","0877192820","6"
"U0122","0439510112","3"
"U0122","080652121X","4"
"U0123","3462021095","5"
"U0123","0060976845","5"
"U0123","0590870157","9"
"U0123","0802114369","8"
"U0123","081296666X","7"
"U0123","1575843366","7"
"U0123","0385472951","9"
"U0123","0140029400","2"
"U0123","080213825X","8"
"U0123","0671673688","3"
"U0123","0062770500","9"
"U0123","0767908473","6"
"U0123","0440241413","9"
"U0123","0821775863","9"
"U0123","0385511612","8"
"U0123","0670844594","10"
"U0123","0446602086","8"
"U0123","0140253580","5"
"U0123","0399135782","5"
"U0123","0671649949","6"
"U0123","0449002632","4"
"U0123","3442446937","4"
"U0123","0449211770","7"
"U0123","185479549X","4"
"U0123","0451181379","8"
"U0123","0671868713","5"
"U0123","0425137945","8"
"U0123","0449212084","7"
"U0123","0451410319","6"
"U0123","0373196989","9"
"U0123","0843136685","9"
"U0123","1575663937","4"
"U0123","042511774X","5"
"U0123","0451208080","3"
"U0123","0345374657","10"
"U0123","0312995431","9"
"U0123","1563410443","4"
"U0123","0140067477","6"
"U0124","0553256785","5"
"U0124","3404121686","9"
"U0124","0816152446","7"
"U0124","0451188209","5"
"U0124","0060177586","7"
"U0124","0743444167","9"
"U0124","0819215635","5"
"U0124","043922165X","6"
"U0124","0373871562","8"
"U0124","0312195516","9"
"U0124","1854795554","9"
"U0124","0927545373","10"
"U0124","0156528207","9"
"U0124","0312278586","5"
"U0124","0743470389","8"
"U0124","0963094424","8"
"U0124","0060925000","7"
"U0124","1563892278","7"
"U0124","0516076272","6"
"U0124","0451525221","10"
"U0124","0312148267","10"
"U0124","3492207006","8"
"U0124","1575024179","10"
"U0124","0553582909","9"
"U0124","0451205197","6"
"U0124","0395877563","9"
"U0124","0486272664","8"
"U0124","0152012966","10"
"U0124","0486415864","8"
"U0124","3423116714","7"
"U0124","074322678X","7"
"U0124","0590450875","6"
"U0124","0670844594","7"
"U0124","0064407667","8"
"U0124","0801491827","10"
"U0124","0872200760","8"
"U0124","0840734530","9"
"U0124","3499151502","7"
"U0124","193156146X","5"
"U0125","0835949362","7"
"U0125","0380728273","8"
"U0125","0140029400","3"
"U0125","0804001944","5"
"U0125","0425049981","8"
"U0125","0743403843","9"
"U0125","3257208669","5"
"U0125","0195153448","7"
"U0125","0312995423","3"
"U0125","0553280589","5"
"U0125","0743412621","2"
"U0125","0743213831","3"
"U0125","0156013967","3"
"U0125","0671002481","5"
"U0125","0345311396","6"
"U0125","0671027387","7"
"U0125","0553561618","2"
"U0125","0684848783","3"
"U0125","0812516826","10"
"U0125","0446523569","10"
"U0125","0345395379","6"
"U0125","0515128554","4"
"U0125","0446527793","4"
"U0125","8445071769","6"
"U0125","0553574175","8"
"U0125","0060927240","9"
"U0125","0590687301","3"
"U0125","0312261594","4"
"U0125","0380732688","4"
"U0125","0451181379","6"
"U0125","0345379454","8"
"U0125","061312975X","6"
"U0125","0440225078","10"
"U0125","0520011171","9"
"U0126","0440226694","10"
"U0126","0553210092","5"
"U0126","1561672033","3"
"U0126","0061099325","4"
"U0126","0060809027","7"
"U0126","1842151053","9"
"U0126","0385479689","6"
"U0126","0895774666","6"
"U0126","8806142267","4"
"U0126","0151008116","9"
"U0126","2253005274","8"
"U0126","0316782505","6"
"U0126","0684822733","10"
"U0126","0380973839","5"
"U0126","0425156842","7"
"U0126","225300670X","10"
"U0126","207053880X","3"
"U0126","0312965745","5"
"U0126","0060804157","8"
"U0126","0345404793","8"
"U0126","0553571486","8"
"U0126","0671461494","7"
"U0126","0786863986","5"
"U0126","0446523992","6"
"U0126","042512892X","7"
"U0126","0345404777","4"
"U0126","0449207757","4"
"U0126","039575514X","3"
"U0126","0380820447","3"
"U0126","0966986105","9"
"U0126","3404921038","3"
"U0126","0671867113","5"
"U0126","0060913509","10"
"U0126","0590450875","3"
"U0126","0060173289","3"
"U0126","0449005410","6"
"U0126","0812923278","2"
"U0126","0785815147","6"
"U0126","0373245580","4"
"U0126","1878424319","4"
"U0127","0812575482","7"
"U0127","0553298860","4"
"U0127","038549825X","6"
"U0127","1880185008","5"
"U0127","0425120279","6"
"U0127","0684868911","7"
"U0127","0515118656","7"
"U0127","3257210450","9"
"U0127","3442724686","7"
"U0127","0380754509","2"
"U0127","0767912918","5"
"U0127","043922165X","10"
"U0127","0380732688","4"
"U0127","1854795554","7"
"U0127","0688180639","6"
"U0127","039575514X","3"
"U0127","0156528207","7"
"U0127","2266084372","8"
"U0127","0425139069","9"
"U0127","0195153448","6"
"U0127","0553225987","4"
"U0127","0671027387","8"
"U0127","0451162072","7"
"U0127","0553280333","3"
"U0127","0849943450","10"
"U0127","0380730448","2"
"U0127","0020437501","7"
"U0127","0440224675","8"
"U0127","1558505377","10"
"U0127","3257212054","8"
"U0127","0316789089","7"
"U0128","3596292646","4"
"U0128","0743229878","9"
"U0128","038533334X","7"
"U0128","0312988699","5"
"U0128","0345372700","6"
"U0128","0425169626","9"
"U0128","0553576925","10"
"U0128","3423241489","5"
"U0128","0553280589","9"
"U0128","0671888587","8"
"U0128","0671018930","7"
"U0128","2253063339","4"
"U0128","0060621257","5"
"U0128","193072229X","4"
"U0128","0618119760","10"
"U0128","1555835953","3"
"U0128","3518111000","6"
"U0128","1551668785","8"
"U0128","080652121X","3"
"U0128","0380754509","4"
"U0128","3257201761","4"
"U0128","0060973129","8"
"U0128","0515122408","9"
"U0128","0152012966","5"
"U0128","0451450256","5"
"U0128","0385333404","8"
"U0128","8477830029","3"
"U0128","0373123108","5"
"U0128","0393048977","8"
"U0128","0140253580","6"
"U0128","1563892278","3"
"U0128","0151001006","4"
"U0128","0440235057","2"
"U0128","0439221706","5"
"U0128","0446531332","2"
"U0128","0451410319","7"
"U0129","0670815373","9"
"U0129","0312422156","4"
"U0129","0062507249","5"
"U0129","0425182908","2"
"U0129","0380715899","5"
"U0129","0381999866","8"
"U0129","081296666X","7"
"U0129","0451526341","5"
"U0129","0061030147","4"
"U0129","0590418858","6"
"U0129","042517736X","4"
"U0129","0385730586","10"
"U0129","0060925000","5"
"U0129","0553574167","5"
"U0129","1558746218","2"
"U0129","0385335407","6"
"U0129","0671867156","7"
"U0129","0740700235","6"
"U0129","0060977493","2"
"U0129","0060199563","7"
"U0129","0394559487","3"
"U0129","0064405052","3"
"U0129","0440219078","8"
"U0129","0345335465","7"
"U0129","0140345809","10"
"U0129","0345391691","8"
"U0129","0399137807","3"
"U0129","0553581279","7"
"U0129","0312963009","8"
"U0129","0671004573","9"
"U0129","3257216416","10"
"U0129","0380752115","4"
"U0129","0743418190","6"
"U0129","0130139165","6"
"U0129","0316168815","6"
"U0129","0060930705","3"
"U0129","156971620X","8"
"U0129","0064407667","8"
"U0129","038076654X","9"
"U0129","080521061X","5"
"U0129","0446605484","10"
"U0129","0375406328","7"
"U0130","0679733825","4"
"U0130","0393020371","2"
"U0130","0749748001","10"
"U0130","0812519655","5"
"U0130","0812575954","8"
"U0130","0316969443","10"
"U0130","0385335679","2"
"U0130","0451524489","5"
"U0130","0451205197","10"
"U0130","3257214154","9"
"U0130","0345374657","10"
"U0130","0446364762","5"
"U0130","0684822733","6"
"U0130","068983585X","9"
"U0130","1886383421","8"
"U0130","0020437501","5"
"U0130","0380820447","4"
"U0130","0941423042","5"
"U0130","1575024179","8"
"U0130","0451456548","7"
"U0130","006052779X","9"
"U0130","0743418190","5"
"U0130","0060083298","5"
"U0130","0345424719","7"
"U0130","8807120194","7"
"U0130","0821770209","5"
"U0130","0945586051","8"
"U0130","9681500555","5"
"U0130","0812521129","5"
"U0130","0553564528","5"
"U0130","0375814248","10"
"U0130","0446394521","8"
"U0130","0060563079","7"
"U0130","0449911683","4"
"U0130","1857938011","5"
"U0130","0449006522","7"
"U0130","3502670005","7"
"U0130","0061052523","9"
"U0130","0425161722","9"
"U0130","229000510X","7"
"U0130","0870441663","6"
"U0130","1573225487","5"
"U0130","0062507249","2"
"U0130","0060913509","8"
"U0130","0743444167","3"
"U0130","006017143X","7"
"U0130","0590870157","6"
"U0130","052594463X","9"
"U0130","0898151910","4"
"U0130","1569471096","6"
"U0130","0927545373","8"
"U0130","0525944834","4"
"U0130","0486285529","7"
"U0130","0425176428","3"
"U0130","0786868015","4"
"U0130","0425139069","8"
"U0130","0061076031","6"
"U0131","3442353866","3"
"U0131","0062517856","8"
"U0131","1862047626","6"
"U0131","0425164403","6"
"U0131","3257212429","5"
"U0131","0884111342","7"
"U0131","0316735736","6"
"U0131","0688169678","9"
"U0131","0590947257","8"
"U0131","0449131548","6"
"U0131","0140382658","5"
"U0131","1573229571","8"
"U0131","0312145543","6"
"U0131","0425049981","8"
"U0131","0743412621","4"
"U0131","0450029956","7"
"U0131","0684801221","5"
"U0131","3518111000","4"
"U0131","8429736131","6"
"U0131","1558744150","4"
"U0131","074345829X","3"
"U0131","2253043974","3"
"U0131","1575843366","9"
"U0131","9681500555","4"
"U0131","0451409256","9"
"U0131","0689821166","6"
"U0131","0679865691","7"
"U0131","0590450875","9"
"U0131","0486285529","3"
"U0131","0192815318","3"
"U0131","1858813093","5"
"U0131","0786890436","5"
"U0131","0312252617","5"
"U0131","0440117291","8"
"U0131","0374386676","6"
"U0131","0312965745","8"
"U0131","0316735027","6"
"U0131","8423324311","4"
"U0131","0375509038","6"
"U0131","0374270325","8"
"U0132","0385472951","5"
"U0132","0380752115","9"
"U0132","0446519138","5"
"U0132","0671870432","4"
"U0132","0375410538","4"
"U0132","0451154916","10"
"U0132","0553280589","10"
"U0132","1570717257","6"
"U0132","0671864769","3"
"U0132","0345404793","4"
"U0132","140003180X","4"
"U0132","0786889160","5"
"U0132","0316776963","9"
"U0132","0140370900","6"
"U0132","0345424719","7"
"U0132","0553212583","5"
"U0132","0312145543","10"
"U0132","0380704587","6"
"U0132","0060973129","9"
"U0132","0399138684","9"
"U0132","0425120279","7"
"U0132","0553289063","7"
"U0132","0151001006","5"
"U0132","0394895894","8"
"U0132","0679751343","8"
"U0132","0312890044","6"
"U0132","0316782505","5"
"U0132","0679427430","6"
"U0132","0380710218","10"
"U0132","0446612618","8"
"U0132","0553564528","6"
"U0132","0449001954","3"
"U0132","067170124X","8"
"U0132","0394743741","3"
"U0132","2070417743","6"
"U0132","3257201761","4"
"U0132","0451185277","8"
"U0132","067175145X","8"
"U0132","0380754851","9"
"U0132","0002005018","9"
"U0132","0590418858","6"
"U0132","0446610178","10"
"U0132","0771088191","5"
"U0132","006015781X","6"
"U0132","3257212429","10"
"U0132","0142000205","5"
"U0132","0679450432","9"
"U0132","0071416331","9"
"U0132","207053880X","4"
"U0132","034543191X","5"
"U0132","0425161722","4"
"U0133","0688169678","5"
"U0133","0553569058","4"
"U0133","0452282152","6"
"U0133","0399138684","6"
"U0133","057120354X","2"
"U0133","0446364193","8"
"U0133","0679810307","6"
"U0133","8433914545","5"
"U0133","0446605484","5"
"U0133","0684833395","4"
"U0133","0345416848","7"
"U0133","0553571486","4"
"U0133","0446527165","6"
"U0133","0316748641","7"
"U0133","1575663937","7"
"U0133","0450029956","6"
"U0133","0425163091","6"
"U0133","080213825X","2"
"U0133","0812575482","5"
"U0133","0064472779","4"
"U0133","0440226104","9"
"U0133","0345435869","9"
"U0133","0375814248","7"
"U0133","0140622063","5"
"U0133","229000510X","10"
"U0133","0345356578","6"
"U0133","0425134350","5"
"U0133","039575514X","4"
"U0133","0345369947","9"
"U0133","3257233051","5"
"U0133","015600710X","3"
"U0133","0679429220","8"
"U0133","0373123108","6"
"U0133","0520011171","6"
"U0133","0679423079","3"
"U0133","0451454243","7"
"U0133","0312288115","5"
"U0133","0553561618","4"
"U0133","068484267X","6"
"U0133","0140252800","9"
"U0133","0380973839","2"
"U0133","0374343381","2"
"U0133","0835949362","7"
"U0134","0941423042","8"
"U0134","0590418858","7"
"U0134","0439221676","2"
"U0134","0446672211","3"
"U0134","0060938455","8"
"U0134","3746670055","4"
"U0134","0553210092","4"
"U0134","0553574167","8"
"U0134","0425163091","8"
"U0134","8466601090","4"
"U0134","014036336X","5"
"U0134","0375403582","4"
"U0134","0525947647","5"
"U0134","0374343381","6"
"U0134","039457513X","4"
"U0134","1562477528","6"
"U0134","0374386676","4"
"U0134","0451203046","3"
"U0134","0380002450","3"
"U0134","0823032612","8"
"U0134","0373123108","7"
"U0134","0375414746","8"
"U0134","0375509038","7"
"U0134","0679777431","9"
"U0134","0307001164","9"
"U0134","061312975X","9"
"U0134","0140252800","4"
"U0134","067170124X","8"
"U0134","0671021001","4"
"U0134","1400077826","5"
"U0134","0449207757","8"
"U0134","0670844594","10"
"U0134","0451527747","4"
"U0134","0061050474","6"
"U0134","0786890436","5"
"U0134","0553289063","3"
"U0134","0446612545","6"
"U0134","8483002523","8"
"U0134","0440117291","4"
"U0134","0385508042","9"
"U0134","0866119566","3"
"U0134","0446602086","9"
"U0134","0140107649","9"
"U0134","0449907481","6"
"U0134","0415928087","8"
"U0134","0312283784","8"
"U0134","1551668785","6"
"U0134","0671521519","5"
"U0134","0451523318","6"
"U0134","0312156960","4"
"U0134","0590406019","2"
"U0134","0373245580","9"
"U0134","0446601640","3"
"U0134","0002005018","7"
"U0134","0440415993","5"
"U0134","0030096189","8"
"U0134","0671867113","4"
"U0135","3499110695","4"
"U0135","0671521519","2"
"U0135","0380617625","8"
"U0135","0525943862","4"
"U0135","0740700235","9"
"U0135","0440130913","8"
"U0135","2253004022","10"
"U0135","0927545373","4"
"U0135","043922165X","8"
"U0135","0345429176","5"
"U0135","0449207544","4"
"U0135","0671042858","4"
"U0135","0743229878","7"
"U0135","0590897985","2"
"U0135","0670856045","7"
"U0135","0553272837","8"
"U0135","0425163091","8"
"U0135","0553062042","7"
"U0135","0060977477","7"
"U0135","0316735736","5"
"U0135","0345313860","8"
"U0135","0553571486","9"
"U0135","0836230868","8"
"U0135","0380815923","5"
"U0135","0385730586","10"
"U0135","3502670005","6"
"U0135","0771088191","2"
"U0135","1858813093","9"
"U0135","0373123485","8"
"U0135","0671461494","6"
"U0135","0670035262","4"
"U0136","0375823352","4"
"U0136","014036336X","5"
"U0136","1562827049","10"
"U0136","0787955671","7"
"U0136","0689832877","6"
"U0136","0553564528","4"
"U0136","0446602086","7"
"U0136","0747538069","7"
"U0136","0345371984","6"
"U0136","2253063339","2"
"U0136","0312970242","9"
"U0136","0590431110","6"
"U0136","039456894X","5"
"U0136","0553347594","5"
"U0136","1842040154","3"
"U0136","3499110695","7"
"U0136","0130139165","9"
"U0136","156971620X","7"
"U0136","0195153448","6"
"U0136","1592571301","6"
"U0136","8477830029","9"
"U0136","2253043974","7"
"U0136","1567184294","5"
"U0136","0380820447","4"
"U0136","0446394521","8"
"U0136","0345379454","3"
"U0136","0140293248","3"
"U0136","0440122090","7"
"U0136","0345428900","6"
"U0136","0671004573","6"
"U0136","0394574745","5"
"U0136","0312986769","4"
"U0136","0380710218","9"
"U0136","0375704965","2"
"U0136","0140292918","9"
"U0136","0425139069","6"
"U0136","0866119531","10"
"U0136","0816152446","7"
"U0136","0007100221","10"
"U0136","3257203659","7"
"U0136","0312288115","5"
"U0136","0385511612","4"
"U0136","0671002481","9"
"U0136","0345311396","8"
"U0136","1558505377","4"
"U0136","0553289063","7"
"U0136","0307118703","3"
"U0136","0553280589","10"
"U0136","0679410430","5"
"U0136","0451155750","7"
"U0136","0374386676","7"
"U0136","0312156960","2"
"U0136","0345429176","6"
"U0136","3257212054","8"
"U0137","0316168815","8"
"U0137","3492045642","4"
"U0137","0151008116","6"
"U0137","3442724686","8"
"U0137","0812541642","4"
"U0137","0312980388","6"
"U0137","0451166892","7"
"U0137","0451525221","5"
"U0137","0804106304","4"
"U0137","0786890436","7"
"U0137","0793133955","4"
"U0137","0399147012","5"
"U0137","0786886463","2"
"U0137","0061042943","4"
"U0137","0553280589","9"
"U0137","0393045218","8"
"U0137","1575024179","3"
"U0137","044651747X","9"
"U0137","067170124X","5"
"U0137","3257207522","2"
"U0137","8806142267","6"
"U0137","0671623249","8"
"U0137","0345354931","6"
"U0137","0743418190","8"
"U0137","0425137945","5"
"U0137","0553582682","9"
"U0137","0394178017","3"
"U0137","8486433193","6"
"U0138","0842336214","6"
"U0138","0451205197","9"
"U0138","0965404560","10"
"U0138","2264009306","2"
"U0138","0446605484","3"
"U0138","0553574159","7"
"U0138","0345428544","10"
"U0138","0060973897","8"
"U0138","3257207522","4"
"U0138","0439095026","3"
"U0138","0060913509","6"
"U0138","0449213773","2"
"U0138","0553280333","7"
"U0138","0671004573","2"
"U0138","0061009059","3"
"U0138","0060199563","4"
"U0138","0553580388","8"
"U0138","0060917016","7"
"U0138","1853262404","3"
"U0138","0245542957","6"
"U0138","0312283784","6"
"U0138","0894342789","5"
"U0138","0449911004","8"
"U0138","0380778556","8"
"U0138","0816728739","9"
"U0138","8483007010","3"
"U0138","0793133955","10"
"U0138","0198604025","6"
"U0138","0156047624","10"
"U0138","0452283914","9"
"U0138","0060973129","4"
"U0138","0743213831","7"
"U0138","2871290911","7"
"U0138","0689821166","5"
"U0138","0340767936","10"
"U0138","068983585X","9"
"U0138","0060191929","8"
"U0138","0060563079","5"
"U0138","0446394521","9"
"U0138","0375509038","2"
"U0138","0553285343","3"
"U0138","0446527165","9"
"U0138","0345404777","2"
"U0138","0060938412","4"
"U0138","0671002481","4"
"U0138","0812923278","6"
"U0138","2266084372","6"
"U0138","0671021745","2"
"U0138","0345313860","5"
"U0138","0679603352","7"
"U0138","0671623249","9"
"U0138","0670031046","7"
"U0138","0449131548","7"
"U0138","0684180200","4"
"U0138","0679442790","8"
"U0138","1853260053","4"
"U0138","229000510X","7"
"U0139","1558505377","7"
"U0139","0671867156","6"
"U0139","0425134350","10"
"U0139","3499110695","7"
"U0139","080652121X","3"
"U0139","3499177757","9"
"U0139","0380752115","7"
"U0139","8433914545","6"
"U0139","8478091246","6"
"U0139","0743458303","9"
"U0139","0375759778","2"
"U0139","0385420161","4"
"U0139","0743412621","6"
"U0139","0449005615","9"
"U0139","0671000306","8"
"U0139","0553582909","8"
"U0139","0590514776","7"
"U0139","0446364762","7"
"U0139","1563892278","7"
"U0139","0312872682","8"
"U0139","887641486X","4"
"U0139","3548254268","4"
"U0139","0812519655","3"
"U0139","0440241413","2"
"U0139","0312988699","10"
"U0139","0767912918","8"
"U0139","0823032612","6"
"U0139","0316735027","5"
"U0139","0679429220","3"
"U0139","0688163726","5"
"U0139","0451154916","8"
"U0139","0871138646","5"
"U0140","0446523992","3"
"U0140","8478091246","9"
"U0140","0446672211","5"
"U0140","0312986769","7"
"U0140","0385335679","9"
"U0140","0446364193","3"
"U0140","0060006048","10"
"U0140","0316969443","2"
"U0140","0061064505","4"
"U0140","3404121686","10"
"U0140","0380710218","10"
"U0140","1878424319","6"
"U0140","0152012966","10"
"U0140","0842329129","8"
"U0140","0399138684","10"
"U0140","0345395379","10"
"U0140","2253007102","10"
"U0140","1555835953","7"
"U0140","3499222604","8"
"U0140","0449912302","7"
"U0140","0486206173","7"
"U0140","0553564528","7"
"U0140","038081840X","8"
"U0140","1842040154","8"
"U0140","1563892278","7"
"U0140","0374270325","8"
"U0140","3498020862","7"
"U0140","0064470113","9"
"U0140","0312422156","10"
"U0140","0449006522","9"
"U0140","0151008116","5"
"U0140","0002740230","8"
"U0140","0971880107","7"
"U0140","0440235057","10"
"U0141","0393318435","3"
"U0141","0198320264","8"
"U0141","0875421288","2"
"U0141","0345404793","7"
"U0141","0689832877","5"
"U0141","0385509456","5"
"U0141","0816729913","3"
"U0141","0743206053","4"
"U0141","0517201658","4"
"U0141","0553578693","6"
"U0141","0688169678","5"
"U0141","0380717018","5"
"U0141","0375821813","9"
"U0141","3423241489","5"
"U0141","0743462335","2"
"U0141","0553579673","4"
"U0141","0440222818","4"
"U0141","2080105434","4"
"U0141","0385508042","3"
"U0141","0451526279","6"
"U0141","1558746218","9"
"U0141","0843136685","6"
"U0141","0152162445","6"
"U0141","0375406328","5"
"U0141","0618119760","5"
"U0141","0679410430","7"
"U0141","0670844594","4"
"U0141","0316693006","6"
"U0141","0345378490","7"
"U0141","1842151053","8"
"U0141","0671870432","6"
"U0141","3492045642","4"
"U0141","0002740230","5"
"U0141","0140107649","9"
"U0141","8440616252","8"
"U0141","0449245691","6"
"U0141","0345402871","6"
"U0141","0671021745","5"
"U0141","0849943450","7"
"U0141","0061080519","5"
"U0141","3442446937","3"
"U0141","0316969443","3"
"U0141","0819215635","8"
"U0141","8445071769","4"
"U0141","0380732335","6"
"U0141","0441783589","5"
"U0141","1841952931","3"
"U0141","0452283914","7"
"U0141","051762639X","10"
"U0141","156971620X","8"
"U0141","0517577402","6"
"U0141","1558531025","7"
"U0141","0439042917","9"
"U0142","1561011525","3"
"U0142","0684801221","9"
"U0142","0439221706","6"
"U0142","8478098267","4"
"U0142","0060013117","8"
"U0142","0140370900","5"
"U0142","0064405052","3"
"U0142","0198604025","8"
"U0142","3889774016","3"
"U0142","0345402871","4"
"U0142","0060977477","4"
"U0142","0380973545","4"
"U0142","2264009306","9"
"U0142","0771074670","5"
"U0142","1573225487","3"
"U0142","0446605484","7"
"U0142","1575663937","4"
"U0142","1555834531","9"
"U0142","0312963009","5"
"U0142","1551668785","4"
"U0142","0866119566","9"
"U0142","0941423042","7"
"U0142","0452264464","8"
"U0142","3257212054","4"
"U0142","0679603352","5"
"U0142","8806142267","8"
"U0142","8474103347","5"
"U0142","0449005410","2"
"U0142","0451186648","7"
"U0142","1573228737","3"
"U0142","0449001954","10"
"U0142","1563899388","9"
"U0142","0140293248","2"
"U0142","0140620664","6"
"U0142","0345353625","10"
"U0142","8427007450","3"
"U0142","0877192820","7"
"U0142","3404121686","9"
"U0142","0440441501","5"
"U0142","0671673688","7"
"U0142","887641486X","6"
"U0142","0671870432","6"
"U0142","0449006557","6"
"U0142","0937858994","3"
"U0142","0897322339","5"
"U0142","038549825X","7"
"U0142","0312890044","8"
"U0142","0060801263","5"
"U0142","0966986105","4"
"U0142","0451526279","4"
"U0142","3462021095","3"
"U0142","0618119760","9"
"U0142","0312287240","7"
"U0143","0393048977","8"
"U0143","0590870157","7"
"U0143","0767903579","8"
"U0143","1841721522","6"
"U0143","0553280589","8"
"U0143","0849953014","4"
"U0143","0394178017","6"
"U0143","0816728739","4"
"U0143","0812575954","4"
"U0143","0373871562","5"
"U0143","0670031046","5"
"U0143","2080105434","6"
"U0143","0060173289","7"
"U0143","0425184226","6"
"U0143","0345305477","5"
"U0143","0971880107","8"
"U0143","0140104682","6"
"U0143","034543191X","8"
"U0143","0553212583","8"
"U0143","0684867818","6"
"U0143","0375705856","6"
"U0143","0553258524","4"
"U0143","0156528207","5"
"U0143","0061040967","9"
"U0143","0385335407","9"
"U0143","0452282152","8"
"U0143","0451625889","2"
"U0143","0385316895","5"
"U0143","0140382658","6"
"U0143","1841952931","9"
"U0143","0945586051","6"
"U0143","0439061644","8"
"U0143","0307215342","5"
"U0143","0743229878","7"
"U0143","0515134368","4"
"U0144","2253005274","8"
"U0144","0316789089","8"
"U0144","0316116025","4"
"U0144","0449134482","2"
"U0144","1841721522","9"
"U0144","0451195663","5"
"U0144","0385496907","4"
"U0144","0451188209","10"
"U0144","0451154916","6"
"U0144","0385424728","7"
"U0144","0375801677","6"
"U0144","0380619458","8"
"U0144","0486272745","4"
"U0144","0385503857","10"
"U0144","0671021001","10"
"U0144","0553225987","3"
"U0144","0743418190","4"
"U0144","0316693200","5"
"U0144","0060563079","9"
"U0144","0061052515","4"
"U0144","0394559487","4"
"U0144","0195086295","9"
"U0144","0316171107","10"
"U0144","0520011171","8"
"U0144","0743406176","4"
"U0144","0140250964","7"
"U0144","0553101439","8"
"U0144","1558531025","3"
"U0144","0140622063","7"
"U0144","0670855758","8"
"U0144","0060938455","6"
"U0144","0671021745","8"
"U0144","3442098424","2"
"U0145","0553582747","4"
"U0145","0316782505","5"
"U0145","0609804618","5"
"U0145","8445071777","4"
"U0145","1559703237","7"
"U0145","0140292918","3"
"U0145","0618173870","5"
"U0145","068983585X","4"
"U0145","0399144463","6"
"U0145","0385424728","7"
"U0145","0380754509","6"
"U0145","0516076272","7"
"U0145","0525944834","3"
"U0145","0486285529","8"
"U0145","0446602086","8"
"U0145","0394895894","5"
"U0145","0962893862","8"
"U0145","080213825X","9"
"U0145","0140250964","3"
"U0145","0743412621","6"
"U0145","0152012966","6"
"U0145","0439221706","8"
"U0145","0743213831","8"
"U0145","080901582X","5"
"U0145","0345424719","7"
"U0145","038533334X","3"
"U0145","0679810307","4"
"U0145","3423116714","8"
"U0145","0312287240","9"
"U0145","3257210450","8"
"U0145","0767912918","4"
"U0146","0449005615","10"
"U0146","0345356578","7"
"U0146","0875421288","7"
"U0146","0898151910","5"
"U0146","0553347594","4"
"U0146","0446610399","2"
"U0146","0684824442","4"
"U0146","0060809027","9"
"U0146","0812523873","4"
"U0146","0060932759","5"
"U0146","0061050474","4"
"U0146","006015781X","6"
"U0146","0525947647","5"
"U0146","0446523569","3"
"U0146","0312143370","8"
"U0146","0140622063","7"
"U0146","0374343381","6"
"U0146","0060558865","6"
"U0146","0425179672","7"
"U0146","0961769947","8"
"U0146","2253063339","8"
"U0146","0375410538","7"
"U0146","0380754509","6"
"U0146","3498020862","9"
"U0146","0061000280","7"
"U0146","0452277337","9"
"U0146","081296666X","4"
"U0146","0140065172","8"
"U0146","0440117291","7"
"U0146","0553225987","4"
"U0146","1552041778","4"
"U0146","0451185277","8"
"U0146","0679725393","4"
"U0146","0142000205","6"
"U0146","0374157065","7"
"U0146","0312872682","4"
"U0146","0449131548","5"
"U0146","0061099325","6"
"U0146","0671870432","7"
"U0146","0020437501","3"
"U0146","0061064505","7"
"U0146","0307001164","5"
"U0146","0380778556","7"
"U0146","0061030147","3"
"U0146","0671525794","8"
"U0146","0064470113","8"
"U0146","0671002481","7"
"U0146","0425181111","8"
"U0146","042512892X","9"
"U0146","0394178017","8"
"U0147","0440234743","2"
"U0147","0525943862","10"
"U0147","156718796X","6"
"U0147","0440225701","5"
"U0147","0064407667","3"
"U0147","0449207544","8"
"U0147","0345305477","7"
"U0147","0451454243","7"
"U0147","1862047626","9"
"U0147","0812519655","4"
"U0147","0440234964","8"
"U0147","0803251718","3"
"U0147","067170124X","4"
"U0147","0486292940","7"
"U0147","3404118960","8"
"U0147","0445402040","10"
"U0147","0345369947","7"
"U0147","0002005018","3"
"U0147","3889774016","3"
"U0147","0688169678","6"
"U0147","0785263292","7"
"U0147","0590947257","9"
"U0147","1880185008","5"
"U0147","0515122408","8"
"U0147","0446605484","3"
"U0147","0446364193","2"
"U0147","0440122090","8"
"U0147","0394178017","4"
"U0147","3257214154","4"
"U0147","0380012863","7"
"U0147","0425124347","10"
"U0147","0449245691","6"
"U0147","0743411269","7"
"U0147","0373123108","3"
"U0147","0307001164","8"
"U0147","0446606197","7"
"U0147","0812523873","2"
"U0147","0786913878","9"
"U0147","0380820447","5"
"U0147","0156528207","4"
"U0147","0395710901","8"
"U0147","1900850303","10"
"U0147","0689832877","7"
"U0147","8472227421","5"
"U0147","034543191X","8"
"U0147","0446527793","5"
"U0147","3442353866","8"
"U0147","0449912302","5"
"U0147","0374386676","5"
"U0147","0451409256","7"
"U0147","0375509038","8"
"U0147","0451410319","5"
"U0147","0312963009","7"
"U0147","0451524489","5"
"U0147","0435272683","8"
"U0148","3423116714","6"
"U0148","0440949424","9"
"U0148","0060188731","4"
"U0148","0385508042","7"
"U0148","0375719180","6"
"U0148","084994371X","9"
"U0148","0452283914","5"
"U0148","0743439740","4"
"U0148","0600586898","8"
"U0148","0060914068","4"
"U0148","0140067477","8"
"U0148","038081840X","6"
"U0148","0451195663","6"
"U0148","207053880X","8"
"U0148","0373196741","4"
"U0148","0446527793","3"
"U0148","0553580388","9"
"U0148","1561011525","5"
"U0148","0345372700","2"
"U0148","0380715899","7"
"U0148","0140620427","4"
"U0148","0140065172","5"
"U0148","0152162445","8"
"U0148","1567407781","2"
"U0148","0671000306","8"
"U0148","0553298860","5"
"U0148","3257210450","7"
"U0148","1559703237","8"
"U0148","0312288115","4"
"U0148","3570300099","4"
"U0148","0743458303","8"
"U0148","042512892X","6"
"U0148","0345348036","3"
"U0148","0439221684","3"
"U0148","0385497466","9"
"U0148","044022165X","8"
"U0148","0452277337","8"
"U0148","3404921038","6"
"U0148","0385424728","5"
"U0148","0030096189","8"
"U0149","0385416342","5"
"U0149","0452277337","9"
"U0149","8483007010","10"
"U0149","0553583468","10"
"U0149","1405200677","5"
"U0149","0385306032","6"
"U0149","0060913509","10"
"U0149","8478091246","9"
"U0149","038542471X","7"
"U0149","0415928087","9"
"U0149","0688169678","10"
"U0149","0446612618","7"
"U0149","0765341972","7"
"U0149","0940322978","8"
"U0149","0449207595","8"
"U0149","0380728729","5"
"U0149","0345424719","9"
"U0149","0394551427","7"
"U0149","3499151502","7"
"U0149","0380817144","5"
"U0149","0450029956","3"
"U0149","0747549923","7"
"U0149","0245542957","8"
"U0149","0345428900","10"
"U0149","0804111359","7"
"U0149","0553210092","10"
"U0149","0486285529","6"
"U0149","0515127833","4"
"U0149","0684864843","7"
"U0149","039457513X","4"
"U0149","0380752115","4"
"U0149","1579651658","7"
"U0149","0684717255","6"
"U0149","0330484516","9"
"U0149","0345416848","3"
"U0149","0449005410","7"
"U0149","0375509038","9"
"U0149","0060938412","9"
"U0149","1552041778","7"
"U0149","0446523992","6"
"U0149","0812523385","8"
"U0149","0020442408","7"
"U0149","0670035262","8"
"U0149","0061052515","9"
"U0149","0891091963","6"
"U0149","0743444167","8"
"U0149","0679767789","10"
"U0149","0140065172","9"
"U0149","0142000205","9"
"U0149","0679450432","9"
"U0150","0140345809","8"
"U0150","051762639X","5"
"U0150","0373750013","4"
"U0150","0060192631","9"
"U0150","0451186648","5"
"U0150","0609606727","5"
"U0150","0688180639","4"
"U0150","0743458303","5"
"U0150","0140065172","6"
"U0150","0553256785","2"
"U0150","0425134350","5"
"U0150","0786868015","7"
"U0150","1853260673","5"
"U0150","1573229148","5"
"U0150","0800706544","9"
"U0150","1573228737","8"
"U0150","0553569058","7"
"U0150","0026329859","9"
"U0150","156971620X","8"
"U0150","0819154946","7"
"U0150","0440211727","4"
"U0150","0312145543","8"
"U0150","0553580388","9"
"U0150","0316969443","5"
"U0150","0553225987","4"
"U0150","0380538504","4"
"U0150","3442098424","7"
"U0150","0060987103","5"
"U0150","0061076031","5"
"U0150","0062507249","5"
"U0150","0425113892","10"
"U0150","0345379454","8"
"U0150","080411952X","7"
"U0150","3498020862","2"
"U0150","0767912918","7"
"U0150","0393045218","10"
"U0150","0965404560","6"
"U0150","0440130913","7"
"U0150","0743411269","7"
"U0150","0312986769","6"
"U0150","0345429176","6"
"U0150","0446325805","8"
"U0150","0060973897","8"
"U0150","0451527747","5"
"U0150","0452283914","8"
"U0150","0451195663","8"
"U0150","0440234743","7"
"U0150","0609804618","7"
"U0150","0812523873","6"
"U0150","0803251718","4"
"U0151","034543191X","7"
"U0151","0743418190","6"
"U0151","0439042917","8"
"U0151","0671742566","5"
"U0151","0375410538","5"
"U0151","225300670X","6"
"U0151","0340767936","7"
"U0151","051762639X","8"
"U0151","081296666X","6"
"U0151","0905762487","3"
"U0151","0684864843","4"
"U0151","0451409256","3"
"U0151","0940322978","8"
"U0151","0345465083","2"
"U0151","0819154946","6"
"U0151","0446523569","9"
"U0151","0345416848","8"
"U0151","0590947257","9"
"U0151","0749748028","9"
"U0151","0399138684","4"
"U0151","8486433193","5"
"U0151","8445071769","4"
"U0152","2264009306","5"
"U0152","1563898586","6"
"U0152","0679425608","9"
"U0152","0553202294","2"
"U0152","0440225701","9"
"U0152","0553569058","8"
"U0152","1573225126","8"
"U0152","0671023616","4"
"U0152","0452283914","8"
"U0152","1551668785","5"
"U0152","0895872102","5"
"U0152","1567184294","9"
"U0152","1558505377","5"
"U0152","8429734996","5"
"U0152","0373123108","9"
"U0152","0312995431","5"
"U0152","0060199563","7"
"U0152","0064405052","3"
"U0152","0786890436","3"
"U0152","1888451084","8"
"U0152","0679427430","5"
"U0152","0671525832","7"
"U0152","1854795554","8"
"U0152","1563410443","2"
"U0152","0446602086","10"
"U0152","0399137807","3"
"U0152","0963094424","7"
"U0152","0380619458","7"
"U0152","0688169678","2"
"U0152","0380718332","7"
"U0152","0743245024","3"
"U0152","8472227421","6"
"U0152","0345313097","6"
"U0152","0425178242","8"
"U0152","0307215342","7"
"U0152","0452264464","7"
"U0152","0064472264","5"
"U0152","0517201658","5"
"U0152","0671027387","8"
"U0152","0449207757","9"
"U0152","0061096091","9"
"U0152","0345297709","7"
"U0152","0804001944","6"
"U0152","0812524853","2"
"U0152","0807565288","5"
"U0152","0590897985","8"
"U0152","0375823468","8"
"U0152","039914563X","10"
"U0152","0440222303","9"
"U0152","0439569842","5"
"U0153","0842342702","8"
"U0153","081296666X","6"
"U0153","0375410538","5"
"U0153","0440130913","7"
"U0153","0380709260","3"
"U0153","0385497466","5"
"U0153","0684180200","8"
"U0153","8478098267","2"
"U0153","0905762487","3"
"U0153","0380730138","8"
"U0153","0435272683","5"
"U0153","3257216416","3"
"U0153","2253043974","6"
"U0153","0816152446","7"
"U0153","076218857X","7"
"U0153","0486284735","6"
"U0153","0890877564","8"
"U0153","0440117291","9"
"U0153","185479549X","7"
"U0153","0140293248","8"
"U0153","006017143X","8"
"U0153","0553278746","6"
"U0153","0671461494","5"
"U0153","2080105434","6"
"U0153","0345369068","9"
"U0153","0439569842","2"
"U0153","055321215X","7"
"U0153","0425166619","5"
"U0153","8806142267","5"
"U0153","0671868713","5"
"U0153","0446300101","4"
"U0153","1561672033","2"
"U0153","0440225078","2"
"U0153","0425137945","4"
"U0153","0679777431","8"
"U0153","0451525221","3"
"U0153","0689821166","4"
"U0154","0385335679","5"
"U0154","0312986769","7"
"U0154","0749748028","5"
"U0154","0060930187","5"
"U0154","1563899388","3"
"U0154","0394574745","4"
"U0154","0380820447","4"
"U0154","3257212429","3"
"U0154","8806142267","6"
"U0154","0671870432","6"
"U0154","0373196989","5"
"U0154","0679801146","6"
"U0154","0553107305","7"
"U0154","0345395379","4"
"U0154","0060934719","5"
"U0154","0767908473","8"
"U0154","0785815147","2"
"U0154","0812575954","3"
"U0154","0380619458","8"
"U0154","0887841740","4"
"U0154","0553280589","7"
"U0154","0140620664","4"
"U0154","0425137945","7"
"U0154","3492045642","5"
"U0154","0679865691","8"
"U0154","0800706544","7"
"U0154","042511774X","9"
"U0154","3257233051","4"
"U0154","0679810307","5"
"U0154","0375751513","6"
"U0154","043922165X","6"
"U0154","0151008116","10"
"U0154","0451197275","3"
"U0155","0312206763","6"
"U0155","3498020862","8"
"U0155","0380715899","4"
"U0155","0446523569","9"
"U0155","0515134368","6"
"U0155","0312261594","6"
"U0155","0060977493","7"
"U0155","3502670005","2"
"U0155","0380728729","7"
"U0155","0889740828","8"
"U0155","0345369068","8"
"U0155","0312252617","4"
"U0155","0375801677","3"
"U0155","0812575954","6"
"U0155","1569871213","8"
"U0155","0749748001","9"
"U0155","0312143370","9"
"U0155","1570717257","10"
"U0155","0060199563","8"
"U0155","0894342789","10"
"U0155","0743230051","4"
"U0155","0449911683","2"
"U0155","0671694049","7"
"U0155","1579651658","7"
"U0155","0385472951","2"
"U0155","0449001954","7"
"U0155","8445071408","2"
"U0155","0679751343","6"
"U0155","0195153448","10"
"U0155","2264009306","7"
"U0155","0385511612","4"
"U0155","0590947257","4"
"U0155","0590598848","5"
"U0155","0385504209","6"
"U0155","3499177757","8"
"U0155","0385508042","5"
"U0155","3492207006","4"
"U0155","0425184129","9"
"U0155","0898151910","7"
"U0155","0449209121","6"
"U0155","0375414746","2"
"U0155","0892967994","4"
"U0155","074322678X","4"
"U0155","0671870432","6"
"U0155","0385479689","5"
"U0155","0671021745","6"
"U0155","0440117291","9"
"U0155","0312422156","3"
"U0155","0451454243","6"
"U0155","0897322339","7"
"U0155","1573228737","8"
"U0155","0312963009","3"
"U0155","0440218535","9"
"U0155","0345433173","2"
"U0155","2266084372","6"
"U0155","0060927240","4"
"U0156","0941423042","6"
"U0156","0688048730","6"
"U0156","0440234743","5"
"U0156","2253007102","8"
"U0156","0590406019","9"
"U0156","0671027360","7"
"U0156","0553347594","8"
"U0156","0670856045","8"
"U0156","3570300099","7"
"U0156","0373250339","6"
"U0156","0439042917","6"
"U0156","0375400117","9"
"U0156","0394578791","9"
"U0156","0140622063","7"
"U0156","0875421288","7"
"U0156","8806142267","7"
"U0156","0385730586","3"
"U0156","0449212084","3"
"U0156","0345429176","5"
"U0156","0679442790","7"
"U0156","0743211383","7"
"U0156","0312288115","3"
"U0156","1842151053","10"
"U0156","1575843366","9"
"U0156","0425120279","4"
"U0156","0071416331","7"
"U0156","0446364762","5"
"U0156","9681500555","6"
"U0156","0486285529","9"
"U0156","0449005410","8"
"U0156","3257214154","6"
"U0156","0345354931","8"
"U0156","080521061X","2"
"U0156","0449006522","7"
"U0156","0064470113","4"
"U0156","0140345809","10"
"U0156","0312195516","2"
"U0156","0375751513","5"
"U0156","0449006557","4"
"U0156","0451202341","6"
"U0156","8486433193","3"
"U0156","8420639133","6"
"U0156","039575514X","5"
"U0156","0515118656","5"
"U0156","0385505833","6"
"U0156","1841721522","6"
"U0156","0316973742","9"
"U0156","0307215342","7"
"U0157","3442446937","4"
"U0157","0937858994","9"
"U0157","0671002481","6"
"U0157","0449006522","6"
"U0157","0425176428","4"
"U0157","0140622063","5"
"U0157","0385503857","6"
"U0157","0449209121","3"
"U0157","0743245024","9"
"U0157","0816729913","7"
"U0157","0020442408","4"
"U0157","051513290X","5"
"U0157","0345346971","3"
"U0157","0670031046","2"
"U0157","080521061X","4"
"U0157","0385730586","5"
"U0157","0849943450","3"
"U0157","0679725393","5"
"U0157","0965404560","4"
"U0157","2253005274","4"
"U0157","0679801146","2"
"U0157","039304016X","6"
"U0157","0684193957","9"
"U0157","0449131548","8"
"U0157","0671621009","7"
"U0157","0449001954","4"
"U0157","0312288115","3"
"U0157","0195086295","9"
"U0157","8420639133","5"
"U0157","0671623249","7"
"U0157","0156528207","3"
"U0157","0785815147","8"
"U0157","140003180X","9"
"U0157","0449207595","9"
"U0157","0007100221","6"
"U0157","0393020371","5"
"U0157","0451181379","7"
"U0157","0679427430","5"
"U0157","8478098267","5"
"U0157","0345353625","7"
"U0157","0449005410","3"
"U0157","0060006048","7"
"U0157","0440234743","9"
"U0157","0486272664","6"
"U0157","0316973742","6"
"U0157","0060973129","6"
"U0157","0316602906","4"
"U0157","0375500766","5"
"U0157","0743213831","8"
"U0157","3257208634","9"
"U0157","039457513X","6"
"U0157","0445402040","6"
"U0157","0440130913","3"
"U0157","0345372700","8"
"U0158","1879384493","8"
"U0158","0895774666","8"
"U0158","0451454243","9"
"U0158","0345379454","6"
"U0158","0446310786","4"
"U0158","0451195663","8"
"U0158","0316693200","6"
"U0158","0964778319","5"
"U0158","3257208634","7"
"U0158","0446394521","3"
"U0158","0440415993","4"
"U0158","0373037430","9"
"U0158","0965404560","6"
"U0158","0684824442","7"
"U0158","0375704965","6"
"U0158","0375823468","8"
"U0158","0767908473","7"
"U0158","0553280589","8"
"U0158","0373484100","10"
"U0158","1857938011","4"
"U0158","0140620427","5"
"U0158","0684864843","7"
"U0158","0590225170","3"
"U0158","8472224260","8"
"U0158","8477830029","5"
"U0158","0345428900","8"
"U0158","0385497466","10"
"U0158","0446602086","8"
"U0158","0890877564","7"
"U0158","0807070718","6"
"U0158","0812923278","3"
"U0159","0571209521","3"
"U0159","0440235057","8"
"U0159","0684833395","6"
"U0159","076218857X","8"
"U0159","039914370X","8"
"U0159","0767908473","3"
"U0159","0440234964","4"
"U0159","0394578791","5"
"U0159","0440130913","4"
"U0159","0963094424","8"
"U0159","0743458303","8"
"U0159","0446610399","6"
"U0159","0312206763","6"
"U0159","0767903285","7"
"U0159","0312143370","5"
"U0159","0446612545","9"
"U0159","0380754851","8"
"U0159","1567920047","4"
"U0159","0373123485","9"
"U0159","0345356578","7"
"U0159","0618173870","10"
"U0159","0425174484","9"
"U0159","1570717257","6"
"U0159","0590629719","4"
"U0159","055358099X","6"
"U0159","0679603352","7"
"U0159","0312872682","8"
"U0159","0849916399","4"
"U0159","0425137945","9"
"U0160","0060987103","8"
"U0160","0446602086","7"
"U0160","0374270325","7"
"U0160","0905762487","6"
"U0160","0449005410","4"
"U0160","0142000205","7"
"U0160","0375705856","6"
"U0160","0671023616","6"
"U0160","0807070718","7"
"U0160","0446394521","8"
"U0160","0060083298","8"
"U0160","0516076272","5"
"U0160","0880011025","4"
"U0160","0897322339","2"
"U0160","0451208080","8"
"U0160","0446677450","5"
"U0160","0312206763","6"
"U0160","0449209121","2"
"U0160","0679425608","6"
"U0160","0743403843","4"
"U0160","0965404560","10"
"U0160","3442353866","8"
"U0160","0449245691","7"
"U0160","0486284735","4"
"U0160","2253063339","7"
"U0161","0452277337","6"
"U0161","0375801677","3"
"U0161","0446364762","4"
"U0161","0380815923","4"
"U0161","1575024179","5"
"U0161","0375751513","4"
"U0161","0679427430","3"
"U0161","2871290911","9"
"U0161","0451162072","8"
"U0161","0451188209","9"
"U0161","0316314927","6"
"U0161","0393321576","5"
"U0161","1555834531","5"
"U0161","0671042556","6"
"U0161","0345402871","7"
"U0161","0062517856","3"
"U0161","0553581279","7"
"U0161","0670892963","2"
"U0161","3746670055","10"
"U0161","0060192631","5"
"U0161","0380792664","6"
"U0161","3492207006","4"
"U0161","0140185216","6"
"U0161","8478098267","6"
"U0161","0671649949","2"
"U0161","0393020371","6"
"U0162","0819215635","6"
"U0162","0064472779","3"
"U0162","0020442408","8"
"U0162","8478800336","2"
"U0162","0688169678","2"
"U0162","0505524996","7"
"U0162","0373245696","5"
"U0162","0440234743","8"
"U0162","0395710901","3"
"U0162","8423324311","4"
"U0162","055356451X","4"
"U0162","0749748001","9"
"U0162","0312963009","6"
"U0162","0684822733","8"
"U0162","0425120279","3"
"U0162","1563898586","7"
"U0162","0804106304","9"
"U0162","0945586051","6"
"U0162","0140021566","5"
"U0162","8484509141","7"
"U0162","1877727083","4"
"U0162","0679427430","9"
"U0162","0140253580","4"
"U0162","0312143370","7"
"U0162","0671621009","8"
"U0162","0786889705","7"
"U0162","0060173289","4"
"U0162","0140382658","4"
"U0162","0927545373","3"
"U0162","0451162072","6"
"U0162","0679801146","8"
"U0162","0671525832","7"
"U0162","0380619458","8"
"U0162","0743213831","6"
"U0162","006015781X","3"
"U0162","0385503857","8"
"U0162","3492207006","8"
"U0162","0440224829","3"
"U0163","0393318435","4"
"U0163","0425049981","3"
"U0163","0385505833","9"
"U0163","0449207595","9"
"U0163","0375814248","4"
"U0163","0446523569","7"
"U0163","0688180639","2"
"U0163","0684801221","5"
"U0163","0030096189","8"
"U0163","039457513X","6"
"U0163","0375759778","9"
"U0163","0679733825","8"
"U0163","0884111342","5"
"U0163","068983571X","7"
"U0163","0316748641","4"
"U0163","0440234743","6"
"U0163","0743211383","4"
"U0163","0804117934","5"
"U0163","042512892X","2"
"U0163","0446608653","4"
"U0163","0449006557","9"
"U0163","0671864769","7"
"U0163","8472238822","8"
"U0163","0486284735","7"
"U0163","0440949424","8"
"U0164","0849943450","3"
"U0164","0451203046","4"
"U0164","0771074670","5"
"U0164","1854795554","5"
"U0164","0684854953","6"
"U0164","0743222229","2"
"U0164","0440223571","9"
"U0164","0312282990","5"
"U0164","0941423042","7"
"U0164","1576737357","5"
"U0164","0071416331","8"
"U0164","0064472264","5"
"U0164","0142000205","7"
"U0164","0316693200","8"
"U0164","0385335407","3"
"U0164","038533334X","6"
"U0164","0449245691","2"
"U0164","0385497679","9"
"U0164","0312906552","8"
"U0164","0380538504","7"
"U0164","074322678X","4"
"U0164","0449207757","8"
"U0164","0671027387","8"
"U0164","8445071408","3"
"U0164","0451526341","10"
"U0164","8478098267","6"
"U0164","0393030342","5"
"U0164","0373123485","4"
"U0164","3257208669","10"
"U0164","8429736131","9"
"U0164","0316969443","4"
"U0164","0385420161","7"
"U0164","0452283914","7"
"U0164","0812523873","8"
"U0164","0064472779","9"
"U0164","0345335465","7"
"U0164","0671021745","6"
"U0164","0807565288","4"
"U0164","0380728273","2"
"U0164","051762639X","9"
"U0164","0451450256","4"
"U0164","0486282112","4"
"U0164","0743458303","6"
"U0164","0399144463","8"
"U0164","887641486X","5"
"U0164","1877727083","5"
"U0164","0399137807","5"
"U0164","0819154946","7"
"U0165","080521061X","4"
"U0165","3570300099","9"
"U0165","1555835953","9"
"U0165","0684848783","9"
"U0165","0060938455","9"
"U0165","067175145X","5"
"U0165","0618119760","7"
"U0165","0451166892","6"
"U0165","0060934719","8"
"U0165","0425176428","5"
"U0165","0312143370","4"
"U0165","081296666X","6"
"U0165","0684854953","3"
"U0165","0671888587","4"
"U0165","0821775863","4"
"U0165","0060927240","7"
"U0165","0670855758","7"
"U0165","0380815923","5"
"U0165","0553347594","6"
"U0165","0670892963","4"
"U0165","051513290X","8"
"U0165","0802114369","8"
"U0165","0446325805","2"
"U0165","0156528207","4"
"U0165","0373037430","5"
"U0165","0061040967","6"
"U0165","006015781X","2"
"U0165","0786913878","6"
"U0165","0440219604","2"
"U0165","0884111342","4"
"U0165","0345395379","9"
"U0165","067176537X","8"
"U0165","0394820371","4"
"U0165","0684822733","7"
"U0165","1400077826","3"
"U0165","1592571301","6"
"U0165","0679427430","9"
"U0165","0394743741","6"
"U0165","0394551427","6"
"U0165","0786015276","8"
"U0165","0446605484","6"
"U0165","0395710901","7"
"U0165","0394178017","8"
"U0165","0312156960","3"
"U0165","0060923245","6"
"U0165","0553579681","3"
"U0165","0618173870","6"
"U0165","0380973545","6"
"U0165","0609605925","7"
"U0165","0060013117","4"
"U0166","8807120194","6"
"U0166","0870441663","8"
"U0166","0151001006","7"
"U0166","0671504282","6"
"U0166","0198604025","9"
"U0166","0394743741","10"
"U0166","1567184294","2"
"U0166","0375500766","6"
"U0166","0451208080","4"
"U0166","0380817144","5"
"U0166","0385306032","4"
"U0166","0380792664","8"
"U0166","0894342789","3"
"U0166","9681500555","5"
"U0166","3596292646","2"
"U0166","0449134482","6"
"U0166","3498020862","4"
"U0166","0060930365","6"
"U0166","1573229148","4"
"U0166","3442724686","6"
"U0166","0449131548","9"
"U0166","042517736X","8"
"U0166","1575024179","6"
"U0166","0061050474","5"
"U0166","0449006557","5"
"U0166","0380788497","5"
"U0166","0312963009","6"
"U0166","0786886463","10"
"U0166","0451456548","5"
"U0166","0849943450","8"
"U0166","0684848783","9"
"U0166","9724119378","5"
"U0166","0060973897","6"
"U0166","0940322978","6"
"U0167","1575663937","7"
"U0167","0451208080","5"
"U0167","0600586898","6"
"U0167","0812523385","8"
"U0167","0060915544","6"
"U0167","0316969443","8"
"U0167","0671888587","7"
"U0167","0060804157","4"
"U0167","0345465083","6"
"U0167","0516076272","5"
"U0167","0393048977","8"
"U0167","2871290911","8"
"U0167","0553347594","7"
"U0167","0590514776","3"
"U0167","0743411269","9"
"U0167","0316973742","10"
"U0167","8475960936","9"
"U0167","0689821166","6"
"U0167","0060987103","7"
"U0167","0894342789","4"
"U0167","0671047612","7"
"U0167","0375726403","8"
"U0167","0394820371","8"
"U0167","0312980388","6"
"U0167","067103619X","3"
"U0167","1552041778","2"
"U0167","0312422156","6"
"U0167","0449911004","5"
"U0167","0740700235","5"
"U0167","0671673688","5"
"U0167","0151008116","6"
"U0167","0140622063","6"
"U0167","0812923278","9"
"U0168","0385497466","4"
"U0168","3596292646","5"
"U0168","0670815373","3"
"U0168","0026329859","5"
"U0168","0804106304","5"
"U0168","0451202341","10"
"U0168","0671021001","8"
"U0168","0451206673","6"
"U0168","1878424319","4"
"U0168","0451523415","3"
"U0168","0671504282","8"
"U0168","0963094424","8"
"U0168","0819215635","4"
"U0168","0451205197","7"
"U0168","0394578791","6"
"U0168","0060173289","8"
"U0168","0670035262","9"
"U0168","0450029956","4"
"U0168","0743245024","4"
"U0168","0671521519","7"
"U0168","0449213773","4"
"U0168","074322678X","6"
"U0168","0375403582","3"
"U0168","0590225170","5"
"U0168","1854795554","7"
"U0169","0380788497","6"
"U0169","0452264464","8"
"U0169","014036336X","6"
"U0169","3499110695","3"
"U0169","0312980388","5"
"U0169","0375751513","4"
"U0169","8474103347","4"
"U0169","0671649949","6"
"U0169","0803233019","6"
"U0169","0380709260","2"
"U0169","0061042943","7"
"U0169","0345404793","5"
"U0169","0670031046","6"
"U0169","0060914068","6"
"U0169","0393020371","7"
"U0169","030720152X","7"
"U0169","0373871562","6"
"U0169","0385508042","8"
"U0169","0064405052","5"
"U0169","0553278223","6"
"U0169","0345305477","7"
"U0169","074322678X","6"
"U0169","0060801263","3"
"U0169","0380728273","8"
"U0169","0486206173","3"
"U0169","0671525832","3"
"U0169","0767903579","9"
"U0169","0679810307","9"
"U0169","0375726403","5"
"U0169","0553289063","8"
"U0169","0440235057","8"
"U0169","1853260053","6"
"U0169","8472224260","2"
"U0169","0890877564","7"
"U0169","0385314019","7"
"U0169","0380759497","7"
"U0169","076218857X","10"
"U0169","0749748001","7"
"U0169","0793133955","6"
"U0169","0061000280","5"
"U0169","1559703237","7"
"U0169","0590419625","7"
"U0169","1842151053","7"
"U0169","0345370740","3"
"U0169","0971880107","6"
"U0169","0399138684","4"
"U0169","0061064505","7"
"U0169","0425049981","5"
"U0169","0345260317","5"
"U0169","8472227421","5"
"U0169","0945586051","9"
"U0169","067176537X","7"
"U0169","8445071769","9"
"U0170","0446605484","7"
"U0170","0821775863","7"
"U0170","0061076031","5"
"U0170","155874262X","9"
"U0170","1575663937","5"
"U0170","8483002523","7"
"U0170","0812521129","7"
"U0170","0743411269","6"
"U0170","006102063X","5"
"U0170","0590225170","4"
"U0170","0553574159","5"
"U0170","0380807866","5"
"U0170","9724119378","6"
"U0170","0451523415","10"
"U0170","0345311396","5"
"U0170","0380709260","5"
"U0170","0385505833","9"
"U0170","0743406176","6"
"U0170","0679401377","9"
"U0170","0842336214","5"
"U0170","0786863986","5"
"U0170","0679410430","10"
"U0170","039914739X","5"
"U0170","0316693200","6"
"U0170","1561561428","7"
"U0170","0684717255","3"
"U0170","0394178017","6"
"U0171","0553581279","7"
"U0171","0375751513","2"
"U0171","3499177757","5"
"U0171","0849943728","7"
"U0171","067153484X","7"
"U0171","006015781X","3"
"U0171","0316168815","9"
"U0171","0671027360","4"
"U0171","0945586051","6"
"U0171","0446606197","4"
"U0171","0439569842","8"
"U0171","0787955671","4"
"U0171","3404921038","7"
"U0171","0312906552","3"
"U0171","0670892963","2"
"U0171","0771074670","7"
"U0171","3462021095","2"
"U0171","225300670X","7"
"U0171","0684854953","8"
"U0171","0394586239","9"
"U0171","0600586898","8"
"U0171","0884111342","5"
"U0171","0553279572","3"
"U0171","0449002632","8"
"U0171","0684824442","8"
"U0171","0972044205","8"
"U0171","0439042917","8"
"U0171","0505524996","9"
"U0171","0440949424","4"
"U0171","0451454243","6"
"U0171","3257208669","5"
"U0171","0060192631","10"
"U0171","0061052515","4"
"U0171","156971620X","5"
"U0171","0895774666","10"
"U0171","0312890044","8"
"U0171","0156528207","8"
"U0171","0679801146","7"
"U0171","0821775863","4"
"U0171","0446325805","8"
"U0171","3257216416","4"
"U0171","0451452755","2"
"U0171","0671525832","8"
"U0171","0836230868","7"
"U0171","0425174484","6"
"U0171","0812524853","9"
"U0171","0142001740","7"
"U0171","0425184129","3"
"U0171","1576737357","8"
"U0171","0140292918","2"
"U0171","3502670005","10"
"U0171","1841952931","4"
"U0171","0380704587","4"
"U0171","0520011171","9"
"U0171","0425176428","5"
"U0171","9724119378","10"
"U0172","8445071408","7"
"U0172","0821750410","6"
"U0172","3492207006","3"
"U0172","0440226694","8"
"U0172","0842329129","7"
"U0172","081296666X","9"
"U0172","0553579673","7"
"U0172","0345348036","4"
"U0172","0553582909","9"
"U0172","8478098267","6"
"U0172","0156013967","8"
"U0172","0316116025","3"
"U0172","0671888587","2"
"U0172","0670815373","8"
"U0172","0941423042","6"
"U0172","0446601640","6"
"U0172","0440223571","9"
"U0172","0743245024","2"
"U0172","0345369068","2"
"U0172","0415928087","8"
"U0172","0892967994","5"
"U0172","3257207522","3"
"U0172","0889740828","6"
"U0172","0486285529","9"
"U0172","0684854953","10"
"U0172","0071416331","8"
"U0172","0385497679","6"
"U0172","0156528207","8"
"U0172","0140345809","7"
"U0172","0684823802","4"
"U0172","8476409419","4"
"U0172","0800706544","5"
"U0172","0553101439","3"
"U0172","044661162X","6"
"U0172","1563898586","7"
"U0172","0743412621","7"
"U0173","0425176428","4"
"U0173","0439221730","3"
"U0173","0373250339","2"
"U0173","0767908473","7"
"U0173","0140292918","5"
"U0173","0380730138","5"
"U0173","0380619458","7"
"U0173","3257203659","6"
"U0173","0425139069","10"
"U0173","0060177586","7"
"U0173","0061030147","9"
"U0173","0380728273","3"
"U0173","0671868713","8"
"U0173","1880185008","9"
"U0173","0425120279","8"
"U0173","0345374657","6"
"U0173","0812504208","5"
"U0173","0749748028","5"
"U0173","0060930705","6"
"U0173","0060006048","10"
"U0173","0380717018","6"
"U0173","0767903285","8"
"U0173","0747549923","4"
"U0173","0060930365","4"
"U0173","8420639133","7"
"U0173","0451526279","3"
"U0173","2070423204","8"
"U0173","0505524996","7"
"U0173","0061099686","9"
"U0173","0140104682","8"
"U0173","0963094424","9"
"U0173","1853260622","4"
"U0173","0312145543","7"
"U0173","0020199090","7"
"U0173","3498020862","5"
"U0173","0743206053","4"
"U0173","0767905938","4"
"U0173","0061000280","7"
"U0173","0345371984","4"
"U0173","0061050474","7"
"U0173","0679401377","5"
"U0173","0449245691","8"
"U0173","0385306032","7"
"U0173","0385721420","8"
"U0173","0385418493","6"
"U0173","0590481371","8"
"U0173","0385316895","7"
"U0173","0060927240","2"
"U0173","0446523992","9"
"U0173","0684868911","2"
"U0173","0425184129","6"
"U0174","0439221706","6"
"U0174","0842329129","7"
"U0174","0399135782","7"
"U0174","0393318435","7"
"U0174","0140252800","3"
"U0174","0590514776","3"
"U0174","055321215X","4"
"U0174","0767908473","4"
"U0174","0439095026","3"
"U0174","0060006048","7"
"U0174","0889740828","6"
"U0174","8429734996","8"
"U0174","1567920047","7"
"U0174","0743245024","4"
"U0174","1573229571","4"
"U0174","1900850303","8"
"U0174","2266029460","2"
"U0174","0505524996","3"
"U0174","068484267X","2"
"U0174","0870441663","6"
"U0174","0385495145","5"
"U0174","8478800336","8"
"U0174","0553272837","8"
"U0174","0449202631","5"
"U0174","0440117291","9"
"U0174","1567407781","8"
"U0174","0440441501","9"
"U0174","0060930187","3"
"U0174","0871138646","6"
"U0174","0316116025","10"
"U0174","0743206053","6"
"U0174","0425176428","5"
"U0174","0061052523","6"
"U0174","0375705856","5"
"U0174","0345356578","4"
"U0174","0307215342","4"
"U0174","0380792664","5"
"U0174","0689832877","8"
"U0174","0743439740","7"
"U0174","067103619X","8"
"U0174","0446325805","10"
"U0174","349913358X","6"
"U0174","0439569842","8"
"U0174","0060083298","6"
"U0174","0440120470","8"
"U0174","1853260673","6"
"U0174","0671525794","6"
"U0174","0312995423","6"
"U0174","0671504282","7"
"U0174","076218857X","4"
"U0174","0553581279","3"
"U0174","0380973545","8"
"U0174","8807120194","9"
"U0174","0312206763","9"
"U0174","2266084372","7"
"U0175","0439061644","9"
"U0175","0440241413","7"
"U0175","0373836023","9"
"U0175","044022165X","6"
"U0175","0446602086","6"
"U0175","0449245691","4"
"U0175","0451524489","6"
"U0175","3404921038","2"
"U0175","0307118703","7"
"U0175","0684822733","8"
"U0175","0449209121","3"
"U0175","0312953453","9"
"U0175","1858813093","4"
"U0175","0026329859","9"
"U0175","1567920047","10"
"U0175","0451166892","5"
"U0175","1842151053","3"
"U0175","0425164403","6"
"U0175","0849943450","8"
"U0175","0316171107","6"
"U0175","0393321576","5"
"U0175","0679777431","5"
"U0175","0451188209","7"
"U0175","014036336X","8"
"U0176","0440226104","5"
"U0176","0425098109","3"
"U0176","039914739X","6"
"U0176","0590431110","9"
"U0176","8427007450","6"
"U0176","0684824442","3"
"U0176","1558744150","6"
"U0176","0887841740","8"
"U0176","3499110695","5"
"U0176","0671461494","6"
"U0176","0571209521","4"
"U0176","0385316895","4"
"U0176","1561561428","5"
"U0176","0684848783","4"
"U0176","0743424425","7"
"U0176","3499222604","10"
"U0176","0446610178","2"
"U0176","0373123485","7"
"U0176","0345379454","7"
"U0176","1567920047","4"
"U0176","0452264464","6"
"U0176","0671868713","6"
"U0177","0345311396","6"
"U0177","2070423204","2"
"U0177","080652121X","8"
"U0177","0446523992","7"
"U0177","0062770500","6"
"U0177","055329198X","7"
"U0177","0446677450","8"
"U0177","0553561618","7"
"U0177","068983571X","7"
"U0177","0071416331","5"
"U0177","0743211383","9"
"U0177","0316168815","7"
"U0177","0385306032","7"
"U0177","0312156960","7"
"U0177","038076654X","10"
"U0177","0743462335","6"
"U0177","0425139069","8"
"U0177","0740700235","7"
"U0177","0505524996","4"
"U0177","225300670X","7"
"U0177","0450029956","5"
"U0177","0060923245","8"
"U0177","0345379454","10"
"U0177","0440211727","9"
"U0177","1592571301","7"
"U0177","0553574159","9"
"U0177","0671047612","6"
"U0177","0312953453","5"
"U0177","0590450875","5"
"U0177","0064470113","3"
"U0178","0440211727","7"
"U0178","0345313097","9"
"U0178","0451166892","4"
"U0178","0345335465","9"
"U0178","0440225701","10"
"U0178","3492045642","7"
"U0178","055329198X","7"
"U0178","0195153448","9"
"U0178","0889740828","6"
"U0178","0385327773","6"
"U0178","0380754509","9"
"U0178","3492207006","9"
"U0178","0771074670","6"
"U0178","0449911683","8"
"U0178","0945586051","6"
"U0178","080652121X","9"
"U0178","0671623249","6"
"U0178","0399138684","7"
"U0178","042512892X","7"
"U0178","0451155750","5"
"U0178","0684717255","5"
"U0178","3499110695","6"
"U0178","0345378490","8"
"U0178","0804111359","5"
"U0178","0807070718","4"
"U0178","0312995423","5"
"U0178","0590870157","8"
"U0178","0553256785","4"
"U0178","0446608653","5"
"U0178","0439221676","8"
"U0178","0821772953","10"
"U0178","0684824442","9"
"U0178","0451154916","10"
"U0178","0394586239","7"
"U0178","0553298860","8"
"U0178","0679401377","6"
"U0178","0060987103","9"
"U0178","0156528207","7"
"U0178","0807565288","5"
"U0178","0451526279","7"
"U0178","0385335679","4"
"U0178","0425182908","6"
"U0178","1558746218","3"
"U0178","0553285343","9"
"U0178","0679427430","6"
"U0178","1567920047","4"
"U0178","038542471X","7"
"U0178","0962893862","8"
"U0178","080213825X","8"
"U0178","8445071769","4"
"U0178","0060930365","7"
"U0178","0451195663","7"
"U0178","0679801146","6"
"U0178","0553583468","6"
"U0179","0670031046","8"
"U0179","0345416848","10"
"U0179","0786868015","4"
"U0179","0740700235","6"
"U0179","0312287240","7"
"U0179","0452277337","9"
"U0179","0440211727","7"
"U0179","0451527747","6"
"U0179","0786889160","7"
"U0179","0786886463","9"
"U0179","2070423204","5"
"U0179","0684854953","6"
"U0179","0375814248","6"
"U0179","0679767789","6"
"U0179","2290314951","2"
"U0179","0312148267","4"
"U0179","0399148582","5"
"U0179","0679751343","7"
"U0179","0385337132","5"
"U0179","0804117934","4"
"U0179","0671027387","5"
"U0179","207053880X","8"
"U0179","0385335679","3"
"U0179","0393318435","4"
"U0179","0425182878","9"
"U0179","1558505377","5"
"U0179","0785815147","6"
"U0179","0898151910","7"
"U0179","0590419625","8"
"U0179","0060563079","8"
"U0179","0871138646","3"
"U0179","0486272745","7"
"U0179","0375400117","2"
"U0179","0316693200","8"
"U0179","0891091963","9"
"U0179","0937858994","8"
"U0180","0671673688","8"
"U0180","0517201658","10"
"U0180","055329198X","7"
"U0180","0061099325","4"
"U0180","0373245580","2"
"U0180","0064470113","3"
"U0180","0521427150","8"
"U0180","0425174484","8"
"U0180","0684833395","8"
"U0180","0140622063","7"
"U0180","0449134482","3"
"U0180","0373123108","4"
"U0180","3453212150","5"
"U0180","0452277337","7"
"U0180","0830714014","10"
"U0180","0440218535","2"
"U0180","0440120470","3"
"U0180","0972044205","10"
"U0180","1558744150","6"
"U0180","0674511255","7"
"U0180","8476409419","4"
"U0180","0966986105","6"
"U0180","0451205197","6"
"U0180","0385306032","4"
"U0181","0380752115","2"
"U0181","0026329859","8"
"U0181","8477830029","6"
"U0181","0440218535","5"
"U0181","0425174484","4"
"U0181","0151001006","8"
"U0181","0679450432","9"
"U0181","8483007010","8"
"U0181","8445071408","8"
"U0181","3442724686","5"
"U0181","0380730138","10"
"U0181","0898151910","9"
"U0181","043922165X","8"
"U0181","0375719180","8"
"U0181","0785263292","4"
"U0181","0821772953","7"
"U0181","0449006557","6"
"U0181","055358099X","4"
"U0181","0553578693","5"
"U0181","0897322339","4"
"U0181","0679767789","9"
"U0181","0819215635","5"
"U0181","006102063X","6"
"U0181","0842336214","9"
"U0181","0061096091","5"
"U0181","2290314951","6"
"U0181","0553582747","3"
"U0181","0894342789","7"
"U0181","067103619X","7"
"U0181","0895774666","4"
"U0181","0553582909","7"
"U0181","0380617625","8"
"U0181","0312252617","8"
"U0181","0393318435","6"
"U0181","0590481371","3"
"U0181","055329198X","8"
"U0181","052594463X","9"
"U0181","0439221730","4"
"U0181","042512892X","8"
"U0181","0439042917","3"
"U0181","0316693200","5"
"U0181","3746670055","7"
"U0181","0393020371","9"
"U0181","0590418858","2"
"U0181","0451186648","7"
"U0181","0786868015","5"
"U0181","0061099686","6"
"U0181","0449202631","8"
"U0181","8445071777","7"
"U0181","0345339711","4"
"U0181","0525943862","5"
"U0181","0140253580","5"
"U0181","0553256785","7"
"U0182","0380704587","5"
"U0182","1400077826","3"
"U0182","0553582682","6"
"U0182","0965404560","3"
"U0182","0380728273","4"
"U0182","0440234743","6"
"U0182","0060976845","6"
"U0182","0671870432","5"
"U0182","0312195516","8"
"U0182","1570717257","2"
"U0182","006102063X","7"
"U0182","0451527747","4"
"U0182","076218857X","7"
"U0182","0451162072","3"
"U0182","0671021001","6"
"U0182","8484509141","9"
"U0182","0440130913","6"
"U0182","0440225078","4"
"U0182","0060938455","6"
"U0182","0345260317","2"
"U0182","0800706544","6"
"U0182","043922165X","5"
"U0182","8478884963","10"
"U0182","2253148539","6"
"U0182","8483002523","9"
"U0182","0140293248","7"
"U0182","0002740230","5"
"U0182","0674511255","9"
"U0182","3596292646","6"
"U0182","0941423042","7"
"U0182","0140250964","5"
"U0182","0140021566","8"
"U0182","0451206673","6"
"U0182","0140292918","8"
"U0182","0439221684","5"
"U0182","0393318435","3"
"U0182","0805063897","10"
"U0182","1853262404","10"
"U0182","0451185277","6"
"U0182","051762639X","8"
"U0182","0449002632","5"
"U0182","0060575808","7"
"U0182","0590870157","7"
"U0182","0380807866","7"
"U0182","0060083298","4"
"U0182","0425049981","7"
"U0182","0394820371","5"
"U0182","2253007102","7"
"U0183","8445071408","5"
"U0183","0060188731","3"
"U0183","0449209121","9"
"U0183","0451154916","6"
"U0183","0671027387","6"
"U0183","0345378490","5"
"U0183","0312890044","6"
"U0183","1880185008","7"
"U0183","0393048977","3"
"U0183","1877727083","4"
"U0183","0743213831","3"
"U0183","8483002523","7"
"U0183","038572179X","4"
"U0183","0670892963","10"
"U0183","037582345X","10"
"U0183","0373123485","4"
"U0183","0805056491","3"
"U0183","0345391691","4"
"U0183","0671018930","8"
"U0183","2871290911","9"
"U0183","0061050474","3"
"U0183","0151008116","6"
"U0183","055358099X","7"
"U0183","0312283784","2"
"U0183","0684180200","6"
"U0183","2080105434","3"
"U0183","2264009306","7"
"U0183","0446608653","8"
"U0183","0440234743","6"
"U0184","0440222303","7"
"U0184","0062770500","5"
"U0184","0452277337","8"
"U0184","0345417623","4"
"U0184","039914739X","6"
"U0184","0061030147","2"
"U0184","038533334X","8"
"U0184","8483002523","6"
"U0184","0394820371","4"
"U0184","0451410319","4"
"U0184","0449006522","5"
"U0184","0345335465","6"
"U0184","0380711109","8"
"U0184","039575514X","4"
"U0184","0743458303","2"
"U0184","0375705856","2"
"U0184","1567407781","7"
"U0184","068983585X","5"
"U0184","3257216416","6"
"U0184","0345395379","4"
"U0184","9724119378","5"
"U0184","0380788497","9"
"U0185","1853260053","10"
"U0185","0812923278","10"
"U0185","0373196989","8"
"U0185","0515134279","7"
"U0185","0941423042","7"
"U0185","0747549923","8"
"U0185","0671742566","3"
"U0185","0061000280","8"
"U0185","039914370X","7"
"U0185","0064472264","4"
"U0185","0393321576","8"
"U0185","0553580388","7"
"U0185","3442724686","7"
"U0185","0446523992","3"
"U0185","0451524489","10"
"U0185","0375400117","4"
"U0185","0307001164","7"
"U0185","0425174484","7"
"U0185","0316693200","8"
"U0185","080213825X","10"
"U0185","3596292646","7"
"U0185","3257208634","5"
"U0185","0743439740","5"
"U0185","0849916399","8"
"U0185","0345417623","6"
"U0185","0440226694","8"
"U0185","0151008116","8"
"U0185","0425120279","7"
"U0185","0316314927","10"
"U0185","0671864769","7"
"U0186","0393020371","7"
"U0186","0749748028","8"
"U0186","0375823352","8"
"U0186","0375821813","8"
"U0186","0451450256","7"
"U0186","0395877563","7"
"U0186","0684833395","7"
"U0186","0590687301","9"
"U0186","0747538069","10"
"U0186","0439042917","7"
"U0186","0312965745","5"
"U0186","0842336214","9"
"U0186","0553802488","5"
"U0186","8486433193","8"
"U0186","0440224829","9"
"U0186","1567920047","8"
"U0186","0786863986","7"
"U0186","0373250339","8"
"U0186","0451155750","9"
"U0186","0870441663","8"
"U0186","8483002523","10"
"U0186","0767903285","8"
"U0186","0060977477","4"
"U0186","0553101439","9"
"U0186","0786886463","4"
"U0186","0385335679","5"
"U0186","0486415864","10"
"U0186","1561561428","5"
"U0186","0316168815","7"
"U0186","0671847546","9"
"U0186","3442353866","9"
"U0186","1573228737","9"
"U0186","0440234743","9"
"U0186","8423324311","7"
"U0187","0449207595","7"
"U0187","0440223571","9"
"U0187","067153484X","9"
"U0187","2020315491","8"
"U0187","0385316895","9"
"U0187","0553289063","10"
"U0187","0688169678","10"
"U0187","0064472779","7"
"U0187","0425137945","9"
"U0187","1563410443","7"
"U0187","0671779338","9"
"U0187","0345378490","9"
"U0187","0842342702","8"
"U0187","0060987103","3"
"U0187","0380817144","6"
"U0187","0802114369","9"
"U0187","0553562819","9"
"U0187","0553298860","8"
"U0187","0451205197","4"
"U0187","0786015276","9"
"U0187","042518630X","9"
"U0187","1854795554","9"
"U0187","0385730586","4"
"U0187","0446527165","5"
"U0187","0679725393","5"
"U0187","1551668785","9"
"U0187","0393030342","8"
"U0187","051513290X","7"
"U0187","3426605686","7"
"U0187","0060923245","9"
"U0187","0385313748","7"
"U0187","0785263292","8"
"U0187","0380704587","10"
"U0187","0060915544","9"
"U0187","0684180200","8"
"U0188","0743403843","6"
"U0188","0312252617","8"
"U0188","0449211770","2"
"U0188","006102063X","7"
"U0188","0060006048","8"
"U0188","0689832877","4"
"U0188","0312278586","6"
"U0188","0440219078","6"
"U0188","042518630X","7"
"U0188","0684193957","10"
"U0188","055321215X","5"
"U0188","3257212054","9"
"U0188","0451410556","7"
"U0188","0316693006","7"
"U0188","0316171107","6"
"U0188","0446610178","6"
"U0188","1853260622","7"
"U0188","1569471096","7"
"U0188","1884777805","3"
"U0188","0394820371","8"
"U0188","0446325805","8"
"U0188","0671042858","3"
"U0188","0345433173","4"
"U0188","0671018930","6"
"U0188","0345372700","6"
"U0188","068983571X","8"
"U0188","1880185008","4"
"U0188","8445071769","3"
"U0188","0316782505","4"
"U0188","0195153448","8"
"U0188","0373245580","7"
"U0188","1569871213","7"
"U0188","1878424319","6"
"U0188","0684833395","5"
"U0188","0446608653","3"
"U0188","8484509141","6"
"U0188","080901582X","6"
"U0188","0688169678","8"
"U0188","0425163091","8"
"U0188","1562477528","10"
"U0188","0345404793","7"
"U0188","0380538504","2"
"U0188","0446310786","3"
"U0188","0061080519","7"
"U0188","0060932759","9"
"U0188","0345425294","3"
"U0188","0743406176","10"
"U0188","0819215635","8"
"U0188","1561561428","8"
"U0189","0425182908","9"
"U0189","080521061X","6"
"U0189","087113375X","7"
"U0189","3257212429","10"
"U0189","0380754509","4"
"U0189","0590450875","5"
"U0189","0345402871","7"
"U0189","0767903285","4"
"U0189","0375501347","2"
"U0189","0553561618","6"
"U0189","193156146X","7"
"U0189","0375414746","3"
"U0189","0373245580","3"
"U0189","1853260053","9"
"U0189","0345369068","8"
"U0189","0743201078","9"
"U0189","0312278586","7"
"U0189","0671461494","9"
"U0189","0684867818","7"
"U0189","0375823352","5"
"U0189","0446612618","7"
"U0189","1857938011","7"
"U0189","0140067477","10"
"U0189","3889774016","4"
"U0189","0061099686","3"
"U0189","0553579673","6"
"U0189","0961769947","7"
"U0189","0373196741","5"
"U0189","0060977477","8"
"U0189","0843136685","3"
"U0189","0812923278","7"
"U0189","0385333404","6"
"U0189","0671623249","5"
"U0189","0446364762","4"
"U0189","0345451260","8"
"U0189","0590225170","7"
"U0189","0884111342","4"
"U0189","0446605484","3"
"U0189","156341029X","4"
"U0189","0440219078","9"
"U0189","0425174484","4"
"U0189","1414035004","8"
"U0189","0446672211","4"
"U0189","0312143370","6"
"U0189","0393030342","8"
"U0190","0515118656","5"
"U0190","0743444167","5"
"U0190","0689821166","8"
"U0190","1563411148","8"
"U0190","0684864320","8"
"U0190","0445402040","6"
"U0190","8486433193","7"
"U0190","0684801221","6"
"U0190","0446527793","7"
"U0190","0553256785","5"
"U0190","006102063X","3"
"U0190","0062517856","7"
"U0190","0385416342","5"
"U0190","0312288115","5"
"U0190","0394586239","3"
"U0190","0945586051","6"
"U0190","0316769487","4"
"U0190","0679310002","6"
"U0190","0316969443","10"
"U0190","0516076272","10"
"U0190","2266029460","2"
"U0190","1570717257","7"
"U0190","0312970242","3"
"U0190","0393030342","3"
"U0190","8478884963","9"
"U0191","0802114369","5"
"U0191","3257203659","5"
"U0191","039457513X","5"
"U0191","2253004022","8"
"U0191","0451204050","8"
"U0191","0679767789","4"
"U0191","0312287240","3"
"U0191","0451523318","7"
"U0191","0060915544","4"
"U0191","0671027360","2"
"U0191","0671864769","5"
"U0191","015216250X","7"
"U0191","0373245696","8"
"U0191","0786886463","5"
"U0191","0671504282","10"
"U0191","0446519138","3"
"U0191","0812524853","7"
"U0191","156971620X","2"
"U0191","0345441133","9"
"U0191","0312206763","8"
"U0191","0380978539","5"
"U0191","0345369947","4"
"U0191","0961769947","4"
"U0191","0446523569","7"
"U0191","0425137945","3"
"U0191","0142001740","9"
"U0191","0307215342","4"
"U0191","0393321576","6"
"U0191","0451450256","5"
"U0191","044023722X","5"
"U0191","039304016X","4"
"U0191","3498020862","6"
"U0191","0394551427","4"
"U0191","1561672033","2"
"U0191","0345402871","6"
"U0191","1555834531","2"
"U0191","0375759778","7"
"U0191","0446610178","8"
"U0191","0446310786","5"
"U0191","0385235941","9"
"U0191","0898151910","9"
"U0191","0380973545","9"
"U0191","0590687301","8"
"U0191","0375500766","7"
"U0191","3257216416","4"
"U0191","0451409256","7"
"U0191","1575663937","9"
"U0191","038572179X","3"
"U0191","0345311396","3"
"U0191","0345371984","3"
"U0191","0446394521","7"
"U0191","0425174484","6"
"U0191","0439061644","7"
"U0192","0312872682","4"
"U0192","0884111342","9"
"U0192","0937858994","6"
"U0192","0345339711","9"
"U0192","0340767936","8"
"U0192","0451176812","7"
"U0192","0679751343","7"
"U0192","0553280589","7"
"U0192","0743229878","10"
"U0192","0060621257","8"
"U0192","0446519138","8"
"U0192","0684833395","7"
"U0192","0821770209","4"
"U0192","0446602086","10"
"U0192","014036336X","5"
"U0192","3442724686","8"
"U0192","0060199563","10"
"U0192","0793133955","5"
"U0192","8478800336","9"
"U0192","0440222303","4"
"U0192","0140382658","9"
"U0192","0316168815","4"
"U0192","0385505833","9"
"U0192","1563898586","2"
"U0192","0380709260","7"
"U0192","0515127833","4"
"U0192","0743201078","7"
"U0192","1401201172","5"
"U0192","0375406328","9"
"U0192","3257212429","9"
"U0192","0380710218","10"
"U0192","0380730138","5"
"U0192","0880011025","8"
"U0192","0060923245","10"
"U0192","0449911683","10"
"U0192","3889774016","6"
"U0192","038076654X","9"
"U0192","0198320264","4"
"U0192","0743230051","4"
"U0192","0345465083","6"
"U0192","3257203659","7"
"U0192","0446612618","8"
"U0192","0553583468","6"
"U0192","030720152X","9"
"U0192","0449001954","6"
"U0192","0871138646","6"
"U0192","0425182908","5"
"U0192","0671779338","10"
"U0193","067976397X","5"
"U0193","0425164403","4"
"U0193","2253043974","4"
"U0193","0156528207","7"
"U0193","0849943728","3"
"U0193","0515134279","7"
"U0193","0553225987","4"
"U0193","0553582682","9"
"U0193","0140620664","5"
"U0193","0971880107","4"
"U0193","051513290X","8"
"U0193","0670844594","6"
"U0193","0316776963","6"
"U0193","0061076031","9"
"U0193","0195153448","3"
"U0193","0060558865","2"
"U0193","0439042917","9"
"U0193","156718796X","6"
"U0193","0875421288","7"
"U0193","0020199090","9"
"U0193","8484509141","9"
"U0193","0345402871","5"
"U0193","0688048730","9"
"U0193","0316314927","10"
"U0193","0380807866","6"
"U0193","0312872682","4"
"U0193","0446531332","6"
"U0193","0671673688","2"
"U0193","0767905938","4"
"U0193","0345378490","3"
"U0193","0375406328","5"
"U0194","0449207544","9"
"U0194","3257216416","8"
"U0194","0812521331","8"
"U0194","0385504209","8"
"U0194","0312206763","10"
"U0194","0553561618","9"
"U0194","1563411148","10"
"U0194","0516076272","3"
"U0194","0689832877","9"
"U0194","0966986105","4"
"U0194","0590870157","10"
"U0194","0872200760","9"
"U0194","0312287240","7"
"U0194","8478097732","8"
"U0194","0345297709","9"
"U0194","0316693006","8"
"U0194","081296666X","8"
"U0194","0451155750","4"
"U0194","0373836023","8"
"U0194","0451523415","8"
"U0194","0393048977","3"
"U0194","0963094424","10"
"U0194","0743213831","8"
"U0194","0316735736","8"
"U0194","0866119566","6"
"U0194","0440225701","7"
"U0194","0786890436","2"
"U0194","0152012966","9"
"U0194","0345395379","9"
"U0194","067175145X","9"
"U0194","0821770209","9"
"U0194","0393030342","10"
"U0194","0866119531","9"
"U0194","0312963009","4"
"U0194","0743245024","8"
"U0194","0316666343","9"
"U0194","0060191929","7"
"U0194","193072229X","9"
"U0195","0688163726","5"
"U0195","0486284735","8"
"U0195","0380754509","9"
"U0195","0385314019","5"
"U0195","2871290911","6"
"U0195","3499177757","5"
"U0195","055358099X","6"
"U0195","0440226694","6"
"U0195","038549825X","5"
"U0195","0345369068","7"
"U0195","0385497466","7"
"U0195","0375705856","3"
"U0195","0449211770","8"
"U0195","0849943728","6"
"U0195","0771088191","9"
"U0195","0064407667","6"
"U0195","0743229878","4"
"U0195","0446364762","7"
"U0195","0812575482","8"
"U0195","0060177586","7"
"U0195","0451410319","6"
"U0195","8466601090","7"
"U0195","0140065172","7"
"U0195","0767908473","3"
"U0195","3518111000","8"
"U0195","0618119760","9"
"U0195","0962893862","10"
"U0195","1900850303","8"
"U0195","0060199563","5"
"U0195","0060914068","7"
"U0195","080521061X","5"
"U0195","0140382658","9"
"U0195","0373250339","3"
"U0195","0689821166","10"
"U0195","0380754851","5"
"U0195","0385424728","7"
"U0195","0440222303","10"
"U0196","0345379454","5"
"U0196","0843136685","7"
"U0196","0316168815","4"
"U0196","8806142267","4"
"U0196","0195086295","4"
"U0196","0451410319","6"
"U0196","0345369068","3"
"U0196","0449207595","9"
"U0196","0671042556","9"
"U0196","0020199090","6"
"U0196","0446672211","7"
"U0196","0786889160","6"
"U0196","2070423204","7"
"U0196","0671021745","4"
"U0196","0425181111","5"
"U0196","8478884963","6"
"U0196","0679310002","3"
"U0196","0880701102","5"
"U0196","0743458303","9"
"U0196","0345451260","10"
"U0196","3257208669","9"
"U0196","8445071408","8"
"U0196","0345313860","9"
"U0196","0440218535","5"
"U0196","0553272837","6"
"U0196","0440226104","6"
"U0196","0152162445","3"
"U0196","052594463X","9"
"U0196","0385314019","9"
"U0196","0553582682","6"
"U0196","0590687301","7"
"U0196","3257208634","9"
"U0196","0553101439","6"
"U0196","0590418858","8"
"U0196","0140185216","9"
"U0196","0142001740","7"
"U0196","0516076272","7"
"U0196","0553280589","5"
"U0196","0373123108","5"
"U0196","0446602086","4"
"U0196","0394743741","5"
"U0196","8472227421","3"
"U0196","2264009306","3"
"U0196","0140382658","4"
"U0196","0450029956","6"
"U0196","0671504282","9"
"U0196","0064472264","9"
"U0196","8472224260","10"
"U0196","0435272683","5"
"U0197","0312980388","8"
"U0197","0385472951","6"
"U0197","0590406019","5"
"U0197","0449006522","8"
"U0197","061312975X","9"
"U0197","080411952X","6"
"U0197","0553278746","7"
"U0197","1888451084","7"
"U0197","0393048977","6"
"U0197","0449209121","6"
"U0197","3257203659","6"
"U0197","0374386676","6"
"U0197","043922165X","8"
"U0197","1928791107","2"
"U0197","0679777431","5"
"U0197","1563411148","9"
"U0197","0866119531","4"
"U0197","0345339711","3"
"U0197","067170124X","7"
"U0197","0425113892","2"
"U0197","8478098267","9"
"U0197","8433914545","2"
"U0197","8477830029","3"
"U0197","8478091246","9"
"U0197","0451202341","5"
"U0197","0670035262","8"
"U0197","0446612545","7"
"U0197","0525943862","6"
"U0197","0771076002","9"
"U0197","0060913509","5"
"U0197","0684801221","6"
"U0197","0440225078","8"
"U0197","0671504282","5"
"U0197","0345416848","3"
"U0197","0399144463","5"
"U0197","0140370900","5"
"U0197","0679425608","5"
"U0197","0743439740","6"
"U0197","0449005410","9"
"U0197","0312890044","5"
"U0197","0380732335","10"
"U0197","0140021566","4"
"U0197","0060013117","9"
"U0197","0156528207","7"
"U0197","0060930705","5"
"U0197","0345465083","2"
"U0197","0440219078","5"
"U0197","0060934719","7"
"U0197","0060563079","4"
"U0197","3498020862","7"
"U0197","0449213773","5"
"U0197","0395877563","6"
"U0197","0743462335","9"
"U0197","0553107305","4"
"U0197","0743211383","7"
"U0197","0684848783","5"
"U0198","0670035262","7"
"U0198","0927545373","10"
"U0198","1579651658","7"
"U0198","0373245696","8"
"U0198","3442098424","5"
"U0198","0151008116","5"
"U0198","0439569842","8"
"U0198","0345429176","10"
"U0198","0440219078","4"
"U0198","0061040967","4"
"U0198","0688180639","10"
"U0198","0451450256","8"
"U0198","1881320189","9"
"U0198","0767905938","7"
"U0198","3453212150","7"
"U0198","0767908473","9"
"U0198","0140104682","9"
"U0198","0312287240","8"
"U0198","1558505377","7"
"U0198","0446610399","5"
"U0198","0385335679","10"
"U0198","0805056491","7"
"U0198","3257233051","10"
"U0198","0891091963","4"
"U0199","0486272745","9"
"U0199","0380792664","5"
"U0199","0671042858","8"
"U0199","0451625889","5"
"U0199","0671002481","5"
"U0199","1567407781","7"
"U0199","0345391691","5"
"U0199","0786868015","3"
"U0199","0553272837","3"
"U0199","0345430476","8"
"U0199","2070384349","7"
"U0199","0440234964","7"
"U0199","1900850303","6"
"U0199","0385500769","8"
"U0199","3257216416","7"
"U0199","0441783589","4"
"U0199","1928791107","4"
"U0199","0060917016","4"
"U0199","0385505833","4"
"U0199","0440225078","8"
"U0199","0312261594","7"
"U0199","1884777805","6"
"U0199","0446310786","5"
"U0199","055321215X","8"
"U0199","080901582X","6"
"U0199","0385314019","5"
"U0199","193156146X","7"
"U0199","0553561618","6"
"U0199","0425179672","4"
"U0199","038533334X","6"
"U0199","0812519655","7"
"U0199","2266029460","6"
"U0199","0451526341","4"
"U0199","0399147012","2"
"U0199","1573225126","8"
"U0199","0373196989","7"
"U0199","0819215635","4"
"U0199","0395877563","9"
"U0199","8429736131","3"
"U0199","140003180X","3"
"U0199","067153484X","4"
"U0199","0345433173","4"
"U0199","0446602086","5"
"U0199","0451452755","6"
"U0199","0312143370","9"
"U0199","0965746828","6"
"U0199","0375814248","8"
"U0200","8423324311","8"
"U0200","2266084372","8"
"U0200","0060915544","7"
"U0200","0061099325","3"
"U0200","0440130913","4"
"U0200","0553258524","9"
"U0200","0819154946","6"
"U0200","1573229148","9"
"U0200","0812923278","4"
"U0200","0312145543","10"
"U0200","0380002450","6"
"U0200","0807070718","5"
"U0200","0821772953","8"
"U0200","080901582X","6"
"U0200","0062770500","7"
"U0200","0945586051","6"
"U0200","0142001740","3"
"U0200","0061009059","4"
"U0200","0375406328","9"
"U0200","0373245580","9"
"U0200","0679401377","10"
"U0200","0375801677","4"
"U0200","0451524489","5"
"U0200","0767912918","8"
"U0200","0684867818","5"
"U0200","0451185277","4"
"U0200","0671521519","5"
"U0200","0373836023","5"
"U0200","1573225487","4"
"U0200","0679425608","7"
"U0200","1555835953","5"
"U0200","0425113892","5"
"U0200","0671868713","3"
"U0200","0316969443","6"
"U0200","0816729913","6"
"U0200","0679810307","10"
"U0201","8445071777","6"
"U0201","0451526341","6"
"U0201","0452283914","9"
"U0201","0765341972","8"
"U0201","0373750013","7"
"U0201","0679801146","7"
"U0201","0609606727","4"
"U0201","0060188731","4"
"U0201","1559703237","7"
"U0201","1886383421","6"
"U0201","155874262X","6"
"U0201","0345305477","5"
"U0201","0451406923","8"
"U0201","0812524853","10"
"U0201","0345313860","4"
"U0201","042517736X","7"
"U0201","0671621009","9"
"U0201","8478091246","4"
"U0201","0905762487","7"
"U0201","0375751513","10"
"U0201","081296666X","4"
"U0201","3746670055","7"
"U0201","0439510112","2"
"U0201","0140021566","7"
"U0201","0671042858","5"
"U0201","0446527793","4"
"U0201","0446531332","3"
"U0201","0451184718","4"
"U0201","0345433173","5"
"U0201","0393318435","4"
"U0201","014036336X","6"
"U0201","0600586898","5"
"U0201","1567184294","2"
"U0202","0449211770","8"
"U0202","0374343381","2"
"U0202","0425164403","10"
"U0202","0345402871","5"
"U0202","0553562819","7"
"U0202","0345441133","5"
"U0202","0684180200","3"
"U0202","0380807866","4"
"U0202","2290314951","8"
"U0202","0060934719","4"
"U0202","0446523569","7"
"U0202","0446527793","10"
"U0202","0553802488","5"
"U0202","3257208626","8"
"U0202","0553574175","2"
"U0202","1888451084","8"
"U0202","0590687301","10"
"U0202","0452277337","9"
"U0202","055321215X","6"
"U0202","0972044205","2"
"U0202","8472224260","5"
"U0202","0440241413","9"
"U0202","0373250339","5"
"U0202","0316973742","2"
"U0202","3453212150","3"
"U0202","0875421288","3"
"U0202","0449006557","9"
"U0202","3498020862","5"
"U0202","0380973839","10"
"U0202","2253007102","7"
"U0202","0061030147","3"
"U0202","084994371X","6"
"U0202","0385500769","4"
"U0202","0553212583","6"
"U0203","0835949362","5"
"U0203","042517736X","7"
"U0203","3502670005","7"
"U0203","8483007010","7"
"U0203","0452283914","8"
"U0203","1853260053","7"
"U0203","0765341972","4"
"U0203","0449001954","8"
"U0203","0156013967","7"
"U0203","0156528207","3"
"U0203","0373123108","3"
"U0203","0802114369","8"
"U0203","0440235502","5"
"U0203","0030096189","4"
"U0203","0439221676","4"
"U0203","0743470389","3"
"U0203","0140620427","5"
"U0203","0842336214","6"
"U0203","0440130913","9"
"U0203","0345372700","8"
"U0203","0394820371","5"
"U0203","0771076002","8"
"U0203","0394178017","8"
"U0203","1575663937","8"
"U0203","0749748028","7"
"U0203","0312145543","3"
"U0203","0486292940","8"
"U0203","0787955671","7"
"U0203","1563899388","2"
"U0203","0449907481","4"
"U0203","0385314019","5"
"U0203","0385327773","9"
"U0203","0449207595","7"
"U0203","2253043974","5"
"U0203","3257212054","5"
"U0203","0671673688","9"
"U0203","0679429220","6"
"U0203","0451454243","9"
"U0203","030720152X","5"
"U0203","0684717255","8"
"U0203","0425184226","4"
"U0203","0816729913","7"
"U0203","0553225987","4"
"U0203","068983585X","4"
"U0203","0394551427","8"
"U0203","0026329859","6"
"U0203","0394578791","3"
"U0203","0151001006","7"
"U0203","0671867156","8"
"U0203","0312980388","7"
"U0203","0451525221","5"
"U0203","0671525832","9"
"U0203","3596144434","5"
"U0204","0316735027","2"
"U0204","0020437501","5"
"U0204","0786868716","3"
"U0204","0767903285","10"
"U0204","0425178242","5"
"U0204","193156146X","7"
"U0204","0374386676","2"
"U0204","030720152X","10"
"U0204","0884111342","10"
"U0204","3257210450","4"
"U0204","0842336214","10"
"U0204","0553571486","7"
"U0204","0373836023","5"
"U0204","0312312628","4"
"U0204","0312965745","6"
"U0204","0345335465","5"
"U0204","0061050474","6"
"U0204","067103619X","6"
"U0204","0440224829","2"
"U0204","0425156842","6"
"U0204","044651747X","10"
"U0204","0964778319","2"
"U0204","0553101439","5"
"U0204","3502670005","5"
"U0204","0890877564","5"
"U0204","0486272745","2"
"U0204","0395710901","6"
"U0204","0451203046","8"
"U0204","3499110695","4"
"U0204","0064407667","5"
"U0204","0895774666","9"
"U0204","1558505377","6"
"U0204","8486433193","6"
"U0204","0375500766","5"
"U0204","0671000306","7"
"U0204","0553298860","6"
"U0204","0142001740","5"
"U0204","0394820371","8"
"U0204","0345417623","6"
"U0204","0440117291","10"
"U0204","3257201761","4"
"U0204","0679310002","4"
"U0204","1573228737","9"
"U0204","0553580388","4"
"U0204","042517736X","6"
"U0204","0553210092","9"
"U0204","3257233051","7"
"U0204","0618231617","4"
"U0204","0800706544","7"
"U0204","0307215342","10"
"U0204","0870441663","7"
"U0204","0440211727","4"
"U0204","0316782505","2"
"U0204","051513290X","6"
"U0204","0743230051","2"
"U0204","0875421288","5"
"U0205","0425181111","7"
"U0205","0060930187","6"
"U0205","0385497466","8"
"U0205","0671047612","9"
"U0205","0842329129","10"
"U0205","0525944834","8"
"U0205","0156013967","4"
"U0205","0380754509","8"
"U0205","0892967994","3"
"U0205","0451454243","4"
"U0205","0786889705","3"
"U0205","0399147012","4"
"U0205","0307215342","8"
"U0205","0375410538","4"
"U0205","0393321576","8"
"U0205","0786913878","9"
"U0205","039457513X","5"
"U0205","0451527747","8"
"U0205","0345313860","6"
"U0205","051762639X","6"
"U0205","2290314951","5"
"U0205","0553562819","4"
"U0205","0152012966","8"
"U0205","0425184129","10"
"U0205","0061080519","6"
"U0205","0553579681","7"
"U0206","0445402040","5"
"U0206","0061099686","10"
"U0206","042517736X","6"
"U0206","0060929790","3"
"U0206","055329198X","3"
"U0206","0590450875","7"
"U0206","0679801146","9"
"U0206","0884111342","2"
"U0206","0345433173","3"
"U0206","0440122090","6"
"U0206","0380717018","8"
"U0206","0515127833","8"
"U0206","0618231617","4"
"U0206","8486433193","9"
"U0206","0743245024","6"
"U0206","0345441133","4"
"U0206","0316168815","5"
"U0206","8478097732","7"
"U0206","0767903579","7"
"U0206","8484509141","4"
"U0206","0395710901","4"
"U0206","0446605484","8"
"U0206","067103619X","9"
"U0206","042518630X","7"
"U0206","0553582682","10"
"U0206","0679865691","7"
"U0206","0152012966","8"
"U0206","0889740828","3"
"U0206","0835949362","7"
"U0206","0380978539","3"
"U0206","0449207757","4"
"U0206","0142001740","10"
"U0206","0425142485","6"
"U0206","0061080519","3"
"U0206","0380012863","4"
"U0206","0440120470","5"
"U0206","0425179672","9"
"U0206","0971880107","10"
"U0206","0618119760","4"
"U0206","080901582X","6"
"U0206","0786889705","3"
"U0207","0425137945","4"
"U0207","0446531332","4"
"U0207","0345465083","5"
"U0207","0517201658","4"
"U0207","0440226104","7"
"U0207","0451526279","8"
"U0207","0849943728","9"
"U0207","0449912302","8"
"U0207","0316789089","4"
"U0207","0671742566","4"
"U0207","2253004022","4"
"U0207","0020442408","3"
"U0207","3442724686","7"
"U0207","0142000205","8"
"U0207","0553285343","4"
"U0207","0441783589","6"
"U0207","0446601640","5"
"U0207","3423116714","7"
"U0207","0440222303","9"
"U0207","055356451X","7"
"U0207","1854795554","3"
"U0207","8420639133","4"
"U0207","0439221730","5"
"U0207","0385721420","5"
"U0207","3404121686","9"
"U0207","0374386676","8"
"U0207","0679450432","6"
"U0207","1842151053","6"
"U0207","0451410556","8"
"U0207","0805063897","7"
"U0207","0380759497","5"
"U0207","0449006557","9"
"U0207","0140293248","10"
"U0207","140003180X","8"
"U0207","0345313097","8"
"U0207","0373836023","8"
"U0207","0486285529","9"
"U0207","1414035004","4"
"U0207","2253043974","6"
"U0207","0399144463","7"
"U0207","0316748641","6"
"U0207","0316693006","8"
"U0207","0374343381","8"
"U0207","0312853238","5"
"U0207","1552041778","4"
"U0207","0743439740","6"
"U0207","0061080519","5"
"U0207","1570717257","10"
"U0207","0515127833","8"
"U0207","0450029956","3"
"U0208","0689821166","4"
"U0208","1903019699","4"
"U0208","155874262X","5"
"U0208","8427007450","8"
"U0208","0312145543","6"
"U0208","0553280333","8"
"U0208","0553562819","10"
"U0208","0553581279","5"
"U0208","0446606197","6"
"U0208","0312995431","8"
"U0208","0439042917","10"
"U0208","0671694049","3"
"U0208","207053880X","5"
"U0208","8472238822","6"
"U0208","0679801146","6"
"U0208","8478097732","3"
"U0208","0393318435","4"
"U0208","1569471096","4"
"U0208","0156047624","10"
"U0208","0140622063","8"
"U0208","0743206053","5"
"U0208","1561672033","7"
"U0209","0553289063","8"
"U0209","0385496907","6"
"U0209","3257201761","6"
"U0209","0823032612","3"
"U0209","0450029956","7"
"U0209","0898151910","7"
"U0209","0060973897","5"
"U0209","0060938412","7"
"U0209","0452277337","8"
"U0209","0743229878","4"
"U0209","0451526341","7"
"U0209","0684868911","6"
"U0209","0767903579","6"
"U0209","2253004022","7"
"U0209","0375509038","6"
"U0209","0345371984","9"
"U0209","0517577402","7"
"U0209","0425181111","6"
"U0209","1562477528","5"
"U0209","0486281965","4"
"U0209","3423116714","4"
"U0209","0679420118","4"
"U0209","0345428900","3"
"U0209","0440122090","5"
"U0209","0553802488","8"
"U0209","014036336X","8"
"U0209","0425139069","4"
"U0209","1552041778","3"
"U0209","8466601090","7"
"U0209","185479549X","8"
"U0209","0380973839","8"
"U0209","0743201078","5"
"U0209","0380710218","2"
"U0209","0385418493","7"
"U0209","067153484X","6"
"U0209","0440226104","4"
"U0209","0002740230","9"
"U0209","0373836023","5"
"U0209","0060558865","3"
"U0209","0446531332","6"
"U0209","0345391691","10"
"U0209","0380728729","3"
"U0209","0805063897","8"
"U0209","0785263292","7"
"U0209","3404118960","9"
"U0210","0345433173","7"
"U0210","8484509141","9"
"U0210","0345451260","6"
"U0210","042517736X","3"
"U0210","3426605686","5"
"U0210","0064405052","8"
"U0210","006017143X","3"
"U0210","0380012863","4"
"U0210","0385314019","7"
"U0210","0451523318","6"
"U0210","0345353625","6"
"U0210","0671002481","6"
"U0210","0060006048","5"
"U0210","0425161722","8"
"U0210","0064470113","6"
"U0210","1853262404","6"
"U0210","0786889160","8"
"U0210","0449202631","5"
"U0210","0425176428","8"
"U0210","087113375X","6"
"U0210","0380715899","8"
"U0210","0553107305","9"
"U0210","0812523385","8"
"U0210","0345403339","3"
"U0210","0440130913","6"
"U0210","0451186648","4"
"U0210","0393030342","6"
"U0210","0312995423","8"
"U0210","0394551427","3"
"U0210","0449005410","6"
"U0210","0425163091","9"
"U0210","0375719180","10"
"U0210","0671023616","8"
"U0210","2253007102","8"
"U0210","0062770500","10"
"U0210","0440241413","5"
"U0210","0684193957","9"
"U0210","1842040154","2"
"U0210","0449245691","4"
"U0210","1842151053","8"
"U0210","0446325805","3"
"U0210","0395877563","4"
"U0211","1563410443","6"
"U0211","0670815373","2"
"U0211","0440234743","3"
"U0211","207053880X","3"
"U0211","0889740828","4"
"U0211","193156146X","8"
"U0211","0060558865","6"
"U0211","0060801263","8"
"U0211","0515134368","7"
"U0211","1561561428","6"
"U0211","0385337639","8"
"U0211","0345369068","9"
"U0211","0451185277","8"
"U0211","1567920047","7"
"U0211","0804106304","7"
"U0211","0451526279","6"
"U0211","3499151502","3"
"U0211","0198320264","7"
"U0211","061312975X","6"
"U0211","1555835953","3"
"U0211","1575843366","4"
"U0211","0842329129","9"
"U0211","0307118703","8"
"U0211","0821772953","4"
"U0211","0600586898","7"
"U0211","0865050880","3"
"U0211","1567407781","7"
"U0211","0812521331","9"
"U0211","0446601640","7"
"U0211","1405200677","6"
"U0211","0553583468","4"
"U0211","067176537X","6"
"U0211","0393321576","8"
"U0211","0425176428","7"
"U0211","0345346971","6"
"U0211","030720152X","8"
"U0211","0440117291","5"
"U0211","0316693006","8"
"U0211","0670892963","5"
"U0211","3492045642","4"
"U0211","0064472779","7"
"U0211","0553574159","7"
"U0211","0449006522","4"
"U0211","0451166892","3"
"U0211","0316116025","4"
"U0212","0425166619","5"
"U0212","0393048977","8"
"U0212","0684193957","8"
"U0212","1575843366","3"
"U0212","0064405052","5"
"U0212","0451186648","6"
"U0212","0374343381","3"
"U0212","0451406923","3"
"U0212","0486272664","9"
"U0212","0380717018","3"
"U0212","185479549X","6"
"U0212","0060621257","10"
"U0212","0425142485","6"
"U0212","0345429176","7"
"U0212","0451410556","6"
"U0212","0340767936","5"
"U0212","0679801146","3"
"U0212","0553561618","4"
"U0212","0884111342","3"
"U0212","0812575954","5"
"U0212","0451162072","3"
"U0212","0679427430","9"
"U0212","0618231617","8"
"U0212","0060925000","6"
"U0212","0380619458","8"
"U0212","0060973897","9"
"U0212","8483002523","5"
"U0212","1569471096","3"
"U0212","0515134368","7"
"U0213","0743418190","8"
"U0213","0515118656","7"
"U0213","0821775863","8"
"U0213","0684801221","2"
"U0213","0060188731","6"
"U0213","0385336772","6"
"U0213","0553212583","4"
"U0213","0060913509","3"
"U0213","0894342789","9"
"U0213","0684833395","5"
"U0213","0375403582","10"
"U0213","0435272683","5"
"U0213","0525944834","10"
"U0213","1573229571","9"
"U0213","0060930705","4"
"U0213","0380704587","2"
"U0213","0842329129","8"
"U0213","0345425294","6"
"U0213","0553571486","9"
"U0213","1576737357","9"
"U0213","0684180200","7"
"U0213","0451205197","4"
"U0213","0385235941","7"
"U0213","0385497466","5"
"U0213","0743249992","3"
"U0213","0609605925","10"
"U0213","0316769487","7"
"U0213","0743458303","7"
"U0213","0525943862","5"
"U0213","0061052515","8"
"U0213","0553278223","6"
"U0213","0140021566","5"
"U0213","0786890436","6"
"U0213","1559703237","10"
"U0213","9724119378","4"
"U0213","0679310002","3"
"U0213","0515127833","4"
"U0214","3257208669","3"
"U0214","0140286276","3"
"U0214","3502670005","6"
"U0214","0330332775","7"
"U0214","052594463X","4"
"U0214","1555834531","9"
"U0214","0385316895","9"
"U0214","0060915544","8"
"U0214","0819215635","6"
"U0214","0451527747","2"
"U0214","0449202631","4"
"U0214","0060923245","3"
"U0214","0061050474","3"
"U0214","8478097732","6"
"U0214","0671694049","7"
"U0214","051513290X","7"
"U0214","0553202294","5"
"U0214","0385500769","10"
"U0214","0972044205","7"
"U0214","0449209121","3"
"U0214","0812523873","5"
"U0214","0394178017","9"
"U0214","0590687301","3"
"U0214","0553212583","7"
"U0215","0140253580","5"
"U0215","1562827049","2"
"U0215","1592571301","10"
"U0215","0140622063","7"
"U0215","0312312628","4"
"U0215","0151008116","4"
"U0215","0590687301","8"
"U0215","1880185008","2"
"U0215","0450029956","9"
"U0215","0590870157","6"
"U0215","068484267X","9"
"U0215","0030096189","3"
"U0215","1853262404","5"
"U0215","0684864843","6"
"U0215","0880011025","2"
"U0215","0553278223","4"
"U0215","1551668785","9"
"U0215","0451185277","7"
"U0215","0449002632","8"
"U0215","0373750013","6"
"U0215","8440616252","6"
"U0215","2253043974","4"
"U0215","0679751343","2"
"U0215","0449006557","8"
"U0215","0345369947","2"
"U0215","0940322978","4"
"U0215","0345465083","10"
"U0215","140003180X","6"
"U0216","0425174484","4"
"U0216","8475960936","6"
"U0216","037582345X","5"
"U0216","0451410319","3"
"U0216","0915811537","5"
"U0216","0140253580","2"
"U0216","0373836023","9"
"U0216","0385418493","9"
"U0216","0061080519","5"
"U0216","0415928087","7"
"U0216","3257212054","5"
"U0216","0740700235","6"
"U0216","0385503857","7"
"U0216","0140292918","9"
"U0216","0440241413","8"
"U0216","0245542957","7"
"U0216","0345313860","4"
"U0216","0394820371","5"
"U0216","0684864320","4"
"U0216","0872200760","8"
"U0216","0671047612","6"
"U0216","0393045218","10"
"U0216","1573229148","10"
"U0216","0373123485","5"
"U0216","2020315491","5"
"U0216","0821770209","4"
"U0216","0380728729","7"
"U0216","0345370740","5"
"U0216","0307118703","3"
"U0216","0887841740","7"
"U0216","0452283914","5"
"U0216","0061064505","7"
"U0217","0380973839","9"
"U0217","1575024179","8"
"U0217","0590870157","7"
"U0217","0380718332","7"
"U0217","0312953453","3"
"U0217","0425137945","2"
"U0217","8433914545","2"
"U0217","0785815147","9"
"U0217","0061042943","5"
"U0217","0060558865","4"
"U0217","0553579673","9"
"U0217","0192815318","7"
"U0217","068983571X","4"
"U0217","0743412621","8"
"U0217","0380711109","9"
"U0217","0553107305","8"
"U0217","0399138684","5"
"U0217","0140253580","3"
"U0217","0425163091","8"
"U0217","0345379454","9"
"U0217","0486206173","9"
"U0217","0747538069","6"
"U0217","0440225078","7"
"U0217","0446612618","7"
"U0217","0446300101","9"
"U0217","1567184294","4"
"U0217","2871290911","4"
"U0218","185479549X","8"
"U0218","0130139165","6"
"U0218","0312980388","7"
"U0218","0880701102","9"
"U0218","0316171107","6"
"U0218","3492207006","3"
"U0218","042517736X","5"
"U0218","0679425608","5"
"U0218","0061099325","4"
"U0218","0486292940","10"
"U0218","0425049981","4"
"U0218","0865050880","5"
"U0218","0446610178","6"
"U0218","1559703237","5"
"U0218","0671027360","5"
"U0218","0743213831","4"
"U0218","0449911683","6"
"U0218","0451203046","5"
"U0218","0060930365","5"
"U0218","1878424319","8"
"U0218","0671888587","4"
"U0218","0684868911","3"
"U0218","0375500766","9"
"U0218","0671649949","4"
"U0218","0449202631","3"
"U0218","0060168013","10"
"U0218","1563899388","7"
"U0218","1842040154","7"
"U0218","1877727083","4"
"U0218","0452283914","7"
"U0218","1857938011","4"
"U0218","0312288115","8"
"U0218","0375705856","4"
"U0218","0449212084","8"
"U0218","0684177730","8"
"U0218","0345335465","7"
"U0218","0553256785","6"
"U0218","0446519138","5"
"U0218","0060173289","8"
"U0218","0671023616","5"
"U0218","0609606727","6"
"U0218","0380012863","8"
"U0219","0590687301","9"
"U0219","0061099686","8"
"U0219","0060932759","4"
"U0219","0195086295","9"
"U0219","0446602086","10"
"U0219","0385337639","5"
"U0219","0740700235","2"
"U0219","0486285529","6"
"U0219","0842342702","10"
"U0219","0446612545","7"
"U0219","0842336214","8"
"U0219","0393048977","4"
"U0219","8433914545","3"
"U0219","0375801677","4"
"U0219","0026329859","6"
"U0219","0670035262","9"
"U0219","8478800336","6"
"U0219","0394895894","9"
"U0219","2253043974","6"
"U0219","3257210450","8"
"U0219","0002005018","6"
"U0219","1576737357","3"
"U0219","1888451084","9"
"U0219","0061080519","7"
"U0219","0061099325","5"
"U0219","0061052515","10"
"U0219","0316693200","3"
"U0220","0786868716","6"
"U0220","0316769487","7"
"U0220","0807565288","8"
"U0220","0446612618","5"
"U0220","0062517856","4"
"U0220","039456894X","4"
"U0220","068983585X","5"
"U0220","0316693200","10"
"U0220","0385314019","8"
"U0220","0060083298","3"
"U0220","0743249992","10"
"U0220","0060191929","7"
"U0220","8429736131","3"
"U0220","3257208669","9"
"U0220","0425179672","3"
"U0220","0553256785","3"
"U0220","044651747X","7"
"U0220","1401201172","6"
"U0220","0440224829","5"
"U0220","0679603352","6"
"U0220","038076654X","10"
"U0220","0553280333","9"
"U0220","0345371984","8"
"U0220","8478091246","10"
"U0220","0553583468","7"
"U0220","0140065172","4"
"U0220","0380728729","8"
"U0220","0670035262","7"
"U0220","0446300101","6"
"U0220","1842040154","6"
"U0220","0811203220","9"
"U0220","0590514776","8"
"U0220","0385306032","2"
"U0220","0816728739","5"
"U0220","3442724686","7"
"U0220","0380778556","7"
"U0220","0446364762","4"
"U0220","8477830029","6"
"U0220","0425134350","6"
"U0220","0345395379","3"
"U0220","0451162072","5"
"U0220","0345313097","4"
"U0220","1877727083","8"
"U0220","0373871562","7"
"U0220","0937858994","3"
"U0220","0590481371","7"
"U0221","0062507249","4"
"U0221","0446300101","3"
"U0221","1558744150","4"
"U0221","0060168013","5"
"U0221","0399147128","8"
"U0221","0451527747","4"
"U0221","0451526279","5"
"U0221","0439061644","9"
"U0221","0440225701","9"
"U0221","0671027360","8"
"U0221","0060913509","8"
"U0221","0821772953","7"
"U0221","0451202341","6"
"U0221","0060938412","4"
"U0221","0440223571","6"
"U0221","0375501347","9"
"U0221","0553278746","6"
"U0221","0060173289","7"
"U0221","0972044205","2"
"U0221","0671042556","8"
"U0221","0345335465","3"
"U0221","1576737357","7"
"U0221","0345435869","4"
"U0221","0439095026","9"
"U0221","0393020371","3"
"U0221","1879384493","5"
"U0221","0439221730","3"
"U0221","3570300099","9"
"U0221","0743458303","3"
"U0221","0440226694","5"
"U0222","0416196772","6"
"U0222","0812524853","9"
"U0222","0515128554","3"
"U0222","0679733825","6"
"U0222","0451526341","9"
"U0222","0061050474","6"
"U0222","1401201172","5"
"U0222","0689832877","6"
"U0222","0435272683","5"
"U0222","0446527165","6"
"U0222","0375414746","8"
"U0222","051513290X","2"
"U0222","0316735027","6"
"U0222","1567920047","5"
"U0222","0449911683","8"
"U0222","0836230868","5"
"U0222","0671870432","10"
"U0222","0312252617","10"
"U0222","0060192631","8"
"U0222","042511774X","5"
"U0222","0425169626","5"
"U0222","1573225126","4"
"U0222","0002740230","4"
"U0222","0312963009","7"
"U0222","0786868015","6"
"U0222","0440222303","5"
"U0222","0743201078","6"
"U0222","006017143X","4"
"U0222","0425124347","6"
"U0222","3423241489","5"
"U0222","3426605686","6"
"U0222","0385335679","8"
"U0222","0440234743","6"
"U0222","2253004022","8"
"U0222","0385508042","7"
"U0222","0812523873","7"
"U0222","0816152446","8"
"U0222","0684848783","2"
"U0222","0889740828","2"
"U0222","0440235057","6"
"U0222","0345429176","9"
"U0222","3442724686","4"
"U0222","0307215342","6"
"U0222","8445071769","8"
"U0222","0525947647","5"
"U0222","0451154916","5"
"U0222","0451204050","8"
"U0222","0425182878","7"
"U0222","068983571X","5"
"U0222","0553574167","10"
"U0223","0312977905","4"
"U0223","0374343381","9"
"U0223","0060913509","5"
"U0223","0060192631","7"
"U0223","0618173870","8"
"U0223","0689832877","7"
"U0223","2290314951","7"
"U0223","0393321576","9"
"U0223","1575024179","8"
"U0223","0830714014","5"
"U0223","1567407781","7"
"U0223","0515134279","4"
"U0223","1862047626","7"
"U0223","0345346971","9"
"U0223","0452279690","4"
"U0223","034543191X","8"
"U0223","0152012966","8"
"U0223","0393048977","4"
"U0223","0927545373","3"
"U0223","0316314927","3"
"U0223","0195153448","4"
"U0223","0061064505","10"
"U0223","0670844594","4"
"U0223","0064472779","4"
"U0223","0385496907","7"
"U0223","0345379454","3"
"U0223","0892967994","6"
"U0223","068983585X","7"
"U0223","1558505377","6"
"U0223","229000510X","8"
"U0223","0375823352","8"
"U0223","0060558865","3"
"U0223","0571209521","3"
"U0223","0312980388","8"
"U0223","0671047612","5"
"U0223","0380730138","6"
"U0223","0439510112","6"
"U0223","0380704587","6"
"U0223","0590514776","3"
"U0223","042518630X","4"
"U0224","0345311396","6"
"U0224","2264009306","7"
"U0224","0486284735","5"
"U0224","0425182878","9"
"U0224","3257208634","6"
"U0224","0345313860","5"
"U0224","0679751343","3"
"U0224","0140345809","4"
"U0224","0395877563","8"
"U0224","0316171107","4"
"U0224","0449911004","5"
"U0224","1555834531","6"
"U0224","0849943450","8"
"U0224","0553571486","5"
"U0224","0375414746","7"
"U0224","0393048977","7"
"U0224","0375406328","8"
"U0224","0553225987","4"
"U0224","0140620664","7"
"U0224","0373484100","8"
"U0224","0312995423","8"
"U0224","0345428900","5"
"U0224","0345353625","4"
"U0224","044132231X","3"
"U0224","038078243X","10"
"U0224","0375509038","9"
"U0224","0449131548","4"
"U0224","0385497679","7"
"U0224","0451205197","7"
"U0224","074345829X","6"
"U0224","0446527793","4"
"U0224","3548254268","10"
"U0224","1862047626","7"
"U0224","0670892963","8"
"U0224","0060192631","3"
"U0224","0670856045","5"
"U0224","0394743741","5"
"U0224","0865050880","8"
"U0224","8472238822","5"
"U0225","0345369068","9"
"U0225","8476409419","8"
"U0225","0553580388","10"
"U0225","0345395379","4"
"U0225","015600710X","3"
"U0225","0345404793","6"
"U0225","0385336772","5"
"U0225","0743403843","5"
"U0225","0156528207","6"
"U0225","0875421288","2"
"U0225","039914739X","8"
"U0225","0380715899","8"
"U0225","0842336214","4"
"U0225","0889740828","7"
"U0225","2253004022","2"
"U0225","0553802488","7"
"U0225","8472227421","4"
"U0225","0963094424","8"
"U0225","0395877563","7"
"U0225","039304016X","6"
"U0225","0446677450","8"
"U0225","1570717257","5"
"U0225","0380973839","4"
"U0225","0316666343","7"
"U0225","0374343381","7"
"U0225","0142001740","4"
"U0225","0060929790","10"
"U0225","0440122090","10"
"U0225","0380817144","3"
"U0225","1562827049","3"
"U0225","0385730586","4"
"U0225","0684854953","7"
"U0225","2253007102","9"
"U0225","0671027387","4"
"U0225","0553582909","4"
"U0225","0425156842","5"
"U0225","0553278746","5"
"U0225","1573225487","7"
"U0225","0894342789","6"
"U0225","0312282990","7"
"U0225","0439221684","8"
"U0225","067103619X","4"
"U0225","0446527793","6"
"U0225","0812523385","7"
"U0225","2070417743","10"
"U0225","0897322339","8"
"U0225","0060177586","7"
"U0225","0812575954","6"
"U0225","0060934719","9"
"U0225","156718796X","6"
"U0225","3499222604","3"
"U0225","0385418493","6"
"U0225","0787955671","7"
"U0225","3499177757","2"
"U0225","0553579681","9"
"U0225","0590406019","9"
"U0226","0374343381","8"
"U0226","0520011171","7"
"U0226","076218857X","3"
"U0226","0312156960","4"
"U0226","2253007102","6"
"U0226","0835949362","4"
"U0226","0823032612","5"
"U0226","0425134350","2"
"U0226","0842336214","6"
"U0226","0440226104","10"
"U0226","8483007010","7"
"U0226","3462021095","6"
"U0226","1563899388","9"
"U0226","0345313860","4"
"U0226","0345372700","8"
"U0226","0380815923","5"
"U0226","3499222604","9"
"U0226","0553278223","4"
"U0226","0440122090","9"
"U0226","0345346971","7"
"U0226","0679442790","8"
"U0226","0312980388","9"
"U0226","0743462335","5"
"U0226","8474103347","3"
"U0226","0385306032","8"
"U0226","0380728729","8"
"U0226","0060801263","4"
"U0226","0385424728","7"
"U0226","0802114369","4"
"U0226","3442098424","6"
"U0226","0380715899","8"
"U0226","0060973129","8"
"U0226","0670035262","6"
"U0226","0380973839","7"
"U0226","0375400117","6"
"U0226","0451525221","5"
"U0226","0590687301","4"
"U0226","0553347594","7"
"U0227","0446527165","3"
"U0227","0671021745","7"
"U0227","0425142485","10"
"U0227","0451197275","8"
"U0227","0451206673","7"
"U0227","0805056491","7"
"U0227","0446531332","2"
"U0227","0689832877","10"
"U0227","1853260622","5"
"U0227","038076654X","8"
"U0227","0425182878","7"
"U0227","0684193957","7"
"U0227","156718796X","8"
"U0227","3257233051","8"
"U0227","193156146X","2"
"U0227","0801096677","8"
"U0227","0425184129","10"
"U0227","0452277337","10"
"U0227","0821775863","7"
"U0227","0590514776","5"
"U0227","1563898586","10"
"U0227","0671023616","10"
"U0227","0451526341","7"
"U0227","2871290911","8"
"U0227","0385497679","7"
"U0227","185424597X","7"
"U0227","0771088191","6"
"U0227","0425161722","3"
"U0227","0449209121","10"
"U0227","0671870432","9"
"U0227","0786868716","9"
"U0227","0345346971","9"
"U0227","0743418190","7"
"U0227","0440441501","3"
"U0227","0312853238","9"
"U0227","3492207006","8"
"U0227","080901582X","8"
"U0227","0373250339","8"
"U0227","3257216416","6"
"U0227","0394586239","3"
"U0228","0060925000","6"
"U0228","0894342789","7"
"U0228","1862047626","8"
"U0228","0375500766","4"
"U0228","0415928087","4"
"U0228","0446672211","8"
"U0228","3442410665","9"
"U0228","015600710X","6"
"U0228","0684717255","5"
"U0228","3889774016","5"
"U0228","0312283784","9"
"U0228","0316693200","4"
"U0228","8445071769","7"
"U0228","0435272683","6"
"U0228","0740700235","5"
"U0228","0941423042","2"
"U0228","0140622063","7"
"U0228","0843136685","3"
"U0228","038081840X","7"
"U0228","0671521519","3"
"U0228","0345348036","7"
"U0228","0439221714","6"
"U0228","1558531025","2"
"U0228","0380792664","8"
"U0228","0486281965","7"
"U0228","0590629719","4"
"U0229","0345428900","7"
"U0229","0440211727","6"
"U0229","0786889705","6"
"U0229","0345335465","5"
"U0229","0373123485","6"
"U0229","006102063X","8"
"U0229","0743206053","6"
"U0229","0446300101","8"
"U0229","0553280589","3"
"U0229","0451204050","6"
"U0229","0060177586","7"
"U0229","0553579681","6"
"U0229","0689821166","9"
"U0229","0062517856","8"
"U0229","0486272745","10"
"U0229","0307001164","4"
"U0229","0674511255","5"
"U0229","0345369947","10"
"U0229","0451188209","8"
"U0229","0312986769","5"
"U0229","0440225701","3"
"U0229","0449202631","6"
"U0229","0061030147","3"
"U0229","0446610399","2"
"U0229","0871137380","9"
"U0229","0380538504","3"
"U0229","0020442408","7"
"U0229","8478097732","9"
"U0229","0895872102","4"
"U0229","061312975X","5"
"U0229","0140252800","3"
"U0229","0743412621","7"
"U0230","0671018930","5"
"U0230","0801491827","7"
"U0230","156971620X","8"
"U0230","0142001740","3"
"U0230","1853260053","7"
"U0230","0679425608","6"
"U0230","0425182908","10"
"U0230","0345402871","7"
"U0230","0446527793","6"
"U0230","0553582682","7"
"U0230","225300670X","10"
"U0230","0393045218","9"
"U0230","0940322978","7"
"U0230","074345829X","8"
"U0230","0064409457","10"
"U0230","0743403843","7"
"U0230","067175145X","7"
"U0230","0312145543","4"
"U0230","0679427430","8"
"U0230","0843136685","10"
"U0230","8466601090","7"
"U0230","0380710218","9"
"U0230","0689821166","10"
"U0230","0688048730","9"
"U0230","0245542957","8"
"U0230","0590481371","4"
"U0230","0771088191","4"
"U0230","0345356578","9"
"U0230","0679410430","9"
"U0230","0415928087","10"
"U0230","0747549923","7"
"U0230","0842329129","8"
"U0230","0446519138","5"
"U0230","0451523415","8"
"U0230","3462021095","8"
"U0230","8420639133","10"
"U0230","0385336772","6"
"U0230","0061076031","2"
"U0230","0345429176","9"
"U0230","0451456548","8"
"U0230","0743462335","8"
"U0230","0449006522","10"
"U0230","0553571486","9"
"U0230","0380973839","5"
"U0230","0670031046","8"
"U0230","0312965745","2"
"U0231","0743418190","5"
"U0231","0312953453","7"
"U0231","0743206053","4"
"U0231","8483007010","7"
"U0231","0449213773","7"
"U0231","0671742566","9"
"U0231","0553279572","7"
"U0231","0451162072","8"
"U0231","061312975X","7"
"U0231","0060177586","8"
"U0231","0449002632","7"
"U0231","0842342702","10"
"U0231","0399137807","9"
"U0231","0312283784","9"
"U0231","207053880X","4"
"U0231","0521427150","2"
"U0231","1573225487","9"
"U0231","0451206673","9"
"U0231","068983585X","7"
"U0231","0381999866","6"
"U0231","1558746218","5"
"U0231","0684824442","9"
"U0231","0440219604","8"
"U0231","0060192631","6"
"U0231","0670856045","3"
"U0231","0786868716","10"
"U0231","1561561428","2"
"U0231","044022165X","7"
"U0232","0684177730","7"
"U0232","0618119760","9"
"U0232","0308102282","10"
"U0232","0380732335","9"
"U0232","0679310002","5"
"U0232","0195086295","10"
"U0232","0449212084","8"
"U0232","0802114369","10"
"U0232","2871290911","10"
"U0232","0425137945","9"
"U0232","0439510112","3"
"U0232","0375406328","5"
"U0232","1592571301","5"
"U0232","055321215X","9"
"U0232","0785815147","6"
"U0232","051513290X","5"
"U0232","0380709260","6"
"U0232","1569871213","4"
"U0232","0961769947","10"
"U0232","2020315491","8"
"U0232","0449207595","8"
"U0232","0373245580","4"
"U0232","0375403582","5"
"U0232","0380759497","3"
"U0232","0385337132","4"
"U0232","0439095026","5"
"U0232","0786015276","6"
"U0233","0061052515","5"
"U0233","0671779338","4"
"U0233","3596292646","4"
"U0233","2253005274","6"
"U0233","1900850303","9"
"U0233","0590947257","8"
"U0233","043922165X","7"
"U0233","0590418858","6"
"U0233","0345428544","4"
"U0233","0515122408","4"
"U0233","0451525221","4"
"U0233","0061050474","8"
"U0233","0439095026","7"
"U0233","081296666X","9"
"U0233","0312965745","9"
"U0233","0451186648","3"
"U0233","3404921038","10"
"U0233","0895872102","8"
"U0233","006015781X","8"
"U0233","0439569842","4"
"U0233","0385508042","5"
"U0233","044023722X","6"
"U0233","0385472951","8"
"U0233","0446310786","6"
"U0233","0385336772","6"
"U0233","0380538504","4"
"U0233","2290314951","6"
"U0233","0553571486","9"
"U0233","0060013117","4"
"U0233","0345346971","6"
"U0233","042518630X","5"
"U0233","0345353625","5"
"U0233","0451204050","3"
"U0233","039456894X","6"
"U0234","0375821813","5"
"U0234","0316789089","6"
"U0234","0425184129","5"
"U0234","0671694049","6"
"U0234","0590481371","4"
"U0234","1563892278","10"
"U0234","1401201172","4"
"U0234","0609804618","5"
"U0234","0449005615","5"
"U0234","0440226694","4"
"U0234","0439095026","8"
"U0234","0373250339","2"
"U0234","0486206173","4"
"U0234","1884777805","7"
"U0234","0871138646","5"
"U0234","0452279690","4"
"U0234","3257216416","9"
"U0234","0380752115","8"
"U0234","0425176428","6"
"U0234","3257210450","6"
"U0234","0609605925","8"
"U0234","084994371X","6"
"U0234","0804001944","5"
"U0234","1886383421","9"
"U0234","0446602086","6"
"U0234","0446527165","5"
"U0234","0312287240","8"
"U0234","0915811537","7"
"U0234","080901582X","2"
"U0234","1562477528","9"
"U0234","0486272664","6"
"U0234","0375410538","4"
"U0235","039914563X","10"
"U0235","0395710901","8"
"U0235","0800706544","4"
"U0235","3257233051","6"
"U0235","0307215342","9"
"U0235","0060188731","8"
"U0235","0515128554","3"
"U0235","8807120194","5"
"U0235","0425137945","6"
"U0235","0060013117","4"
"U0235","0061080519","6"
"U0235","0061030147","6"
"U0235","0671521519","2"
"U0235","1552041778","4"
"U0235","0875421288","9"
"U0235","1559703237","4"
"U0235","0130139165","2"
"U0235","3570300099","9"
"U0235","0312980388","4"
"U0235","3442724686","5"
"U0235","0609606727","4"
"U0235","0316666343","5"
"U0236","0062507249","5"
"U0236","0803251718","8"
"U0236","0671847546","7"
"U0236","0374270325","5"
"U0236","0060938455","7"
"U0236","0380730448","4"
"U0236","0684854953","5"
"U0236","0385472951","5"
"U0236","0380012863","5"
"U0236","0064472264","4"
"U0236","044132231X","5"
"U0236","0679450432","5"
"U0236","0671868713","8"
"U0236","0451523318","6"
"U0236","0812541642","8"
"U0236","0440235502","10"
"U0236","0440415993","8"
"U0236","067103619X","9"
"U0236","038549825X","4"
"U0236","0571209521","7"
"U0236","0821775863","3"
"U0236","0345428544","4"
"U0236","0450029956","8"
"U0236","8478884963","7"
"U0236","0451202341","8"
"U0236","0684822733","4"
"U0236","0891091963","3"
"U0236","0771088191","4"
"U0236","0515134368","7"
"U0236","0671623249","4"
"U0236","1842151053","9"
"U0236","039457513X","5"
"U0236","8440616252","6"
"U0236","1928791107","6"
"U0236","0486284735","9"
"U0236","0440234743","5"
"U0236","0440219604","6"
"U0236","0345428900","4"
"U0236","2266084372","5"
"U0236","0142000205","6"
"U0236","0425134350","10"
"U0236","068983585X","7"
"U0236","0312953453","9"
"U0236","0312287240","7"
"U0236","0345339711","8"
"U0236","0385336772","5"
"U0237","0399137807","7"
"U0237","0374157065","4"
"U0237","0425113892","6"
"U0237","0446601640","7"
"U0237","0451202341","5"
"U0237","0446519138","5"
"U0237","1558746218","8"
"U0237","0312965745","7"
"U0237","0140185216","3"
"U0237","2070417743","7"
"U0237","0446612545","9"
"U0237","0140620664","6"
"U0237","0553210092","9"
"U0237","0385306032","4"
"U0237","155874262X","6"
"U0237","0345356578","7"
"U0237","3889774016","4"
"U0237","0689829698","3"
"U0237","1569471096","10"
"U0237","0812504208","4"
"U0237","0345372700","3"
"U0237","0553579681","4"
"U0237","3442446937","6"
"U0237","0312986769","4"
"U0237","0842336214","5"
"U0237","0062770500","4"
"U0237","0516076272","8"
"U0237","0026329859","9"
"U0237","0801096677","4"
"U0237","0060192631","8"
"U0237","0449907481","3"
"U0237","0849953014","7"
"U0237","0060915544","5"
"U0237","0670855758","9"
"U0237","0962893862","4"
"U0238","0385235941","8"
"U0238","0451208080","9"
"U0238","0786015276","8"
"U0238","0345374657","6"
"U0238","0142000205","7"
"U0238","0446612545","4"
"U0238","0446608653","2"
"U0238","0590225170","6"
"U0238","0446364193","9"
"U0238","0684717255","10"
"U0238","0380538504","5"
"U0238","0553101439","5"
"U0238","0451410319","7"
"U0238","0446523992","8"
"U0238","055329198X","4"
"U0238","0804001944","8"
"U0238","0064472779","8"
"U0238","0312980388","9"
"U0238","1558746218","9"
"U0238","2253004022","9"
"U0238","0394586239","9"
"U0238","0380978539","6"
"U0238","0385479689","4"
"U0238","3404118960","6"
"U0238","0451406923","7"
"U0238","0964778319","10"
"U0238","0743418190","2"
"U0238","0345402871","10"
"U0238","074345829X","5"
"U0238","044132231X","9"
"U0238","0905762487","7"
"U0238","0380718332","4"
"U0238","0840734530","7"
"U0238","0965746828","8"
"U0238","0684824442","7"
"U0238","0375500766","4"
"U0238","0439095026","7"
"U0238","0002005018","8"
"U0238","0747549923","8"
"U0238","0521427150","8"
"U0238","0060013117","10"
"U0238","0452277337","6"
"U0238","3518111000","6"
"U0238","0897322339","4"
"U0238","0671027387","7"
"U0238","0316735736","9"
"U0238","0553574159","7"
"U0238","0415928087","5"
"U0238","0345404777","8"
"U0238","0670035262","4"
"U0238","0140252800","3"
"U0239","0385508042","8"
"U0239","0679442790","9"
"U0239","0515122408","9"
"U0239","0743206053","4"
"U0239","0743230051","5"
"U0239","0446519138","4"
"U0239","0804106304","3"
"U0239","0380704587","6"
"U0239","0312278586","3"
"U0239","0553101439","3"
"U0239","0061052515","10"
"U0239","0743201078","3"
"U0239","0451406923","4"
"U0239","0440211727","7"
"U0239","038542471X","7"
"U0239","0688048730","7"
"U0239","9724119378","6"
"U0239","0679725393","4"
"U0239","3453212150","8"
"U0239","0385721420","5"
"U0239","0395710901","4"
"U0239","0393030342","5"
"U0239","0064472264","7"
"U0239","1884777805","7"
"U0239","0140067477","3"
"U0239","0821750410","10"
"U0239","156971620X","6"
"U0239","0553582747","8"
"U0239","0446610399","9"
"U0239","0842336214","8"
"U0239","0961769947","7"
"U0239","0451188209","6"
"U0240","0785815147","7"
"U0240","0821775863","2"
"U0240","0380973839","3"
"U0240","9681500555","10"
"U0240","0385418493","9"
"U0240","0061050474","7"
"U0240","0393321576","3"
"U0240","0679603352","6"
"U0240","0842342702","10"
"U0240","0140622063","10"
"U0240","0060976845","8"
"U0240","0679427430","6"
"U0240","0553107305","8"
"U0240","0451524489","6"
"U0240","052594463X","7"
"U0240","0553062042","5"
"U0240","0743229878","4"
"U0240","0671021001","9"
"U0240","0385337639","8"
"U0240","0553584383","5"
"U0240","0830714014","5"
"U0240","0060621257","3"
"U0240","3499110695","8"
"U0240","0312963009","9"
"U0240","0553578693","4"
"U0240","0679442790","8"
"U0240","0312282990","8"
"U0240","0060558865","4"
"U0240","0061009059","7"
"U0240","0064409457","8"
"U0240","0553561618","5"
"U0240","0198604025","6"
"U0240","0345402871","5"
"U0240","0064470113","8"
"U0240","0866119566","3"
"U0240","193072229X","6"
"U0240","0891091963","8"
"U0241","0345404777","6"
"U0241","0345430476","7"
"U0241","0451154916","9"
"U0241","0771076002","6"
"U0241","0486415864","2"
"U0241","0374386676","10"
"U0241","2266084372","5"
"U0241","0811203220","4"
"U0241","3423116714","3"
"U0241","0439095026","9"
"U0241","0446610178","4"
"U0241","0812541642","4"
"U0241","3404921038","8"
"U0241","0345429176","4"
"U0241","0684864320","4"
"U0241","1570717257","8"
"U0241","0812504208","8"
"U0241","0312206763","2"
"U0241","0880701102","3"
"U0241","006052779X","3"
"U0241","0380715899","6"
"U0241","0505524996","7"
"U0241","0385479689","9"
"U0241","0743439740","9"
"U0241","0743444167","8"
"U0241","0380815923","10"
"U0241","0553101439","5"
"U0241","0449001954","6"
"U0241","0375406328","9"
"U0241","055358099X","4"
"U0241","0425161722","9"
"U0241","8478098267","9"
"U0241","0345313097","7"
"U0241","067153484X","9"
"U0241","0380710218","3"
"U0241","0819154946","8"
"U0241","1563898586","6"
"U0241","0937858994","6"
"U0241","0875421288","4"
"U0241","0307215342","2"
"U0241","0380704587","6"
"U0241","0880011025","3"
"U0241","0312252617","3"
"U0241","0446610399","8"
"U0241","0816729913","7"
"U0242","0671867113","8"
"U0242","0671888587","9"
"U0242","0312287240","6"
"U0242","0767903285","8"
"U0242","1857938011","3"
"U0242","0385496907","3"
"U0242","0385337132","6"
"U0242","0517577402","5"
"U0242","1414035004","2"
"U0242","0446531332","3"
"U0242","0671525832","4"
"U0242","0399148582","2"
"U0242","3499177757","6"
"U0242","0393321576","5"
"U0242","1401201172","8"
"U0242","038549825X","8"
"U0242","3499151502","4"
"U0242","0872200760","7"
"U0242","0743412621","7"
"U0242","2253043974","4"
"U0242","3404921038","4"
"U0242","039456894X","2"
"U0242","0399144463","9"
"U0242","0156047624","10"
"U0242","0140185216","7"
"U0242","0380718332","3"
"U0242","0380978539","4"
"U0242","8429734996","5"
"U0242","0821750410","9"
"U0242","0743245024","7"
"U0243","0140345809","4"
"U0243","0316693200","3"
"U0243","1575843366","4"
"U0243","0380619458","9"
"U0243","0451155750","5"
"U0243","0020199090","7"
"U0243","0374386676","4"
"U0243","3442410665","5"
"U0243","0688169678","9"
"U0243","0140286276","5"
"U0243","0801096677","9"
"U0243","0345311396","6"
"U0243","0849943450","4"
"U0243","0312252617","10"
"U0243","0316782505","3"
"U0243","0380732335","5"
"U0243","0802114369","6"
"U0243","0061000280","10"
"U0243","0385496907","4"
"U0243","0684833395","3"
"U0243","0345369947","7"
"U0243","0312986769","9"
"U0243","0600586898","8"
"U0243","0747538069","9"
"U0243","0743201078","8"
"U0243","1563892278","7"
"U0243","0671504282","3"
"U0243","037582345X","5"
"U0243","0345402871","10"
"U0243","0380709260","5"
"U0243","8472227421","6"
"U0243","055356451X","5"
"U0243","0152162577","7"
"U0243","0684864843","4"
"U0243","8478884963","7"
"U0243","038542471X","5"
"U0243","0140382658","5"
"U0243","8476409419","2"
"U0243","0684868911","5"
"U0243","0449006522","8"
"U0243","0671694049","7"
"U0243","0670855758","5"
"U0243","0684177730","3"
"U0243","8423324311","5"
"U0243","8474103347","4"
"U0243","0312906552","5"
"U0243","0316116025","6"
"U0243","3498020862","3"
"U0243","0440241413","5"
"U0243","1555834531","4"
"U0243","0440122090","3"
"U0243","0140620664","8"
"U0244","0440211727","7"
"U0244","0553581279","5"
"U0244","1567184294","7"
"U0244","014036336X","7"
"U0244","0385495145","7"
"U0244","0393030342","10"
"U0244","0451195663","7"
"U0244","0821772953","7"
"U0244","042511774X","7"
"U0244","1579651658","8"
"U0244","0060938412","9"
"U0244","0399148582","7"
"U0244","0385511612","8"
"U0244","1569871213","7"
"U0244","0385313748","8"
"U0244","0941423042","4"
"U0244","0871137380","3"
"U0244","1563410443","8"
"U0244","0425049981","9"
"U0244","0684801221","9"
"U0244","0787955671","4"
"U0244","2266029460","9"
"U0244","0849943450","9"
"U0244","0345372700","9"
"U0244","0345348036","8"
"U0244","0618119760","7"
"U0244","0380807866","7"
"U0244","067976397X","7"
"U0244","8429736131","9"
"U0244","0060938455","3"
"U0245","0345379454","9"
"U0245","0451523415","10"
"U0245","0060927240","4"
"U0245","8445071769","2"
"U0245","0152162445","3"
"U0245","0385418493","5"
"U0245","0898151910","7"
"U0245","0446610178","10"
"U0245","0451195663","5"
"U0245","0679603352","5"
"U0245","3442410665","3"
"U0245","0380012863","4"
"U0245","0374343381","8"
"U0245","0451625889","8"
"U0245","0345435869","2"
"U0245","0385497679","3"
"U0245","0445402040","3"
"U0245","1555834531","4"
"U0245","8472224260","4"
"U0245","0064409457","7"
"U0245","0684833395","2"
"U0245","0312143370","2"
"U0245","0380973545","4"
"U0245","0060932759","4"
"U0245","0060006048","7"
"U0245","3257203659","10"
"U0245","0618231617","4"
"U0245","3548254268","3"
"U0245","0373871562","6"
"U0245","0671742566","10"
"U0245","1903019699","4"
"U0245","0345428900","6"
"U0245","0553582909","4"
"U0246","0590225170","8"
"U0246","0385336772","6"
"U0246","0425098109","4"
"U0246","0375821813","8"
"U0246","0451154916","9"
"U0246","0394178017","7"
"U0246","0425049981","4"
"U0246","0312278586","5"
"U0246","0674511255","3"
"U0246","0842342702","8"
"U0246","0061052515","9"
"U0246","0425174484","5"
"U0246","0380617625","6"
"U0246","080411952X","6"
"U0246","0345348036","10"
"U0246","0553584383","6"
"U0246","1551668785","7"
"U0246","0316693006","8"
"U0246","0345433173","9"
"U0246","0609804618","9"
"U0246","0452282152","5"
"U0246","0787955671","3"
"U0246","1559703237","8"
"U0246","0312963009","3"
"U0246","3548254268","6"
"U0246","0385306032","3"
"U0246","0823032612","3"
"U0246","0449134482","9"
"U0246","0385503857","6"
"U0246","0830714014","5"
"U0246","0060575808","6"
"U0246","0380730448","5"
"U0246","0884111342","6"
"U0246","0440219078","9"
"U0246","0373250339","6"
"U0246","0525944834","2"
"U0246","0394895894","8"
"U0246","0553574159","7"
"U0246","1563410443","4"
"U0246","0671002481","4"
"U0246","0451625889","5"
"U0246","0449002632","7"
"U0246","0553574167","8"
"U0246","0743211383","8"
"U0246","0345435869","6"
"U0246","8806142267","2"
"U0246","0684177730","7"
"U0246","0688180639","3"
"U0247","1555835953","3"
"U0247","074345829X","5"
"U0247","1878424319","2"
"U0247","0060934719","8"
"U0247","0385337132","9"
"U0247","0449001954","2"
"U0247","0446605484","10"
"U0247","0192815318","8"
"U0247","0836230868","3"
"U0247","0446612618","7"
"U0247","8484509141","2"
"U0247","8483007010","9"
"U0247","0375726403","7"
"U0247","0670844594","6"
"U0247","0380778556","9"
"U0247","0449131548","6"
"U0247","0312977905","8"
"U0247","0385424728","10"
"U0247","0375704965","4"
"U0247","039457513X","5"
"U0247","0787955671","5"
"U0247","0061040967","6"
"U0247","0684864320","3"
"U0247","044132231X","6"
"U0248","0449005410","6"
"U0248","0517577402","10"
"U0248","1841721522","9"
"U0248","0887841740","5"
"U0248","0801096677","7"
"U0248","0345297709","3"
"U0248","0375400117","8"
"U0248","0380752115","5"
"U0248","0446608653","9"
"U0248","0385497466","4"
"U0248","3426605686","8"
"U0248","0425134350","5"
"U0248","0446677450","4"
"U0248","0425120279","3"
"U0248","0866119566","6"
"U0248","0670844594","10"
"U0248","0671649949","4"
"U0248","0451202341","9"
"U0248","0553578693","3"
"U0248","0816728739","9"
"U0248","006017143X","7"
"U0248","0451410319","8"
"U0248","0345335465","6"
"U0248","8484509141","9"
"U0248","0689829698","6"
"U0248","0445402040","7"
"U0248","0316782505","4"
"U0248","0373250339","7"
"U0249","0671867156","4"
"U0249","3257233051","5"
"U0249","0330484516","7"
"U0249","0440225078","6"
"U0249","0786886463","7"
"U0249","8486433193","5"
"U0249","0373123108","4"
"U0249","0380820447","4"
"U0249","2253007102","8"
"U0249","0380978539","7"
"U0249","0807565288","4"
"U0249","3423241489","4"
"U0249","0505524996","4"
"U0249","039457513X","7"
"U0249","0060929790","10"
"U0249","0425174484","5"
"U0249","0515127833","4"
"U0249","1884777805","5"
"U0249","0671623249","4"
"U0249","0062507249","8"
"U0249","0374157065","9"
"U0249","0805056491","6"
"U0249","0743470389","4"
"U0249","0446527165","3"
"U0249","0380730138","9"
"U0249","8474103347","4"
"U0249","0553561618","6"
"U0249","2080105434","7"
"U0249","0060801263","7"
"U0249","0385235941","10"
"U0249","0449207757","6"
"U0249","1579651658","3"
"U0249","0679425608","5"
"U0249","0439095026","9"
"U0249","0963094424","3"
"U0249","0385505833","9"
"U0249","0940322978","8"
"U0249","0394578791","7"
"U0249","0380973545","2"
"U0249","0385472951","7"
"U0249","0671461494","4"
"U0249","0743245024","6"
"U0249","0812523873","9"
"U0249","0590947257","6"
"U0250","3442098424","6"
"U0250","0345313860","4"
"U0250","8429734996","8"
"U0250","0062507249","4"
"U0250","0446531332","10"
"U0250","0380002450","2"
"U0250","8477830029","9"
"U0250","8806142267","6"
"U0250","0060973129","8"
"U0250","0684801221","8"
"U0250","0446364762","5"
"U0250","0316735736","9"
"U0250","2070423204","7"
"U0250","034543191X","2"
"U0250","0451195663","6"
"U0250","0380754509","7"
"U0250","1575024179","9"
"U0250","0060188731","8"
"U0250","0312282990","4"
"U0250","0142001740","8"
"U0250","0590897985","9"
"U0250","0670856045","7"
"U0250","0446325805","6"
"U0250","0394574745","9"
"U0250","0374270325","5"
"U0250","0394551427","3"
"U0250","0452264464","7"
"U0250","0553579673","6"
"U0250","0060930705","6"
"U0250","0345370740","4"
"U0250","0679810307","8"
"U0250","0553347594","4"
"U0250","0316602906","5"
"U0250","0515122408","2"
"U0250","8472227421","6"
"U0250","0375509038","4"
"U0250","0872200760","5"
"U0250","185479549X","6"
"U0250","0061099686","6"
"U0250","0449209121","4"
"U0250","1592571301","6"
"U0250","0425169626","4"
"U0250","3499110695","8"
"U0250","0515127833","2"
"U0250","0060930365","8"
"U0250","0060973897","8"
"U0250","0590419625","6"
"U0250","039914739X","10"
"U0250","0375823468","4"
"U0250","1579651658","6"
"U0250","0440241413","8"
"U0251","0140292918","9"
"U0251","0373250339","10"
"U0251","0373123108","7"
"U0251","0679810307","10"
"U0251","0345369068","10"
"U0251","0553225987","7"
"U0251","0316973742","9"
"U0251","0060558865","7"
"U0251","0316171107","8"
"U0251","2253043974","9"
"U0251","0440122090","8"
"U0251","0684868911","8"
"U0251","0007100221","6"
"U0251","1563892278","8"
"U0251","0345297709","7"
"U0251","0880701102","8"
"U0251","0393321576","10"
"U0251","1563410443","7"
"U0251","2253005274","8"
"U0251","0451197275","8"
"U0251","1414035004","6"
"U0251","0609804618","8"
"U0251","0380619458","7"
"U0252","0375400117","5"
"U0252","0786889705","4"
"U0252","0385497466","2"
"U0252","0671525832","3"
"U0252","8472224260","3"
"U0252","3257214154","4"
"U0252","0381999866","6"
"U0252","0425142485","3"
"U0252","0375719180","8"
"U0252","0312312628","5"
"U0252","0449911683","5"
"U0252","0747538069","4"
"U0252","0373250339","4"
"U0252","0963094424","6"
"U0252","0684801221","8"
"U0252","0553298860","7"
"U0252","0060977477","5"
"U0252","0812521331","7"
"U0252","0800706544","10"
"U0252","0787955671","8"
"U0252","0449907481","10"
"U0252","080213825X","4"
"U0252","0553101439","6"
"U0252","044022165X","10"
"U0252","0142000205","8"
"U0252","0553802488","5"
"U0252","0380538504","5"
"U0252","0440441501","7"
"U0252","1880185008","3"
"U0252","8806142267","4"
"U0252","015600710X","6"
"U0252","0440234743","6"
"U0252","0385505833","4"
"U0252","0345417623","6"
"U0252","0743418190","5"
"U0252","0684854953","5"
"U0252","0671021745","9"
"U0252","0312988699","8"
"U0252","0345356578","8"
"U0252","1405200677","5"
"U0252","0449213773","3"
"U0252","0425120279","4"
"U0253","1573229148","5"
"U0253","0385505833","5"
"U0253","0345428544","7"
"U0253","0964778319","6"
"U0253","0895872102","3"
"U0253","0061080519","4"
"U0253","0767905938","7"
"U0253","0446325805","6"
"U0253","0440222818","9"
"U0253","0816728739","8"
"U0253","0385509456","2"
"U0253","0785815147","5"
"U0253","0061030147","5"
"U0253","0307215342","9"
"U0253","0345346971","6"
"U0253","0553278746","9"
"U0253","0380815923","6"
"U0253","0373871562","5"
"U0253","0425178242","8"
"U0253","1405200677","7"
"U0253","0440241413","4"
"U0253","0374386676","5"
"U0253","0380732335","6"
"U0253","1414035004","2"
"U0253","0446523992","8"
"U0254","0449209121","8"
"U0254","0671000306","10"
"U0254","0385511612","8"
"U0254","0553280589","4"
"U0254","0345391691","9"
"U0254","0060913509","5"
"U0254","0812521331","7"
"U0254","0399147128","2"
"U0254","0441783589","7"
"U0254","0451195663","3"
"U0254","0060083298","4"
"U0254","044022165X","10"
"U0254","0435272683","3"
"U0254","0425139069","8"
"U0254","0767908473","4"
"U0254","0670856045","5"
"U0254","0345305477","9"
"U0254","0385504209","8"
"U0254","0140104682","5"
"U0254","0849943450","6"
"U0254","0609605925","7"
"U0254","038533334X","4"
"U0254","0521427150","3"
"U0254","067176537X","2"
"U0254","3423116714","6"
"U0254","0345372700","6"
"U0254","0394578791","7"
"U0254","0393321576","8"
"U0254","0805063897","3"
"U0254","3257208634","9"
"U0254","0446364193","9"
"U0254","0743206053","7"
"U0254","0812523873","6"
"U0254","0061099686","9"
"U0254","055329198X","9"
"U0254","1555835953","4"
"U0254","1558505377","8"
"U0254","0245542957","4"
"U0254","0553564528","8"
"U0254","039914739X","5"
"U0254","0740700235","9"
"U0254","0440223571","6"
"U0254","0385424728","8"
"U0254","0381999866","6"
"U0254","0385333404","6"
"U0255","0743406176","10"
"U0255","0374386676","9"
"U0255","0440120470","3"
"U0255","1563411148","9"
"U0255","0849943728","9"
"U0255","0505524996","6"
"U0255","0684867818","10"
"U0255","193156146X","5"
"U0255","1928791107","5"
"U0255","006017143X","8"
"U0255","0553562819","10"
"U0255","0743458303","10"
"U0255","0060930705","10"
"U0255","0836230868","9"
"U0255","0553582909","9"
"U0255","1575024179","8"
"U0255","0811203220","9"
"U0255","156341029X","8"
"U0255","0345356578","7"
"U0255","0671525794","7"
"U0255","039456894X","10"
"U0255","0972044205","7"
"U0255","0440225078","3"
"U0255","0439569842","10"
"U0255","0060973897","7"
"U0255","0805063897","10"
"U0255","0312422156","9"
"U0255","0684864843","7"
"U0255","0553256785","6"
"U0255","8472238822","10"
"U0255","0399147012","8"
"U0256","8445071777","5"
"U0256","0971880107","4"
"U0256","0330484516","5"
"U0256","3442410665","4"
"U0256","1888451084","5"
"U0256","0375726403","6"
"U0256","0140065172","3"
"U0256","0140021566","9"
"U0256","0002740230","4"
"U0256","0821750410","8"
"U0256","0373750013","8"
"U0256","0142000205","6"
"U0256","3404921038","8"
"U0256","0451181379","4"
"U0256","0451184718","9"
"U0256","0671621009","6"
"U0256","1563411148","7"
"U0256","0060977493","7"
"U0256","0553212583","5"
"U0256","0375814248","8"
"U0256","0446527793","5"
"U0256","2070423204","8"
"U0256","0553584383","7"
"U0256","1853260622","7"
"U0256","0451452755","2"
"U0256","042511774X","9"
"U0256","0553582747","6"
"U0257","0380730138","8"
"U0257","0821750410","10"
"U0257","0060930365","4"
"U0257","2290314951","5"
"U0257","0571209521","6"
"U0257","015216250X","8"
"U0257","0449006522","10"
"U0257","0451166892","7"
"U0257","038549825X","10"
"U0257","0380728729","9"
"U0257","0553574167","6"
"U0257","0749748028","4"
"U0257","0963094424","9"
"U0257","0451154916","9"
"U0257","0451406923","6"
"U0257","0140382658","2"
"U0257","0416196772","4"
"U0257","193072229X","7"
"U0257","0380619458","4"
"U0257","0394574745","6"
"U0257","0451204050","10"
"U0257","0061052515","10"
"U0258","0803233019","5"
"U0258","8483007010","8"
"U0258","0425181111","7"
"U0258","8477830029","9"
"U0258","0060925000","8"
"U0258","0671742566","7"
"U0258","3257208669","3"
"U0258","0553212583","3"
"U0258","2266029460","7"
"U0258","1878424319","10"
"U0258","0947782141","4"
"U0258","0743444167","9"
"U0258","0671623249","6"
"U0258","087113375X","8"
"U0258","0345428900","7"
"U0258","0312287240","7"
"U0258","0671870432","8"
"U0258","0449209121","8"
"U0258","043922165X","5"
"U0258","0525943862","9"
"U0258","0156013967","5"
"U0258","0446672211","7"
"U0258","0385416342","9"
"U0259","0064409457","5"
"U0259","0316748641","7"
"U0259","3453212150","4"
"U0259","0439221684","8"
"U0259","0679725393","3"
"U0259","0451410319","6"
"U0259","0140622063","4"
"U0259","0449912302","5"
"U0259","0803233019","4"
"U0259","087113375X","4"
"U0259","0671021001","9"
"U0259","0688180639","8"
"U0259","0553582747","7"
"U0259","0061030147","6"
"U0259","3257216416","9"
"U0259","8445071408","2"
"U0259","0446606197","7"
"U0259","0793133955","7"
"U0259","0345374657","7"
"U0259","0060191929","6"
"U0259","0380728729","4"
"U0259","0609804618","6"
"U0259","0804106304","6"
"U0259","0743249992","4"
"U0259","1551668785","8"
"U0259","0525944834","3"
"U0259","0590418858","4"
"U0259","0446677450","8"
"U0259","0425178242","9"
"U0259","0394743741","5"
"U0259","0425174484","8"
"U0260","1558744150","7"
"U0260","0020442408","6"
"U0260","0452283914","3"
"U0260","0316666343","4"
"U0260","0060973897","8"
"U0260","0897322339","5"
"U0260","067103619X","3"
"U0260","0743411269","5"
"U0260","1573229571","2"
"U0260","0743206053","7"
"U0260","8423324311","10"
"U0260","0684868911","6"
"U0260","0373750013","10"
"U0260","1563898586","9"
"U0260","0486292940","4"
"U0260","0553564528","6"
"U0260","0671504282","8"
"U0260","0380538504","7"
"U0260","0684801221","8"
"U0260","0425169626","8"
"U0260","3442724686","6"
"U0260","044022165X","2"
"U0260","0312312628","10"
"U0260","0152012966","5"
"U0260","1853260053","4"
"U0260","0374343381","5"
"U0260","0375801677","8"
"U0260","0060804157","7"
"U0260","0345451260","7"
"U0260","0375410538","9"
"U0260","0804117934","5"
"U0260","8445071408","6"
"U0260","0380973839","6"
"U0260","0553579673","4"
"U0260","0743418190","2"
"U0260","0895774666","7"
"U0260","0425163091","5"
"U0260","0375414746","8"
"U0260","0679751343","7"
"U0260","0393321576","7"
"U0260","0425178242","3"
"U0260","0830714014","9"
"U0260","0140029400","5"
"U0260","3257201761","9"
"U0260","0345403339","8"
"U0260","8420639133","2"
"U0260","0892967994","5"
"U0260","0446531332","6"
"U0260","0399148582","4"
"U0260","0416196772","7"
"U0260","0747549923","7"
"U0260","0380730448","7"
"U0260","0553347594","4"
"U0261","0007100221","5"
"U0261","1900850303","3"
"U0261","030720152X","5"
"U0261","0393020371","8"
"U0261","0671042858","6"
"U0261","1884777805","5"
"U0261","0060558865","3"
"U0261","0684824442","6"
"U0261","0385336772","4"
"U0261","0671525794","5"
"U0261","0061099686","7"
"U0261","3502670005","5"
"U0261","0316782505","6"
"U0261","0312963009","3"
"U0261","0425098109","8"
"U0261","0670031046","6"
"U0261","0786890436","6"
"U0261","8466601090","9"
"U0261","0380617625","5"
"U0261","0425137945","4"
"U0261","0374343381","8"
"U0261","0312261594","10"
"U0261","0449002632","6"
"U0261","0821772953","8"
"U0261","0385313748","2"
"U0261","0451206673","8"
"U0261","1862047626","6"
"U0261","0439221676","3"
"U0261","0805056491","2"
"U0261","0446605484","10"
"U0261","0345378490","6"
"U0261","1563411148","5"
"U0261","1576737357","7"
"U0261","0060013117","7"
"U0261","156341029X","8"
"U0261","0553569058","9"
"U0261","0553062042","4"
"U0261","0308102282","8"
"U0261","0373037430","6"
"U0261","0786868015","10"
"U0261","3257208669","6"
"U0261","0316666343","3"
"U0261","0060621257","8"
"U0261","0805063897","4"
"U0261","0060932759","5"
"U0262","0743245024","5"
"U0262","0307001164","5"
"U0262","0679801146","8"
"U0262","1879384493","6"
"U0262","0345371984","8"
"U0262","1414035004","2"
"U0262","1853260053","4"
"U0262","0553569058","9"
"U0262","0884111342","5"
"U0262","0688169678","10"
"U0262","0553062042","7"
"U0262","0553225987","6"
"U0262","0877192820","5"
"U0262","8478884963","9"
"U0262","0060083298","5"
"U0262","067170124X","6"
"U0262","0312261594","4"
"U0262","0875421288","4"
"U0262","8478800336","9"
"U0262","0767903285","6"
"U0262","0425164403","9"
"U0262","0671742566","10"
"U0262","0060191929","6"
"U0262","0380778556","8"
"U0262","0312986769","4"
"U0262","3492207006","8"
"U0262","1573225487","7"
"U0262","0312195516","7"
"U0262","0449207757","4"
"U0262","0060801263","5"
"U0262","0140067477","7"
"U0262","0553107305","5"
"U0262","0374386676","3"
"U0262","0743444167","6"
"U0262","0449209121","10"
"U0263","0446610178","6"
"U0263","0385337639","10"
"U0263","0812523873","4"
"U0263","0385504209","8"
"U0263","084994371X","4"
"U0263","2264009306","6"
"U0263","0316735736","2"
"U0263","0245542957","4"
"U0263","0671779338","9"
"U0263","0842336214","6"
"U0263","039914563X","10"
"U0263","1880185008","10"
"U0263","0385306032","7"
"U0263","0156528207","2"
"U0263","0440241413","9"
"U0263","0671021745","5"
"U0263","0192815318","8"
"U0263","0553347594","7"
"U0263","0446527793","7"
"U0263","1573225126","5"
"U0263","0451526341","7"
"U0263","0451450256","7"
"U0263","0375400117","5"
"U0263","3499110695","9"
"U0263","0679442790","4"
"U0263","0064407667","3"
"U0263","0812519655","4"
"U0263","052594463X","4"
"U0263","0195086295","9"
"U0263","1900850303","7"
"U0263","0553581279","9"
"U0263","0875421288","3"
"U0263","0393030342","2"
"U0263","0399144463","10"
"U0263","0374270325","5"
"U0263","0064405052","9"
"U0263","0345433173","7"
"U0263","0425179672","2"
"U0263","1841721522","2"
"U0263","0895774666","5"
"U0263","3492045642","3"
"U0263","0316666343","10"
"U0263","0937858994","7"
"U0263","0446310786","8"
"U0263","0743206045","4"
"U0263","0316789089","6"
"U0263","0394820371","8"
"U0263","0786863986","5"
"U0263","0670856045","8"
"U0263","0590450875","2"
"U0263","0842329129","7"
"U0264","0060930705","6"
"U0264","0449005410","9"
"U0264","8420639133","4"
"U0264","0553279572","8"
"U0264","0060973897","8"
"U0264","0590450875","7"
"U0264","0872200760","6"
"U0264","0553212583","3"
"U0264","0312980388","4"
"U0264","0590629719","6"
"U0264","0671673688","2"
"U0264","0375823352","9"
"U0264","0451456548","5"
"U0264","8478097732","9"
"U0264","0446605484","7"
"U0264","0449006522","4"
"U0264","8472227421","7"
"U0264","080213825X","6"
"U0264","0345313097","6"
"U0264","140003180X","9"
"U0264","061312975X","10"
"U0264","0440226694","4"
"U0264","0394820371","4"
"U0264","0525947647","5"
"U0264","0449911004","10"
"U0264","0345404793","8"
"U0264","0451176812","6"
"U0264","0451410556","9"
"U0264","0515134279","10"
"U0264","0316782505","7"
"U0264","0915811537","7"
"U0264","0440234743","7"
"U0264","0156047624","5"
"U0264","0316748641","3"
"U0264","0061030147","3"
"U0264","0385418493","5"
"U0264","068983571X","5"
"U0264","0316776963","6"
"U0265","0345313097","7"
"U0265","0689832877","3"
"U0265","0671867156","7"
"U0265","0345428544","10"
"U0265","156341029X","7"
"U0265","0897322339","7"
"U0265","0385336772","4"
"U0265","1567920047","4"
"U0265","0449005410","9"
"U0265","0609605925","7"
"U0265","1400077826","7"
"U0265","156971620X","9"
"U0265","0812523873","9"
"U0265","0425184226","8"
"U0265","0452264464","7"
"U0265","0446677450","4"
"U0265","0740700235","10"
"U0265","0061052515","4"
"U0265","0553289063","7"
"U0265","0312252617","8"
"U0265","0308102282","10"
"U0265","2871290911","4"
"U0265","0060930365","5"
"U0265","0060914068","7"
"U0265","0345335465","9"
"U0265","1592571301","10"
"U0265","0451450256","10"
"U0265","0373245580","8"
"U0265","061312975X","8"
"U0265","225300670X","9"
"U0265","0312995431","8"
"U0265","0553571486","9"
"U0265","0385314019","8"
"U0265","0966986105","5"
"U0265","0449212084","8"
"U0265","0060083298","7"
"U0265","0515122408","8"
"U0265","0553280333","7"
"U0265","0440117291","7"
"U0265","0061099686","7"
"U0265","0553569058","3"
"U0265","0316789089","5"
"U0265","0439061644","3"
"U0265","0812575954","9"
"U0265","0446601640","8"
"U0265","0688169678","8"
"U0265","0399135782","7"
"U0265","0380807866","8"
"U0265","0380973545","8"
"U0266","0449911683","5"
"U0266","0385497679","5"
"U0266","0849943728","8"
"U0266","0345305477","4"
"U0266","0440120470","5"
"U0266","0316969443","4"
"U0266","0446527793","3"
"U0266","8472238822","8"
"U0266","0345335465","8"
"U0266","006102063X","10"
"U0266","0425176428","7"
"U0266","0821772953","5"
"U0266","055356451X","3"
"U0266","3257212429","5"
"U0266","0819154946","6"
"U0266","039914739X","7"
"U0266","0843136685","6"
"U0266","0679751343","7"
"U0266","0446612545","7"
"U0266","0671742566","6"
"U0266","3442446937","5"
"U0266","0743222229","9"
"U0266","0446602086","2"
"U0266","0316776963","2"
"U0266","0486284735","9"
"U0266","0486272745","10"
"U0267","0786863986","8"
"U0267","0840734530","9"
"U0267","0553347594","9"
"U0267","2253004022","7"
"U0267","0688180639","8"
"U0267","0140286276","3"
"U0267","0671002481","7"
"U0267","0071416331","4"
"U0267","0415928087","4"
"U0267","0060930705","4"
"U0267","0440225078","5"
"U0267","0345429176","7"
"U0267","0385313748","9"
"U0267","0380538504","8"
"U0267","0425137945","7"
"U0267","0373871562","5"
"U0267","1573225126","5"
"U0267","0385495145","5"
"U0267","0156047624","4"
"U0267","0671864769","4"
"U0267","0743418190","6"
"U0267","0307118703","7"
"U0267","0440235502","4"
"U0267","0061064505","3"
"U0267","155874262X","7"
"U0267","0449001954","6"
"U0267","0515134368","5"
"U0267","0312853238","6"
"U0267","0689832877","7"
"U0267","0446531332","9"
"U0267","0380710218","8"
"U0267","1573229148","3"
"U0267","1558744150","6"
"U0267","0743245024","7"
"U0267","051762639X","6"
"U0267","3257233051","5"
"U0267","185424597X","3"
"U0267","0440225701","8"
"U0267","0060987103","7"
"U0267","3257214154","9"
"U0267","0152162445","3"
"U0267","3257203659","7"
"U0267","0802114369","3"
"U0267","055356451X","5"
"U0267","8445071777","8"
"U0268","1569871213","4"
"U0268","0060914068","7"
"U0268","0375704965","10"
"U0268","1575024179","6"
"U0268","0785815147","6"
"U0268","0679725393","4"
"U0268","0684854953","5"
"U0268","0688180639","5"
"U0268","0380752115","4"
"U0268","0435272683","7"
"U0268","0812541642","6"
"U0268","0312252617","3"
"U0268","0671779338","4"
"U0268","0872200760","9"
"U0268","0553285343","8"
"U0268","0312977905","6"
"U0268","0060938412","8"
"U0268","0786868716","4"
"U0268","0679603352","6"
"U0268","8445071408","7"
"U0268","0812516826","3"
"U0268","0245542957","4"
"U0268","0684833395","4"
"U0268","1569471096","8"
"U0268","3257233051","4"
"U0268","0060199563","7"
"U0268","0671621009","6"
"U0268","3257203659","10"
"U0268","0747538069","3"
"U0268","0192815318","6"
"U0268","0380754509","2"
"U0268","0515128554","6"
"U0268","0743458303","4"
"U0268","0679410430","5"
"U0268","0449207595","7"
"U0268","015600710X","8"
"U0268","0345417623","8"
"U0268","0679429220","4"
"U0268","0786889705","9"
"U0268","1563410443","4"
"U0268","0312906552","7"
"U0268","1928791107","9"
"U0268","0060976845","6"
"U0268","0553579673","8"
"U0268","0425163091","3"
"U0268","0385496907","4"
"U0268","0553582682","6"
"U0268","0385511612","3"
"U0269","3499222604","9"
"U0269","0440225701","6"
"U0269","0374157065","6"
"U0269","156341029X","7"
"U0269","0449213773","5"
"U0269","0394178017","7"
"U0269","0425164403","6"
"U0269","0679865691","2"
"U0269","0553278746","9"
"U0269","0743411269","7"
"U0269","0307118703","3"
"U0269","0971880107","7"
"U0269","0345428544","8"
"U0269","0793133955","7"
"U0269","034543191X","5"
"U0269","0345354931","7"
"U0269","0812521331","6"
"U0269","0553581279","10"
"U0269","0375406328","4"
"U0269","0064405052","6"
"U0269","067170124X","3"
"U0269","0060191929","4"
"U0269","0060938455","3"
"U0269","0446523992","5"
"U0269","061312975X","8"
"U0269","0689829698","5"
"U0269","0307215342","4"
"U0269","0195153448","7"
"U0269","0671888587","6"
"U0269","0140104682","7"
"U0269","0312156960","5"
"U0269","0316969443","10"
"U0269","0385500769","7"
"U0269","3257212054","3"
"U0269","887641486X","6"
"U0269","0380711109","3"
"U0269","0486284735","4"
"U0269","042511774X","7"
"U0269","8478097732","4"
"U0269","0800706544","6"
"U0269","0316116025","7"
"U0269","3492045642","7"
"U0269","0316735736","6"
"U0269","0553582682","10"
"U0269","0671864769","3"
"U0269","8445071777","2"
"U0269","225300670X","7"
"U0269","0590598848","6"
"U0269","0684848783","6"
"U0269","0330332775","7"
"U0269","0374343381","6"
"U0269","0684864843","7"
"U0269","0440211727","3"
"U0269","0316168815","10"
"U0270","140003180X","8"
"U0270","037582345X","9"
"U0270","0374157065","4"
"U0270","2070417743","8"
"U0270","0316969443","7"
"U0270","0449213773","8"
"U0270","0785815147","10"
"U0270","067976397X","7"
"U0270","0345311396","5"
"U0270","0890877564","5"
"U0270","0446364762","4"
"U0270","0449907481","8"
"U0270","0963094424","9"
"U0270","0521427150","3"
"U0270","0747538069","4"
"U0270","0515134279","10"
"U0270","0394559487","5"
"U0270","0060977493","2"
"U0270","0446608653","2"
"U0270","8483002523","3"
"U0270","0375821813","3"
"U0270","0671027360","8"
"U0270","0849953014","4"
"U0270","0312953453","10"
"U0270","0385495145","7"
"U0271","0440235502","8"
"U0271","0312206763","7"
"U0271","0553225987","9"
"U0271","0449209121","7"
"U0271","0590406019","7"
"U0271","3404921038","10"
"U0271","0425134350","10"
"U0271","0451204050","7"
"U0271","1567184294","5"
"U0271","0618173870","9"
"U0271","034543191X","7"
"U0271","0385511612","5"
"U0271","0743230051","5"
"U0271","0440224675","4"
"U0271","0671021001","8"
"U0271","0947782141","8"
"U0271","0060006048","3"
"U0271","0060923245","8"
"U0271","068983571X","6"
"U0271","0451526279","5"
"U0271","0060168013","8"
"U0271","0891091963","3"
"U0271","0743470389","3"
"U0271","0679777431","3"
"U0271","3502670005","7"
"U0271","8440616252","4"
"U0271","0743249992","4"
"U0271","0553212583","3"
"U0271","0830714014","3"
"U0271","1862047626","3"
"U0271","0553258524","5"
"U0271","0385306032","4"
"U0271","0064472264","4"
"U0271","0061080519","5"
"U0271","0140286276","4"
"U0271","0312995431","7"
"U0271","0451205197","6"
"U0271","0142000205","3"
"U0271","1561672033","4"
"U0271","0446677450","5"
"U0271","0385721420","10"
"U0271","1841952931","3"
"U0271","0553582682","2"
"U0271","0767905938","3"
"U0271","0816729913","5"
"U0271","0380710218","6"
"U0271","0425124347","5"
"U0271","0385479689","5"
"U0271","1555834531","7"
"U0271","0345348036","2"
"U0271","0823032612","5"
"U0271","0553582909","3"
"U0271","0316171107","8"
"U0272","3257208669","9"
"U0272","052594463X","4"
"U0272","140003180X","7"
"U0272","0399135782","8"
"U0272","0446612618","7"
"U0272","0812524853","7"
"U0272","0373123108","3"
"U0272","074345829X","4"
"U0272","0553574159","2"
"U0272","0802114369","5"
"U0272","0195153448","7"
"U0272","8478097732","5"
"U0272","0140065172","6"
"U0272","0743458303","6"
"U0272","0425124347","3"
"U0272","0486272664","2"
"U0272","0345424719","7"
"U0272","0486282112","7"
"U0272","0451409256","8"
"U0272","0316748641","9"
"U0272","0441783589","8"
"U0272","0152012966","2"
"U0272","0486292940","6"
"U0272","0060558865","5"
"U0272","0866119531","9"
"U0272","0316168815","2"
"U0272","0375823352","10"
"U0272","0345404777","9"
"U0272","1567920047","8"
"U0272","0385336772","9"
"U0272","0449131548","10"
"U0272","0449907481","3"
"U0272","193156146X","4"
"U0272","0061099686","5"
"U0272","0449005410","9"
"U0272","0689829698","6"
"U0272","0312988699","5"
"U0272","0140620664","8"
"U0272","0821770209","4"
"U0272","185424597X","9"
"U0272","055356451X","4"
"U0272","0140252800","6"
"U0273","0670031046","8"
"U0273","074322678X","3"
"U0273","0440211727","10"
"U0273","0590598848","6"
"U0273","0801491827","9"
"U0273","3426605686","7"
"U0273","0395710901","4"
"U0273","0375759778","9"
"U0273","0060188731","8"
"U0273","0381999866","6"
"U0273","0895872102","7"
"U0273","0345313097","4"
"U0273","0516076272","5"
"U0273","0446325805","6"
"U0273","0002740230","6"
"U0273","0964778319","7"
"U0273","0380718332","4"
"U0273","0451452755","8"
"U0273","0446523569","9"
"U0273","0385730586","6"
"U0273","0553212583","4"
"U0273","0062770500","9"
"U0273","0890877564","6"
"U0274","0516076272","4"
"U0274","0439569842","9"
"U0274","0747538069","5"
"U0274","0947782141","9"
"U0274","0553107305","8"
"U0274","0679801146","10"
"U0274","0801096677","3"
"U0274","0679450432","2"
"U0274","0849953014","6"
"U0274","0441783589","2"
"U0274","8440616252","10"
"U0274","0385306032","6"
"U0274","0385424728","3"
"U0274","1573229571","4"
"U0274","076218857X","7"
"U0274","0385316895","8"
"U0274","0440130913","7"
"U0274","8477830029","5"
"U0274","0515118656","5"
"U0274","0553562819","3"
"U0274","0679725393","9"
"U0274","0553256785","7"
"U0274","061312975X","2"
"U0274","0060563079","8"
"U0274","0486292940","7"
"U0274","0486415864","6"
"U0274","0140250964","7"
"U0274","0866119566","3"
"U0274","0671864769","5"
"U0275","0394578791","8"
"U0275","0553225987","10"
"U0275","0374343381","7"
"U0275","0439221730","4"
"U0275","3502670005","7"
"U0275","0062507249","4"
"U0275","0373250339","6"
"U0275","0312148267","3"
"U0275","0380617625","5"
"U0275","1558505377","7"
"U0275","0380788497","6"
"U0275","1561561428","3"
"U0275","0425134350","7"
"U0275","068484267X","9"
"U0275","0915811537","9"
"U0275","0399144463","2"
"U0275","0590947257","3"
"U0275","0380732335","5"
"U0275","8429734996","8"
"U0275","0312970242","3"
"U0275","0425169626","10"
"U0275","1928791107","4"
"U0275","0375823352","8"
"U0275","0449002632","4"
"U0275","0439221714","2"
"U0275","0807565288","7"
"U0275","1563899388","7"
"U0275","0553210092","8"
"U0275","0451526341","9"
"U0275","3442724686","3"
"U0275","0618119760","7"
"U0275","0380715899","3"
"U0275","0316769487","6"
"U0275","0800706544","8"
"U0275","0679410430","4"
"U0275","0060575808","6"
"U0275","0375414746","10"
"U0275","0312988699","9"
"U0275","0439569842","8"
"U0275","1552041778","8"
"U0276","0373836023","8"
"U0276","0345428544","8"
"U0276","0553579673","8"
"U0276","0515118656","4"
"U0276","0385333404","10"
"U0276","2253007102","7"
"U0276","0061096091","4"
"U0276","0061052515","4"
"U0276","3257207522","7"
"U0276","1857938011","5"
"U0276","1558531025","7"
"U0276","0889740828","6"
"U0276","0880011025","3"
"U0276","0684867818","7"
"U0276","0060973897","5"
"U0276","0380759497","6"
"U0276","0521427150","5"
"U0276","2070423204","3"
"U0276","0590431110","4"
"U0276","0415928087","7"
"U0276","039914739X","6"
"U0276","0786868716","6"
"U0276","0380704587","7"
"U0276","0380752115","4"
"U0276","0767912918","9"
"U0276","0451188209","10"
"U0276","349913358X","3"
"U0276","0553574159","7"
"U0276","0897322339","4"
"U0276","0802114369","6"
"U0276","087113375X","7"
"U0276","0312156960","4"
"U0276","887641486X","6"
"U0276","080901582X","8"
"U0276","3442353866","8"
"U0276","0345425294","4"
"U0276","0345260317","4"
"U0276","0394574745","3"
"U0276","0425134350","8"
"U0276","0439221676","7"
"U0276","1888451084","8"
"U0277","0439221676","7"
"U0277","0380012863","6"
"U0277","0449213773","7"
"U0277","0425124347","6"
"U0277","1842040154","8"
"U0277","0375814248","7"
"U0277","0771088191","2"
"U0277","0380728729","8"
"U0277","9681500555","6"
"U0277","0516076272","7"
"U0277","0316769487","8"
"U0277","0373871562","3"
"U0277","0061030147","3"
"U0277","0877192820","9"
"U0277","0743222229","4"
"U0277","0446364193","10"
"U0277","0151008116","3"
"U0277","0449207595","4"
"U0277","0312282990","9"
"U0277","044661162X","2"
"U0277","0451406923","9"
"U0277","0671042556","9"
"U0277","0451155750","9"
"U0277","185424597X","5"
"U0277","0671521519","5"
"U0277","8429736131","5"
"U0278","006017143X","4"
"U0278","0553279572","5"
"U0278","0399138684","8"
"U0278","0842342702","9"
"U0278","3442410665","6"
"U0278","067976397X","9"
"U0278","0771076002","4"
"U0278","0749748001","4"
"U0278","0553584383","4"
"U0278","1573229571","4"
"U0278","0840734530","5"
"U0278","0345378490","2"
"U0278","0140065172","5"
"U0278","0064472264","5"
"U0278","0439221684","4"
"U0278","0375501347","7"
"U0278","0865050880","3"
"U0278","0385420161","4"
"U0278","0394743741","4"
"U0278","0316693006","6"
"U0278","0307118703","8"
"U0278","0345435869","9"
"U0278","0898151910","8"
"U0278","0670035262","3"
"U0278","043922165X","2"
"U0278","1841952931","4"
"U0278","0440222818","8"
"U0278","0451525221","6"
"U0278","0937858994","8"
"U0278","0316748641","8"
"U0278","0743222229","9"
"U0278","1555835953","8"
"U0278","0671021001","9"
"U0278","0671649949","4"
"U0278","1879384493","7"
"U0278","0425166619","10"
"U0278","0688048730","5"
"U0278","1862047626","3"
"U0278","0385337132","9"
"U0278","0515118656","7"
"U0278","0394551427","4"
"U0279","8478098267","6"
"U0279","042518630X","6"
"U0279","039914370X","9"
"U0279","043922165X","4"
"U0279","0441783589","9"
"U0279","0060192631","8"
"U0279","0553347594","10"
"U0279","0152162577","9"
"U0279","0060915544","5"
"U0279","0618231617","9"
"U0279","0446364762","8"
"U0279","1884777805","6"
"U0279","0380820447","5"
"U0279","0425142485","6"
"U0279","0679427430","9"
"U0279","0671867113","8"
"U0279","349913358X","6"
"U0279","0425049981","10"
"U0279","0394895894","9"
"U0279","061312975X","7"
"U0279","0140620427","8"
"U0279","0843136685","10"
"U0279","0590406019","7"
"U0279","3257214154","10"
"U0279","0553225987","7"
"U0279","0671868713","7"
"U0279","0345429176","4"
"U0279","3442098424","8"
"U0279","0451526341","2"
"U0279","0688169678","8"
"U0279","0671047612","10"
"U0279","0671742566","7"
"U0279","2020315491","9"
"U0279","8445071408","9"
"U0279","0375823352","8"
"U0279","0385306032","7"
"U0279","0435272683","3"
"U0279","0020199090","6"
"U0279","0446612545","8"
"U0279","0064407667","8"
"U0279","0830714014","9"
"U0279","0373196741","10"
"U0279","0380973839","2"
"U0279","0345378490","7"
"U0279","0684864320","8"
"U0279","2080105434","2"
"U0280","067103619X","4"
"U0280","0345260317","10"
"U0280","0740700235","4"
"U0280","8472227421","9"
"U0280","0600586898","6"
"U0280","0060930187","7"
"U0280","0245542957","8"
"U0280","0553278746","7"
"U0280","1552041778","8"
"U0280","0060188731","8"
"U0280","039914370X","3"
"U0280","0375759778","6"
"U0280","0385416342","4"
"U0280","0064405052","6"
"U0280","0451166892","6"
"U0280","140003180X","3"
"U0280","0553561618","4"
"U0280","0786015276","3"
"U0280","0130139165","3"
"U0280","0786863986","2"
"U0280","3257216416","3"
"U0280","067153484X","7"
"U0280","0679310002","6"
"U0280","0345356578","6"
"U0280","3257212429","6"
"U0280","0345311396","3"
"U0280","0345428900","5"
"U0280","0891091963","5"
"U0280","1401201172","4"
"U0280","0440225701","5"
"U0280","0553584383","3"
"U0280","1576737357","6"
"U0280","0394574745","3"
"U0280","015600710X","10"
"U0280","0670035262","4"
"U0280","042511774X","4"
"U0280","0446601640","10"
"U0280","0679751343","8"
"U0281","2070384349","7"
"U0281","0375704965","5"
"U0281","067170124X","5"
"U0281","0927545373","4"
"U0281","0312287240","7"
"U0281","0451166892","5"
"U0281","3404118960","3"
"U0281","3257214154","6"
"U0281","0345417623","3"
"U0281","0747538069","3"
"U0281","0451162072","5"
"U0281","0062507249","9"
"U0281","0689832877","7"
"U0281","0688180639","3"
"U0281","0449911683","7"
"U0281","1563892278","4"
"U0281","015216250X","4"
"U0281","0393045218","4"
"U0281","1877727083","5"
"U0281","0385497466","3"
"U0281","2871290911","3"
"U0281","0002740230","10"
"U0281","0553583468","6"
"U0281","0671023616","9"
"U0281","0061030147","8"
"U0281","0375414746","6"
"U0281","0515127833","10"
"U0281","0425179672","3"
"U0281","0439095026","4"
"U0281","0064470113","5"
"U0281","0553107305","5"
"U0281","0316782505","4"
"U0281","0345369068","7"
"U0281","0590418858","5"
"U0281","0399147012","7"
"U0281","0812521331","7"
"U0281","0743245024","4"
"U0281","0425164403","6"
"U0281","0375500766","4"
"U0281","0451406923","7"
"U0281","0679801146","2"
"U0281","0439569842","8"
"U0281","0060930705","10"
"U0281","067176537X","6"
"U0281","3746670055","4"
"U0281","0385721420","6"
"U0281","076218857X","4"
"U0281","0140345809","4"
"U0281","0446364193","6"
"U0281","3257203659","3"
"U0281","8472227421","9"
"U0281","0312963009","8"
"U0281","0451524489","8"
"U0281","0451204050","6"
"U0281","051513290X","9"
"U0282","0192815318","5"
"U0282","0880011025","6"
"U0282","076218857X","10"
"U0282","0062517856","2"
"U0282","0836230868","4"
"U0282","0380973545","7"
"U0282","0439061644","5"
"U0282","0553569058","5"
"U0282","0345441133","7"
"U0282","0600586898","8"
"U0282","0385336772","5"
"U0282","0553581279","8"
"U0282","0130139165","6"
"U0282","0316168815","7"
"U0282","0060915544","3"
"U0282","0060930705","10"
"U0282","0449911683","3"
"U0282","0425182908","4"
"U0282","0312252617","2"
"U0282","0142000205","10"
"U0282","0449131548","8"
"U0282","0553278223","6"
"U0282","0416196772","9"
"U0282","1841721522","5"
"U0282","0440120470","5"
"U0282","0440949424","9"
"U0282","0393020371","10"
"U0282","3570300099","9"
"U0282","0060168013","2"
"U0282","0316769487","10"
"U0282","0330484516","4"
"U0282","0965746828","6"
"U0282","044023722X","5"
"U0282","0670844594","9"
"U0282","0385496907","6"
"U0282","8472238822","3"
"U0282","0440224829","5"
"U0282","0385721420","4"
"U0282","0525943862","4"
"U0282","0061099325","6"
"U0282","2070417743","3"
"U0282","0439221730","4"
"U0282","1575024179","6"
"U0282","0345429176","7"
"U0282","1857938011","4"
"U0282","0395877563","2"
"U0283","0375821813","3"
"U0283","0380538504","6"
"U0283","3442724686","8"
"U0283","185479549X","7"
"U0283","3518111000","2"
"U0283","0451525221","9"
"U0283","0767908473","6"
"U0283","0385504209","6"
"U0283","8445071777","8"
"U0283","0451208080","2"
"U0283","0380002450","3"
"U0283","055358099X","6"
"U0283","3257212429","3"
"U0283","0618119760","4"
"U0283","0446300101","9"
"U0283","0743470389","8"
"U0283","0345356578","2"
"U0283","0061052515","9"
"U0283","0373836023","6"
"U0283","0060006048","9"
"U0283","0688169678","6"
"U0283","039457513X","5"
"U0283","0670892963","8"
"U0283","068983571X","7"
"U0283","0671847546","9"
"U0283","0061076031","7"
"U0283","0671864769","5"
"U0283","0385497679","4"
"U0283","0345370740","9"
"U0283","0060923245","4"
"U0283","0245542957","4"
"U0283","0889740828","9"
"U0283","038078243X","9"
"U0283","0140104682","6"
"U0283","0670815373","9"
"U0283","0452277337","10"
"U0283","0345354931","3"
"U0283","0399137807","8"
"U0283","0807070718","7"
"U0283","2290314951","3"
"U0283","0316735736","4"
"U0283","0380807866","8"
"U0283","1561561428","7"
"U0283","0373123108","6"
"U0283","2266084372","7"
"U0283","0312980388","4"
"U0284","0373196741","6"
"U0284","0449131548","9"
"U0284","0395710901","7"
"U0284","0743249992","3"
"U0284","0671018930","8"
"U0284","0451409256","7"
"U0284","0446608653","2"
"U0284","1552041778","4"
"U0284","0451454243","4"
"U0284","0446606197","2"
"U0284","0060168013","2"
"U0284","3570300099","7"
"U0284","0060930187","8"
"U0284","0816728739","5"
"U0284","0425166619","6"
"U0284","0061052523","8"
"U0284","0060929790","5"
"U0284","0743230051","5"
"U0284","0800706544","5"
"U0284","0440224675","7"
"U0284","044651747X","4"
"U0284","0866119566","2"
"U0284","3499177757","2"
"U0284","0385306032","8"
"U0284","8429736131","7"
"U0284","0805063897","4"
"U0284","0345430476","7"
"U0284","0385504209","4"
"U0284","015216250X","4"
"U0284","0060801263","8"
"U0284","0425142485","3"
"U0284","0140253580","5"
"U0284","0345260317","5"
"U0284","8807120194","6"
"U0285","0819215635","8"
"U0285","0446606197","9"
"U0285","0451155750","5"
"U0285","0060930365","10"
"U0285","0441783589","6"
"U0285","1575663937","8"
"U0285","0316666343","5"
"U0285","0449006557","8"
"U0285","0684177730","6"
"U0285","0486281965","5"
"U0285","0061042943","6"
"U0285","042511774X","5"
"U0285","2253148539","6"
"U0285","0062507249","8"
"U0285","0060914068","3"
"U0285","0812523385","6"
"U0285","3257207522","4"
"U0285","0380732335","5"
"U0285","0671023616","7"
"U0285","8478091246","4"
"U0285","0394578791","9"
"U0285","0679603352","9"
"U0285","3499177757","2"
"U0285","1573225487","3"
"U0285","0440415993","9"
"U0285","0743470389","8"
"U0285","0380718332","10"
"U0285","0786889705","5"
"U0285","0590418858","4"
"U0285","0375500766","9"
"U0285","0793133955","4"
"U0285","0446610399","9"
"U0285","0385333404","4"
"U0285","2253007102","9"
"U0285","0439221714","10"
"U0285","0385505833","7"
"U0285","039457513X","6"
"U0285","0385509456","5"
"U0286","0590419625","2"
"U0286","0198604025","3"
"U0286","3257208634","6"
"U0286","0440219078","9"
"U0286","0140065172","4"
"U0286","0380710218","5"
"U0286","0812575954","3"
"U0286","0375414746","7"
"U0286","0671000306","9"
"U0286","0590514776","4"
"U0286","0375500766","3"
"U0286","0451176812","3"
"U0286","3257208626","6"
"U0286","0553278223","6"
"U0286","0380617625","10"
"U0286","0061064505","9"
"U0286","0060938412","8"
"U0286","0671694049","7"
"U0286","080521061X","7"
"U0286","0060913509","3"
"U0286","0553571486","6"
"U0286","8429736131","8"
"U0286","0345429176","3"
"U0286","0440226694","7"
"U0286","0821750410","10"
"U0286","3492207006","8"
"U0286","0812521129","7"
"U0286","0553225987","5"
"U0286","0689821166","10"
"U0286","0802114369","10"
"U0286","0849916399","4"
"U0286","0515122408","3"
"U0286","0849943728","4"
"U0286","0374343381","5"
"U0286","0380978539","4"
"U0286","0380704587","7"
"U0286","0486284735","7"
"U0286","038572179X","8"
"U0286","0060930187","3"
"U0286","3423116714","7"
"U0286","0771088191","8"
"U0286","0679751343","9"
"U0286","8478884963","7"
"U0286","0385418493","5"
"U0286","0446325805","5"
"U0286","0307215342","10"
"U0286","0449207757","6"
"U0286","0446527793","8"
"U0286","0060930365","9"
"U0286","0425142485","8"
"U0286","3257212429","8"
"U0286","0816729913","4"
"U0286","1414035004","5"
"U0286","0553802488","6"
"U0286","074345829X","5"
"U0286","0553569058","5"
"U0287","0446325805","7"
"U0287","0836230868","6"
"U0287","0441783589","7"
"U0287","0385497466","7"
"U0287","0590225170","6"
"U0287","0449002632","5"
"U0287","3462021095","3"
"U0287","0679420118","6"
"U0287","0451162072","4"
"U0287","044023722X","6"
"U0287","0425174484","5"
"U0287","0449207544","8"
"U0287","3404118960","9"
"U0287","0380752115","8"
"U0287","038533334X","4"
"U0287","0684801221","6"
"U0287","0316666343","8"
"U0287","0671864769","6"
"U0287","0312906552","3"
"U0287","0385335407","8"
"U0287","2253148539","8"
"U0287","0671504282","6"
"U0287","0380788497","6"
"U0287","1401201172","6"
"U0287","0316735027","3"
"U0287","0553564528","2"
"U0287","0060977493","6"
"U0287","0842342702","9"
"U0287","0849943450","7"
"U0287","0375406328","6"
"U0287","0060188731","4"
"U0287","0449006522","3"
"U0287","0688169678","9"
"U0287","0671461494","9"
"U0287","8472238822","6"
"U0287","0819154946","4"
"U0287","0060563079","2"
"U0287","038542471X","5"
"U0287","3442724686","10"
"U0288","0064472779","7"
"U0288","0385235941","8"
"U0288","3257203659","4"
"U0288","0425182908","4"
"U0288","1563898586","5"
"U0288","0062517856","7"
"U0288","1858813093","5"
"U0288","0451452755","6"
"U0288","0375801677","4"
"U0288","0130139165","3"
"U0288","0816729913","5"
"U0288","3257212429","8"
"U0288","3442353866","9"
"U0288","039575514X","5"
"U0288","0449001954","4"
"U0288","0451526341","9"
"U0288","0345435869","5"
"U0288","0061052515","4"
"U0288","0449006557","9"
"U0288","0060932759","7"
"U0288","0553574175","3"
"U0288","0553225987","7"
"U0288","0440222303","8"
"U0288","0965404560","8"
"U0288","0449211770","2"
"U0288","0380807866","7"
"U0288","044132231X","7"
"U0288","0670855758","5"
"U0288","3518111000","5"
"U0288","0440241413","10"
"U0288","0486292940","10"
"U0288","0380711109","9"
"U0288","0451454243","5"
"U0288","0765341972","8"
"U0288","0553579673","5"
"U0288","0866119566","9"
"U0288","0345353625","5"
"U0288","0374343381","6"
"U0288","080521061X","8"
"U0288","0671867113","6"
"U0288","0446300101","9"
"U0288","0345425294","8"
"U0289","0425182908","5"
"U0289","0812575482","5"
"U0289","0812516826","6"
"U0289","0385504209","3"
"U0289","0060191929","3"
"U0289","0345391691","7"
"U0289","8476409419","6"
"U0289","0940322978","7"
"U0289","0071416331","6"
"U0289","0553579673","2"
"U0289","0140185216","5"
"U0289","0671021745","8"
"U0289","1401201172","3"
"U0289","0786889160","5"
"U0289","1854795554","10"
"U0289","044022165X","8"
"U0289","0866119566","7"
"U0289","0312145543","7"
"U0289","8401351421","7"
"U0289","0446612618","2"
"U0289","0312195516","3"
"U0289","0312283784","3"
"U0289","0670035262","6"
"U0289","0373123485","3"
"U0289","3426605686","6"
"U0289","057120354X","8"
"U0289","0871138646","4"
"U0289","0684822733","5"
"U0289","0684193957","4"
"U0289","0446523569","4"
"U0289","3257208626","8"
"U0289","0590431110","6"
"U0290","0812521331","4"
"U0290","0345378490","3"
"U0290","0395710901","5"
"U0290","0915811537","6"
"U0290","0771074670","7"
"U0290","0553212583","5"
"U0290","0060927240","6"
"U0290","0380538504","8"
"U0290","0553579681","3"
"U0290","0821750410","8"
"U0290","0671870432","7"
"U0290","0394586239","3"
"U0290","0802114369","5"
"U0290","2080105434","4"
"U0290","0609605925","4"
"U0290","0553584383","2"
"U0290","0380732688","10"
"U0290","0380820447","5"
"U0290","0671027387","8"
"U0290","3548254268","6"
"U0290","0451186648","8"
"U0290","0060925000","4"
"U0290","0486272745","8"
"U0290","3596292646","7"
"U0290","156718796X","9"
"U0290","0385336772","7"
"U0290","0679733825","5"
"U0290","8445071408","3"
"U0290","0679450432","8"
"U0290","0373871562","7"
"U0290","0140250964","3"
"U0290","0380619458","3"
"U0290","1575843366","3"
"U0290","014036336X","3"
"U0291","0312143370","5"
"U0291","0316735736","6"
"U0291","0819215635","7"
"U0291","0679442790","9"
"U0291","0811203220","7"
"U0291","1857938011","3"
"U0291","0375751513","5"
"U0291","0807070718","5"
"U0291","067153484X","7"
"U0291","0061050474","6"
"U0291","0836230868","5"
"U0291","037582345X","9"
"U0291","0812923278","5"
"U0291","055356451X","4"
"U0291","1551668785","5"
"U0291","0385327773","5"
"U0291","0670855758","8"
"U0291","0307118703","9"
"U0291","0030096189","8"
"U0291","0380711109","3"
"U0291","0060563079","4"
"U0291","0671504282","7"
"U0291","1886383421","4"
"U0291","3257207522","7"
"U0291","0425142485","8"
"U0291","0451184718","7"
"U0291","0439569842","2"
"U0291","0440120470","7"
"U0291","0743406176","6"
"U0291","3257210450","7"
"U0291","0895872102","5"
"U0291","0140345809","6"
"U0291","0375406328","8"
"U0291","0451525221","5"
"U0291","0151008116","6"
"U0292","0743462335","2"
"U0292","0786890436","10"
"U0292","229000510X","2"
"U0292","0312963009","9"
"U0292","8472224260","6"
"U0292","1400077826","6"
"U0292","1401201172","10"
"U0292","0786913878","6"
"U0292","1562827049","9"
"U0292","0375414746","6"
"U0292","0061080519","2"
"U0292","8477830029","7"
"U0292","0446601640","7"
"U0292","0373123108","7"
"U0292","0312148267","2"
"U0292","0451162072","4"
"U0292","0061009059","8"
"U0292","0312872682","7"
"U0292","0891091963","6"
"U0292","0140293248","2"
"U0292","0871137380","5"
"U0292","0600586898","9"
"U0292","0060558865","9"
"U0292","0895872102","8"
"U0292","0312287240","8"
"U0292","0375500766","6"
"U0292","067153484X","8"
"U0292","0553564528","5"
"U0292","0316969443","9"
"U0292","0380538504","8"
"U0292","0449911004","2"
"U0292","0515118656","3"
"U0292","0345369947","7"
"U0293","0451523318","6"
"U0293","0345430476","9"
"U0293","0679310002","5"
"U0293","0525947647","8"
"U0293","0142001740","5"
"U0293","1579651658","5"
"U0293","0385314019","2"
"U0293","2070384349","2"
"U0293","0670855758","8"
"U0293","0670035262","9"
"U0293","887641486X","4"
"U0293","0380759497","5"
"U0293","0385497466","10"
"U0293","8429734996","4"
"U0293","0440225701","7"
"U0293","0071416331","8"
"U0293","0312995431","6"
"U0293","0451206673","9"
"U0293","0312156960","8"
"U0293","0425164403","9"
"U0293","0375500766","8"
"U0293","0060173289","4"
"U0293","0449006557","5"
"U0293","044022165X","2"
"U0293","0600586898","5"
"U0293","2253005274","9"
"U0293","0812524853","4"
"U0293","042511774X","7"
"U0293","3257208626","7"
"U0293","0553582909","7"
"U0293","0679777431","7"
"U0293","0060934719","5"
"U0293","0786886463","4"
"U0293","0689821166","7"
"U0293","0393318435","7"
"U0293","0385504209","8"
"U0294","0849953014","5"
"U0294","0399135782","2"
"U0294","0749748028","6"
"U0294","0927545373","6"
"U0294","0394559487","8"
"U0294","0395710901","3"
"U0294","0446523992","8"
"U0294","0553582747","8"
"U0294","3426605686","9"
"U0294","0060927240","4"
"U0294","0451188209","6"
"U0294","0962893862","5"
"U0294","0060083298","8"
"U0294","0380978539","4"
"U0294","0816728739","7"
"U0294","0330332775","9"
"U0294","0312963009","2"
"U0294","0060915544","10"
"U0294","0375821813","5"
"U0294","3404118960","7"
"U0294","0380973839","6"
"U0294","0451410556","6"
"U0294","0674511255","3"
"U0294","0345429176","3"
"U0294","0515122408","5"
"U0294","8440616252","3"
"U0294","1879384493","8"
"U0294","0380973545","9"
"U0294","8478098267","7"
"U0294","1563410443","10"
"U0294","2253063339","5"
"U0294","0425156842","9"
"U0294","0553347594","5"
"U0294","0312312628","7"
"U0294","0002740230","3"
"U0294","0897322339","3"
"U0294","0416196772","9"
"U0294","0801096677","8"
"U0294","055321215X","9"
"U0294","8445071769","4"
"U0294","3423241489","4"
"U0294","038081840X","2"
"U0294","0375704965","7"
"U0294","1563892278","6"
"U0294","0140292918","4"
"U0295","8433914545","8"
"U0295","1881320189","8"
"U0295","1567407781","3"
"U0295","8429734996","5"
"U0295","8478097732","7"
"U0295","0771074670","5"
"U0295","0152012966","8"
"U0295","0553574167","3"
"U0295","0671047612","7"
"U0295","0060932759","7"
"U0295","055356451X","4"
"U0295","0892967994","8"
"U0295","0140620427","8"
"U0295","0679751343","4"
"U0295","0440120470","7"
"U0295","039304016X","2"
"U0295","0590225170","5"
"U0295","0394578791","6"
"U0295","0061000280","7"
"U0295","0440226694","2"
"U0295","0026329859","7"
"U0295","0451456548","8"
"U0295","0452277337","3"
"U0295","0553280589","4"
"U0295","0451452755","5"
"U0296","0880011025","5"
"U0296","0380732688","7"
"U0296","0380973839","9"
"U0296","074345829X","8"
"U0296","038572179X","4"
"U0296","1900850303","3"
"U0296","0140021566","8"
"U0296","0571209521","7"
"U0296","0743418190","9"
"U0296","0689821166","6"
"U0296","0198604025","2"
"U0296","0590418858","4"
"U0296","1857938011","7"
"U0296","0140065172","5"
"U0296","0375801677","5"
"U0296","3404118960","8"
"U0296","0380820447","2"
"U0296","0451406923","7"
"U0296","2253004022","9"
"U0296","0312287240","3"
"U0296","1567407781","4"
"U0296","0374157065","8"
"U0296","0553272837","5"
"U0296","0020437501","8"
"U0296","0312995423","8"
"U0296","0440224675","5"
"U0296","0435272683","6"
"U0296","0451523415","3"
"U0296","0373245580","7"
"U0296","0030096189","8"
"U0296","0670856045","7"
"U0296","1414035004","10"
"U0296","0312890044","5"
"U0296","0380792664","5"
"U0296","0671888587","6"
"U0296","0425098109","9"
"U0296","0553579681","4"
"U0296","0743458303","7"
"U0296","0945586051","7"
"U0296","8472238822","8"
"U0296","0452277337","3"
"U0296","1573229571","2"
"U0296","0380704587","5"
"U0296","0061080519","2"
"U0296","0670035262","8"
"U0296","0345353625","4"
"U0296","0380715899","7"
"U0296","0684177730","7"
"U0296","0060929790","7"
"U0296","0440222303","5"
"U0296","0446300101","7"
"U0296","0516076272","8"
"U0296","044023722X","7"
"U0296","8483002523","3"
"U0297","0380717018","2"
"U0297","0515122408","5"
"U0297","080652121X","9"
"U0297","081296666X","3"
"U0297","0671867156","2"
"U0297","0345348036","7"
"U0297","1414035004","5"
"U0297","887641486X","10"
"U0297","0743206053","6"
"U0297","3442353866","7"
"U0297","0671021745","7"
"U0297","0440224675","4"
"U0297","0345297709","4"
"U0297","0553278223","3"
"U0297","3442724686","4"
"U0297","0375410538","9"
"U0297","0786889705","8"
"U0297","0061099325","5"
"U0297","0449245691","6"
"U0297","3257208634","6"
"U0297","0140252800","8"
"U0297","0870441663","4"
"U0297","0312288115","8"
"U0297","0399147012","6"
"U0297","0060192631","8"
"U0297","0375814248","8"
"U0297","0439221714","6"
"U0297","039304016X","4"
"U0297","0380732688","3"
"U0297","0062517856","5"
"U0297","0312890044","10"
"U0297","0609804618","2"
"U0297","0375801677","10"
"U0297","0030096189","4"
"U0297","0061040967","5"
"U0297","0927545373","5"
"U0297","8483002523","10"
"U0297","0374270325","7"
"U0297","0451527747","8"
"U0298","0812541642","6"
"U0298","0394820371","6"
"U0298","0679751343","6"
"U0298","0152162445","4"
"U0298","0030096189","6"
"U0298","0449134482","7"
"U0298","185479549X","7"
"U0298","0679450432","5"
"U0298","0312890044","7"
"U0298","0765341972","3"
"U0298","0449211770","3"
"U0298","0891091963","6"
"U0298","0312156960","3"
"U0298","0786886463","8"
"U0298","1575843366","5"
"U0298","0486285529","8"
"U0298","8472238822","5"
"U0298","0743444167","6"
"U0298","080213825X","5"
"U0298","0060977477","8"
"U0298","039457513X","7"
"U0298","0743418190","5"
"U0298","0446300101","8"
"U0298","044022165X","10"
"U0298","0399147012","5"
"U0298","0515134368","6"
"U0298","0312988699","8"
"U0298","0747549923","4"
"U0298","0142000205","5"
"U0298","0671870432","3"
"U0298","0312261594","10"
"U0298","0061096091","5"
"U0298","0375759778","8"
"U0298","0140253580","5"
"U0298","038549825X","3"
"U0298","0553258524","2"
"U0298","0385416342","7"
"U0298","0439221706","9"
"U0298","1862047626","8"
"U0298","0345435869","6"
"U0298","2290314951","5"
"U0298","0373245580","2"
"U0298","3404118960","2"
"U0298","0307001164","8"
"U0298","080521061X","7"
"U0298","3423241489","3"
"U0298","0590598848","4"
"U0298","0061009059","8"
"U0298","0446612618","7"
"U0298","042511774X","4"
"U0298","2266029460","3"
"U0298","1853262404","10"
"U0298","0060977493","2"
"U0298","0373484100","8"
"U0299","0451526341","8"
"U0299","1405200677","6"
"U0299","0060192631","7"
"U0299","0373245580","2"
"U0299","084994371X","10"
"U0299","0515134368","5"
"U0299","0689821166","7"
"U0299","0345311396","8"
"U0299","0425156842","7"
"U0299","0312282990","8"
"U0299","0425179672","4"
"U0299","0553101439","7"
"U0299","1567920047","9"
"U0299","2253043974","7"
"U0299","052594463X","7"
"U0299","0452283914","3"
"U0299","0330332775","6"
"U0299","0743201078","5"
"U0299","0394895894","9"
"U0299","0684193957","9"
"U0299","0842336214","7"
"U0299","0399147012","9"
"U0299","1573229148","4"
"U0299","037582345X","7"
"U0299","0375704965","8"
"U0299","0345313097","5"
"U0299","0743458303","5"
"U0299","0449907481","8"
"U0299","0870441663","6"
"U0299","0670892963","7"
"U0299","0679751343","5"
"U0299","156341029X","8"
"U0299","1414035004","9"
"U0299","006052779X","7"
"U0299","0020437501","8"
"U0299","3499222604","7"
"U0299","0345354931","7"
"U0299","0316693200","10"
"U0299","1575843366","6"
"U0299","0449911683","2"
"U0299","1877727083","9"
"U0299","0671694049","4"
"U0299","0375500766","5"
"U0299","1558531025","9"
"U0299","8472227421","2"
"U0299","0451181379","6"
"U0299","1928791107","7"
"U0299","0385424728","8"
"U0300","0767903285","5"
"U0300","0156013967","7"
"U0300","0449911683","6"
"U0300","0060575808","3"
"U0300","2290314951","7"
"U0300","0373871562","10"
"U0300","0064470113","4"
"U0300","0345404793","3"
"U0300","039304016X","6"
"U0300","0446310786","4"
"U0300","0688169678","7"
"U0300","8475960936","4"
"U0300","2020315491","6"
"U0300","0872200760","5"
"U0300","0803233019","9"
"U0300","0375501347","4"
"U0300","0380538504","3"
"U0300","8429736131","6"
"U0300","0195086295","6"
"U0300","0330484516","3"
"U0300","8807120194","6"
"U0300","0671864769","2"
"U0300","0385313748","7"
"U0300","0345416848","6"
"U0300","0425166619","3"
"U0300","0440226694","6"
"U0300","0140620427","4"
"U0300","0071416331","7"
"U0300","0312953453","7"
"U0300","3442446937","6"
"U0300","0425169626","5"
"U0300","0385730586","6"
"U0300","0671623249","8"
"U0300","0399148582","7"
"U0300","0553210092","5"
"U0300","0007100221","6"
"U0300","0394551427","9"
"U0300","0849916399","6"
"U0300","0381999866","8"
"U0300","0679423079","9"
"U0300","0380732335","4"
"U0300","0451185277","7"
